2026-08-11 09:22:26,478 | INFO | Login successful
2026-08-11 09:22:28,239 | INFO | ML model trained successfully
2026-08-11 09:22:36,685 | INFO | Fetched 0 NSE stocks
2026-08-11 09:22:50,207 | INFO | Fetched 0 NSE stocks
2026-08-11 09:23:04,010 | INFO | Fetched 0 NSE stocks
2026-08-11 09:23:24,511 | INFO | Fetched 0 NSE stocks
2026-08-11 09:23:38,195 | INFO | Fetched 0 NSE stocks
2026-08-11 09:23:52,965 | INFO | Fetched 0 NSE stocks
2026-08-11 09:24:09,314 | INFO | Fetched 0 NSE stocks
2026-08-11 09:24:21,748 | INFO | Fetched 0 NSE stocks
2026-08-11 09:24:33,978 | INFO | Fetched 0 NSE stocks
2026-08-11 09:24:45,624 | INFO | Fetched 0 NSE stocks
2026-08-11 09:25:06,248 | INFO | Fetched 0 NSE stocks
2026-08-11 09:25:18,704 | INFO | Fetched 0 NSE stocks
2026-08-11 09:25:30,372 | INFO | Fetched 0 NSE stocks
2026-08-11 09:25:47,318 | INFO | Fetched 0 NSE stocks
2026-08-11 09:26:00,421 | INFO | Fetched 0 NSE stocks
2026-08-11 09:26:16,370 | INFO | Fetched 0 NSE stocks
2026-08-11 09:26:36,677 | INFO | Fetched 0 NSE stocks
2026-08-11 09:26:51,264 | INFO | Fetched 0 NSE stocks
2026-08-11 09:27:06,779 | INFO | Fetched 0 NSE stocks
2026-08-11 09:27:27,125 | INFO | Login successful
2026-08-11 09:27:28,904 | INFO | ML model trained successfully
2026-08-11 09:27:42,375 | INFO | Fetched 0 NSE stocks
2026-08-11 09:27:56,353 | INFO | Fetched 0 NSE stocks
2026-08-11 09:28:10,070 | INFO | Fetched 0 NSE stocks
2026-08-11 09:28:27,770 | INFO | Fetched 0 NSE stocks
2026-08-11 09:28:40,623 | INFO | Fetched 0 NSE stocks
2026-08-11 09:28:53,330 | INFO | Fetched 0 NSE stocks
2026-08-11 09:29:07,418 | INFO | Fetched 0 NSE stocks
2026-08-11 09:29:20,182 | INFO | Fetched 0 NSE stocks
2026-08-11 09:29:32,994 | INFO | Fetched 0 NSE stocks
2026-08-11 09:29:48,994 | INFO | Fetched 0 NSE stocks
2026-08-11 09:30:02,123 | INFO | Fetched 0 NSE stocks
2026-08-11 09:30:16,193 | INFO | Fetched 0 NSE stocks
2026-08-11 09:30:30,454 | INFO | Fetched 0 NSE stocks
2026-08-11 09:30:44,459 | INFO | Fetched 0 NSE stocks
2026-08-11 09:30:58,586 | INFO | Fetched 0 NSE stocks
2026-08-11 09:39:51,519 | INFO | Login successful
2026-08-11 09:39:53,280 | INFO | ML model trained successfully
2026-08-11 09:40:02,374 | INFO | Fetched 4 NSE stocks
2026-08-11 09:40:19,815 | INFO | Fetched 4 NSE stocks
2026-08-11 09:40:37,081 | INFO | Fetched 4 NSE stocks
2026-08-11 09:40:53,160 | INFO | Fetched 4 NSE stocks
2026-08-11 09:41:11,730 | INFO | Fetched 4 NSE stocks
2026-08-11 09:41:30,319 | INFO | Fetched 4 NSE stocks
2026-08-11 09:41:51,056 | INFO | Fetched 4 NSE stocks
2026-08-11 09:42:29,014 | INFO | Fetched 4 NSE stocks
2026-08-11 09:42:53,697 | INFO | Fetched 4 NSE stocks
2026-08-11 09:43:14,430 | INFO | Fetched 4 NSE stocks
2026-08-11 09:43:36,808 | INFO | Fetched 4 NSE stocks
2026-08-11 09:44:11,651 | INFO | Fetched 4 NSE stocks
2026-08-11 09:44:45,032 | INFO | Fetched 4 NSE stocks
2026-08-11 09:45:09,161 | INFO | Fetched 4 NSE stocks
2026-08-11 09:45:33,251 | INFO | Fetched 4 NSE stocks
2026-08-11 09:45:56,657 | INFO | Fetched 4 NSE stocks
2026-08-11 09:46:11,937 | INFO | Fetched 4 NSE stocks
2026-08-11 09:46:27,466 | INFO | Fetched 4 NSE stocks
2026-08-11 09:46:44,264 | INFO | Fetched 4 NSE stocks
2026-08-11 09:46:58,654 | INFO | Fetched 4 NSE stocks
2026-08-11 09:47:13,939 | INFO | Fetched 4 NSE stocks
2026-08-11 09:47:29,771 | INFO | Fetched 4 NSE stocks
2026-08-11 09:47:44,411 | INFO | Fetched 4 NSE stocks
2026-08-11 09:48:00,278 | INFO | Fetched 4 NSE stocks
2026-08-11 09:48:17,276 | INFO | Fetched 4 NSE stocks
2026-08-11 09:48:33,307 | INFO | Fetched 4 NSE stocks
2026-08-11 09:48:47,848 | INFO | Fetched 4 NSE stocks
2026-08-11 09:49:08,783 | INFO | Fetched 4 NSE stocks
2026-08-11 09:49:23,318 | INFO | Fetched 4 NSE stocks
2026-08-11 09:49:38,997 | INFO | Fetched 4 NSE stocks
2026-08-11 09:49:55,844 | INFO | Fetched 4 NSE stocks
2026-08-11 09:50:13,313 | INFO | Fetched 4 NSE stocks
2026-08-11 09:50:21,477 | ERROR | Error getting LTP for NIFTY: HTTPSConnectionPool(host='apiconnect.angelone.in', port=443): Read timed out. (read timeout=7)
2026-08-11 09:50:40,085 | INFO | Fetched 4 NSE stocks
2026-08-11 09:50:59,704 | INFO | Fetched 4 NSE stocks
2026-08-11 09:51:22,775 | INFO | Fetched 4 NSE stocks
2026-08-11 09:51:48,752 | INFO | Fetched 4 NSE stocks
2026-08-11 09:52:06,964 | INFO | Fetched 4 NSE stocks
2026-08-11 09:52:25,902 | INFO | Fetched 4 NSE stocks
2026-08-11 09:52:47,885 | INFO | Fetched 4 NSE stocks
2026-08-11 09:53:08,082 | INFO | Fetched 4 NSE stocks
2026-08-11 09:53:23,396 | INFO | Fetched 4 NSE stocks
2026-08-11 09:53:39,153 | INFO | Fetched 4 NSE stocks
2026-08-11 09:53:52,394 | INFO | Fetched 4 NSE stocks
2026-08-11 09:54:05,829 | INFO | Fetched 4 NSE stocks
2026-08-11 09:54:24,962 | INFO | Fetched 4 NSE stocks
2026-08-11 09:54:38,843 | INFO | Fetched 4 NSE stocks
2026-08-11 09:55:01,740 | INFO | Fetched 4 NSE stocks
2026-08-11 09:55:30,156 | INFO | Fetched 4 NSE stocks
2026-08-11 09:55:56,780 | INFO | Fetched 4 NSE stocks
2026-08-11 09:56:11,945 | INFO | Fetched 4 NSE stocks
2026-08-11 09:56:26,605 | INFO | Fetched 4 NSE stocks
2026-08-11 09:56:41,279 | INFO | Fetched 4 NSE stocks
2026-08-11 09:56:54,485 | INFO | Fetched 4 NSE stocks
2026-08-11 09:57:10,424 | INFO | Fetched 4 NSE stocks
2026-08-11 09:57:25,259 | INFO | Fetched 4 NSE stocks
2026-08-11 09:57:42,249 | INFO | Fetched 4 NSE stocks
2026-08-11 09:57:56,461 | INFO | Fetched 4 NSE stocks
2026-08-11 09:58:20,147 | INFO | Fetched 4 NSE stocks
2026-08-11 09:58:42,768 | INFO | Fetched 4 NSE stocks
2026-08-11 09:58:56,422 | INFO | Fetched 4 NSE stocks
2026-08-11 09:59:12,468 | INFO | Fetched 4 NSE stocks
2026-08-11 09:59:32,952 | INFO | Fetched 4 NSE stocks
2026-08-11 09:59:52,457 | INFO | Fetched 4 NSE stocks
2026-08-11 10:00:06,872 | INFO | Fetched 4 NSE stocks
2026-08-11 10:00:22,319 | INFO | Fetched 4 NSE stocks
2026-08-11 10:00:37,610 | INFO | Fetched 4 NSE stocks
2026-08-11 10:00:51,229 | INFO | Fetched 4 NSE stocks
2026-08-11 10:01:08,886 | INFO | Fetched 4 NSE stocks
2026-08-11 10:01:24,022 | INFO | Fetched 4 NSE stocks
2026-08-11 10:01:40,440 | INFO | Fetched 4 NSE stocks
2026-08-11 10:01:54,598 | INFO | Fetched 4 NSE stocks
2026-08-11 10:02:10,368 | INFO | Fetched 4 NSE stocks
2026-08-11 10:02:29,051 | INFO | Fetched 4 NSE stocks
2026-08-11 10:02:43,175 | INFO | Fetched 4 NSE stocks
2026-08-11 10:03:05,294 | INFO | Fetched 4 NSE stocks
2026-08-11 10:03:21,356 | INFO | Fetched 4 NSE stocks
2026-08-11 10:03:36,530 | INFO | Fetched 4 NSE stocks
2026-08-11 10:04:00,465 | INFO | Fetched 4 NSE stocks
2026-08-11 10:04:16,510 | INFO | Fetched 4 NSE stocks
2026-08-11 10:04:29,649 | INFO | Fetched 4 NSE stocks
2026-08-11 10:04:50,801 | INFO | Fetched 4 NSE stocks
2026-08-11 10:05:12,554 | INFO | Fetched 4 NSE stocks
2026-08-11 10:05:27,884 | INFO | Fetched 4 NSE stocks
2026-08-11 10:05:41,897 | INFO | Fetched 4 NSE stocks
2026-08-11 10:06:12,688 | INFO | Fetched 4 NSE stocks
2026-08-11 10:06:46,569 | INFO | Fetched 4 NSE stocks
2026-08-11 10:07:01,704 | INFO | Fetched 4 NSE stocks
2026-08-11 10:07:18,250 | INFO | Fetched 4 NSE stocks
2026-08-11 10:07:32,650 | INFO | Fetched 4 NSE stocks
2026-08-11 10:07:50,767 | INFO | Fetched 4 NSE stocks
2026-08-11 10:08:10,245 | INFO | Fetched 4 NSE stocks
2026-08-11 10:08:25,234 | INFO | Fetched 4 NSE stocks
2026-08-11 10:08:42,468 | INFO | Fetched 4 NSE stocks
2026-08-11 10:08:58,636 | INFO | Fetched 4 NSE stocks
2026-08-11 10:09:24,221 | INFO | Fetched 4 NSE stocks
2026-08-11 10:09:39,271 | INFO | Fetched 4 NSE stocks
2026-08-11 10:09:57,191 | INFO | Fetched 4 NSE stocks
2026-08-11 10:10:13,008 | INFO | Fetched 4 NSE stocks
2026-08-11 10:10:31,110 | INFO | Fetched 4 NSE stocks
2026-08-11 10:10:45,639 | INFO | Fetched 4 NSE stocks
2026-08-11 10:11:06,347 | INFO | Fetched 4 NSE stocks
2026-08-11 10:11:20,432 | INFO | Fetched 4 NSE stocks
2026-08-11 10:11:33,069 | INFO | Fetched 4 NSE stocks
2026-08-11 10:11:51,785 | INFO | Fetched 4 NSE stocks
2026-08-11 10:12:07,634 | INFO | Fetched 4 NSE stocks
2026-08-11 10:12:23,699 | INFO | Fetched 4 NSE stocks
2026-08-11 10:12:38,020 | INFO | Fetched 4 NSE stocks
2026-08-11 10:12:53,978 | INFO | Fetched 4 NSE stocks
2026-08-11 10:13:10,562 | INFO | Fetched 4 NSE stocks
2026-08-11 10:13:31,639 | INFO | Fetched 4 NSE stocks
2026-08-11 10:13:47,203 | INFO | Fetched 4 NSE stocks
2026-08-11 10:14:00,986 | INFO | Fetched 4 NSE stocks
2026-08-11 10:14:20,188 | INFO | Fetched 4 NSE stocks
2026-08-11 10:14:34,424 | INFO | Fetched 4 NSE stocks
2026-08-11 10:14:48,877 | INFO | Fetched 4 NSE stocks
2026-08-11 10:15:03,086 | INFO | Fetched 4 NSE stocks
2026-08-11 10:15:17,503 | INFO | Fetched 4 NSE stocks
2026-08-11 10:15:32,982 | INFO | Fetched 4 NSE stocks
2026-08-11 10:15:48,731 | INFO | Fetched 4 NSE stocks
2026-08-11 10:22:56,036 | INFO | Fetched 4 NSE stocks
2026-08-11 10:23:17,179 | INFO | Fetched 4 NSE stocks
2026-08-11 10:23:34,167 | INFO | Fetched 4 NSE stocks
2026-08-11 10:23:49,496 | INFO | Fetched 4 NSE stocks
2026-08-11 10:24:05,300 | INFO | Fetched 4 NSE stocks
2026-08-11 10:24:20,199 | INFO | Fetched 4 NSE stocks
2026-08-11 10:25:10,948 | INFO | Login successful
2026-08-11 10:25:12,603 | INFO | ML model trained successfully
2026-08-11 10:25:19,353 | INFO | Fetched 4 NSE stocks
2026-08-11 10:25:34,345 | INFO | Fetched 4 NSE stocks
2026-08-11 10:25:48,601 | INFO | Fetched 4 NSE stocks
2026-08-11 10:26:02,000 | INFO | Fetched 4 NSE stocks
2026-08-11 10:26:16,901 | INFO | Fetched 4 NSE stocks
2026-08-11 10:26:30,153 | INFO | Fetched 4 NSE stocks
2026-08-11 10:26:49,106 | INFO | Fetched 4 NSE stocks
2026-08-11 10:27:10,503 | INFO | Fetched 4 NSE stocks
2026-08-11 10:28:58,230 | INFO | Fetched 4 NSE stocks
2026-08-11 10:29:13,813 | INFO | Fetched 4 NSE stocks
2026-08-11 10:32:18,130 | INFO | Login successful
2026-08-11 10:32:20,035 | INFO | ML model trained successfully
2026-08-11 10:32:28,322 | INFO | Fetched 2485 NSE stocks
2026-08-11 10:32:30,330 | ERROR | Error getting depth for SHAREINDIA-EQ: 'SmartConnect' object has no attribute 'marketData'
2026-08-11 10:32:31,576 | ERROR | Error getting depth for MUTHOOTCAP-EQ: 'SmartConnect' object has no attribute 'marketData'
2026-08-11 10:32:32,246 | ERROR | Error getting depth for NAVKARCORP-EQ: 'SmartConnect' object has no attribute 'marketData'
2026-08-11 10:32:32,883 | ERROR | Error getting depth for MOM30IETF-EQ: 'SmartConnect' object has no attribute 'marketData'
2026-08-11 10:32:33,510 | ERROR | Error getting depth for UNIONBANK-EQ: 'SmartConnect' object has no attribute 'marketData'
2026-08-11 10:32:34,158 | ERROR | Error getting depth for MOQUALITY-EQ: 'SmartConnect' object has no attribute 'marketData'
2026-08-11 10:32:34,776 | ERROR | Error getting depth for DBOL-EQ: 'SmartConnect' object has no attribute 'marketData'
2026-08-11 10:32:36,756 | ERROR | Error getting depth for UNIENTER-EQ: 'SmartConnect' object has no attribute 'marketData'
2026-08-11 10:32:38,112 | ERROR | Error getting depth for MAHABANK-EQ: 'SmartConnect' object has no attribute 'marketData'
2026-08-11 10:32:38,815 | ERROR | Error getting depth for GICHSGFIN-EQ: 'SmartConnect' object has no attribute 'marketData'
2026-08-11 10:32:40,872 | ERROR | Error getting depth for TEXINFRA-EQ: 'SmartConnect' object has no attribute 'marketData'
2026-08-11 10:32:44,452 | ERROR | Error getting depth for EVEREADY-EQ: 'SmartConnect' object has no attribute 'marketData'
2026-08-11 10:32:45,080 | ERROR | Error getting depth for HPIL-EQ: 'SmartConnect' object has no attribute 'marketData'
2026-08-11 10:32:46,409 | ERROR | Error getting depth for SUKHJITS-EQ: 'SmartConnect' object has no attribute 'marketData'
2026-08-11 10:32:47,077 | ERROR | Error getting depth for SSWL-EQ: 'SmartConnect' object has no attribute 'marketData'
2026-08-11 10:32:50,304 | ERROR | Error getting depth for MBAPL-EQ: 'SmartConnect' object has no attribute 'marketData'
2026-08-11 10:32:50,950 | ERROR | Error getting depth for DJML-EQ: 'SmartConnect' object has no attribute 'marketData'
2026-08-11 10:32:52,294 | ERROR | Error getting depth for UFLEX-EQ: 'SmartConnect' object has no attribute 'marketData'
2026-08-11 10:32:52,925 | ERROR | Error getting depth for MOHEALTH-EQ: 'SmartConnect' object has no attribute 'marketData'
2026-08-11 10:32:53,569 | ERROR | Error getting depth for LOYALTEX-EQ: 'SmartConnect' object has no attribute 'marketData'
2026-08-11 10:32:54,226 | ERROR | Error getting depth for GUJENERGY-EQ: 'SmartConnect' object has no attribute 'marketData'
2026-08-11 10:32:56,258 | ERROR | Error getting depth for SIRCA-EQ: 'SmartConnect' object has no attribute 'marketData'
2026-08-11 10:32:57,593 | ERROR | Error getting depth for TVSELECT-EQ: 'SmartConnect' object has no attribute 'marketData'
2026-08-11 10:32:58,261 | ERROR | Error getting depth for TIPSFILMS-EQ: 'SmartConnect' object has no attribute 'marketData'
2026-08-11 10:33:01,564 | ERROR | Error getting depth for PPLPHARMA-EQ: 'SmartConnect' object has no attribute 'marketData'
2026-08-11 10:33:02,232 | ERROR | Error getting depth for DWARKESH-EQ: 'SmartConnect' object has no attribute 'marketData'
2026-08-11 10:33:05,178 | ERROR | Error getting depth for PRIMESECU-EQ: 'SmartConnect' object has no attribute 'marketData'
2026-08-11 10:33:05,854 | ERROR | Error getting depth for RUSTOMJEE-EQ: 'SmartConnect' object has no attribute 'marketData'
2026-08-11 10:33:06,517 | ERROR | Error getting depth for AAATECH-EQ: 'SmartConnect' object has no attribute 'marketData'
2026-08-11 10:33:08,512 | ERROR | Error getting depth for ENIL-EQ: 'SmartConnect' object has no attribute 'marketData'
2026-08-11 10:33:09,290 | ERROR | Error getting depth for BLKASHYAP-EQ: 'SmartConnect' object has no attribute 'marketData'
2026-08-11 10:33:10,116 | ERROR | Error getting depth for NITCO-EQ: 'SmartConnect' object has no attribute 'marketData'
2026-08-11 10:33:11,490 | ERROR | Error getting depth for GMRAIRPORT-EQ: 'SmartConnect' object has no attribute 'marketData'
2026-08-11 10:33:12,437 | ERROR | Error getting depth for HINDCOMPOS-EQ: 'SmartConnect' object has no attribute 'marketData'
2026-08-11 10:33:14,569 | ERROR | Error getting depth for CREST-EQ: 'SmartConnect' object has no attribute 'marketData'
2026-08-11 10:33:16,633 | ERROR | Error getting depth for DHARMAJ-EQ: 'SmartConnect' object has no attribute 'marketData'
2026-08-11 10:33:18,114 | ERROR | Error getting depth for NAHARINDUS-EQ: 'SmartConnect' object has no attribute 'marketData'
2026-08-11 10:33:18,789 | ERROR | Error getting depth for COMMOIETF-EQ: 'SmartConnect' object has no attribute 'marketData'
2026-08-11 10:33:21,671 | ERROR | Error getting depth for ELIN-EQ: 'SmartConnect' object has no attribute 'marketData'
2026-08-11 10:33:27,163 | ERROR | Error getting depth for GLOBAL-EQ: 'SmartConnect' object has no attribute 'marketData'
2026-08-11 10:33:31,027 | ERROR | Error getting depth for ORIENTBELL-EQ: 'SmartConnect' object has no attribute 'marketData'
2026-08-11 10:33:33,162 | ERROR | Error getting depth for 021NSETEST-EQ: 'SmartConnect' object has no attribute 'marketData'
2026-08-11 10:33:33,824 | ERROR | Error getting depth for 061NSETEST-EQ: 'SmartConnect' object has no attribute 'marketData'
2026-08-11 10:33:34,638 | ERROR | Error getting depth for 161NSETEST-EQ: 'SmartConnect' object has no attribute 'marketData'
2026-08-11 10:33:35,370 | ERROR | Error getting depth for SPARC-EQ: 'SmartConnect' object has no attribute 'marketData'
2026-08-11 10:33:36,120 | ERROR | Error getting depth for ALPA-EQ: 'SmartConnect' object has no attribute 'marketData'
2026-08-11 10:33:37,453 | ERROR | Error getting depth for ASIANTILES-EQ: 'SmartConnect' object has no attribute 'marketData'
2026-08-11 10:33:51,194 | INFO | Fetched 2485 NSE stocks
2026-08-11 10:33:53,349 | ERROR | Error getting depth for SHAREINDIA-EQ: 'SmartConnect' object has no attribute 'marketData'
2026-08-11 10:33:54,837 | ERROR | Error getting depth for MUTHOOTCAP-EQ: 'SmartConnect' object has no attribute 'marketData'
2026-08-11 10:33:55,484 | ERROR | Error getting depth for NAVKARCORP-EQ: 'SmartConnect' object has no attribute 'marketData'
2026-08-11 10:33:56,132 | ERROR | Error getting depth for MOM30IETF-EQ: 'SmartConnect' object has no attribute 'marketData'
2026-08-11 10:33:56,753 | ERROR | Error getting depth for UNIONBANK-EQ: 'SmartConnect' object has no attribute 'marketData'
2026-08-11 10:33:57,396 | ERROR | Error getting depth for MOQUALITY-EQ: 'SmartConnect' object has no attribute 'marketData'
2026-08-11 10:33:58,059 | ERROR | Error getting depth for DBOL-EQ: 'SmartConnect' object has no attribute 'marketData'
2026-08-11 10:34:00,063 | ERROR | Error getting depth for UNIENTER-EQ: 'SmartConnect' object has no attribute 'marketData'
2026-08-11 10:34:01,409 | ERROR | Error getting depth for MAHABANK-EQ: 'SmartConnect' object has no attribute 'marketData'
2026-08-11 10:34:02,071 | ERROR | Error getting depth for GICHSGFIN-EQ: 'SmartConnect' object has no attribute 'marketData'
2026-08-11 10:34:03,955 | ERROR | Error getting depth for TEXINFRA-EQ: 'SmartConnect' object has no attribute 'marketData'
2026-08-11 10:34:07,583 | ERROR | Error getting depth for EVEREADY-EQ: 'SmartConnect' object has no attribute 'marketData'
2026-08-11 10:34:08,227 | ERROR | Error getting depth for HPIL-EQ: 'SmartConnect' object has no attribute 'marketData'
2026-08-11 10:34:09,495 | ERROR | Error getting depth for SUKHJITS-EQ: 'SmartConnect' object has no attribute 'marketData'
2026-08-11 10:34:10,162 | ERROR | Error getting depth for SSWL-EQ: 'SmartConnect' object has no attribute 'marketData'
2026-08-11 10:34:13,563 | ERROR | Error getting depth for MBAPL-EQ: 'SmartConnect' object has no attribute 'marketData'
2026-08-11 10:34:14,215 | ERROR | Error getting depth for DJML-EQ: 'SmartConnect' object has no attribute 'marketData'
2026-08-11 10:34:15,643 | ERROR | Error getting depth for UFLEX-EQ: 'SmartConnect' object has no attribute 'marketData'
2026-08-11 10:34:16,301 | ERROR | Error getting depth for MOHEALTH-EQ: 'SmartConnect' object has no attribute 'marketData'
2026-08-11 10:34:16,950 | ERROR | Error getting depth for LOYALTEX-EQ: 'SmartConnect' object has no attribute 'marketData'
2026-08-11 10:34:17,648 | ERROR | Error getting depth for GUJENERGY-EQ: 'SmartConnect' object has no attribute 'marketData'
2026-08-11 10:34:19,684 | ERROR | Error getting depth for SIRCA-EQ: 'SmartConnect' object has no attribute 'marketData'
2026-08-11 10:34:21,641 | ERROR | Error getting depth for TVSELECT-EQ: 'SmartConnect' object has no attribute 'marketData'
2026-08-11 10:34:22,286 | ERROR | Error getting depth for TIPSFILMS-EQ: 'SmartConnect' object has no attribute 'marketData'
2026-08-11 10:34:25,564 | ERROR | Error getting depth for PPLPHARMA-EQ: 'SmartConnect' object has no attribute 'marketData'
2026-08-11 10:34:26,204 | ERROR | Error getting depth for DWARKESH-EQ: 'SmartConnect' object has no attribute 'marketData'
2026-08-11 10:34:28,798 | ERROR | Error getting depth for PRIMESECU-EQ: 'SmartConnect' object has no attribute 'marketData'
2026-08-11 10:34:29,489 | ERROR | Error getting depth for RUSTOMJEE-EQ: 'SmartConnect' object has no attribute 'marketData'
2026-08-11 10:34:30,132 | ERROR | Error getting depth for AAATECH-EQ: 'SmartConnect' object has no attribute 'marketData'
2026-08-11 10:34:32,177 | ERROR | Error getting depth for ENIL-EQ: 'SmartConnect' object has no attribute 'marketData'
2026-08-11 10:34:32,824 | ERROR | Error getting depth for BLKASHYAP-EQ: 'SmartConnect' object has no attribute 'marketData'
2026-08-11 10:34:33,474 | ERROR | Error getting depth for NITCO-EQ: 'SmartConnect' object has no attribute 'marketData'
2026-08-11 10:34:34,839 | ERROR | Error getting depth for GMRAIRPORT-EQ: 'SmartConnect' object has no attribute 'marketData'
2026-08-11 10:34:35,492 | ERROR | Error getting depth for HINDCOMPOS-EQ: 'SmartConnect' object has no attribute 'marketData'
2026-08-11 10:34:37,464 | ERROR | Error getting depth for CREST-EQ: 'SmartConnect' object has no attribute 'marketData'
2026-08-11 10:34:39,447 | ERROR | Error getting depth for DHARMAJ-EQ: 'SmartConnect' object has no attribute 'marketData'
2026-08-11 10:34:40,805 | ERROR | Error getting depth for NAHARINDUS-EQ: 'SmartConnect' object has no attribute 'marketData'
2026-08-11 10:34:41,449 | ERROR | Error getting depth for COMMOIETF-EQ: 'SmartConnect' object has no attribute 'marketData'
2026-08-11 10:34:44,039 | ERROR | Error getting depth for ELIN-EQ: 'SmartConnect' object has no attribute 'marketData'
2026-08-11 10:34:49,324 | ERROR | Error getting depth for GLOBAL-EQ: 'SmartConnect' object has no attribute 'marketData'
2026-08-11 10:34:53,394 | ERROR | Error getting depth for ORIENTBELL-EQ: 'SmartConnect' object has no attribute 'marketData'
2026-08-11 10:34:56,060 | ERROR | Error getting depth for 021NSETEST-EQ: 'SmartConnect' object has no attribute 'marketData'
2026-08-11 10:34:56,763 | ERROR | Error getting depth for 061NSETEST-EQ: 'SmartConnect' object has no attribute 'marketData'
2026-08-11 10:34:57,400 | ERROR | Error getting depth for 161NSETEST-EQ: 'SmartConnect' object has no attribute 'marketData'
2026-08-11 10:34:58,055 | ERROR | Error getting depth for SPARC-EQ: 'SmartConnect' object has no attribute 'marketData'
2026-08-11 10:34:58,699 | ERROR | Error getting depth for ALPA-EQ: 'SmartConnect' object has no attribute 'marketData'
2026-08-11 10:35:00,056 | ERROR | Error getting depth for ASIANTILES-EQ: 'SmartConnect' object has no attribute 'marketData'
2026-08-11 10:35:17,219 | INFO | Fetched 2485 NSE stocks
2026-08-11 10:35:19,211 | ERROR | Error getting depth for SHAREINDIA-EQ: 'SmartConnect' object has no attribute 'marketData'
2026-08-11 10:35:20,546 | ERROR | Error getting depth for MUTHOOTCAP-EQ: 'SmartConnect' object has no attribute 'marketData'
2026-08-11 10:35:21,243 | ERROR | Error getting depth for NAVKARCORP-EQ: 'SmartConnect' object has no attribute 'marketData'
2026-08-11 10:35:21,915 | ERROR | Error getting depth for MOM30IETF-EQ: 'SmartConnect' object has no attribute 'marketData'
2026-08-11 10:35:22,568 | ERROR | Error getting depth for UNIONBANK-EQ: 'SmartConnect' object has no attribute 'marketData'
2026-08-11 10:35:23,259 | ERROR | Error getting depth for MOQUALITY-EQ: 'SmartConnect' object has no attribute 'marketData'
2026-08-11 10:35:23,892 | ERROR | Error getting depth for DBOL-EQ: 'SmartConnect' object has no attribute 'marketData'
2026-08-11 10:35:25,906 | ERROR | Error getting depth for UNIENTER-EQ: 'SmartConnect' object has no attribute 'marketData'
2026-08-11 10:35:27,293 | ERROR | Error getting depth for MAHABANK-EQ: 'SmartConnect' object has no attribute 'marketData'
2026-08-11 10:35:27,957 | ERROR | Error getting depth for GICHSGFIN-EQ: 'SmartConnect' object has no attribute 'marketData'
2026-08-11 10:35:29,987 | ERROR | Error getting depth for TEXINFRA-EQ: 'SmartConnect' object has no attribute 'marketData'
2026-08-11 10:35:33,639 | ERROR | Error getting depth for EVEREADY-EQ: 'SmartConnect' object has no attribute 'marketData'
2026-08-11 10:35:34,300 | ERROR | Error getting depth for HPIL-EQ: 'SmartConnect' object has no attribute 'marketData'
2026-08-11 10:35:35,664 | ERROR | Error getting depth for SUKHJITS-EQ: 'SmartConnect' object has no attribute 'marketData'
2026-08-11 10:35:36,284 | ERROR | Error getting depth for SSWL-EQ: 'SmartConnect' object has no attribute 'marketData'
2026-08-11 10:35:39,505 | ERROR | Error getting depth for MBAPL-EQ: 'SmartConnect' object has no attribute 'marketData'
2026-08-11 10:35:40,149 | ERROR | Error getting depth for DJML-EQ: 'SmartConnect' object has no attribute 'marketData'
2026-08-11 10:35:41,505 | ERROR | Error getting depth for UFLEX-EQ: 'SmartConnect' object has no attribute 'marketData'
2026-08-11 10:35:42,118 | ERROR | Error getting depth for MOHEALTH-EQ: 'SmartConnect' object has no attribute 'marketData'
2026-08-11 10:35:42,842 | ERROR | Error getting depth for LOYALTEX-EQ: 'SmartConnect' object has no attribute 'marketData'
2026-08-11 10:35:43,603 | ERROR | Error getting depth for GUJENERGY-EQ: 'SmartConnect' object has no attribute 'marketData'
2026-08-11 10:35:45,635 | ERROR | Error getting depth for SIRCA-EQ: 'SmartConnect' object has no attribute 'marketData'
2026-08-11 10:35:47,049 | ERROR | Error getting depth for TVSELECT-EQ: 'SmartConnect' object has no attribute 'marketData'
2026-08-11 10:35:47,729 | ERROR | Error getting depth for TIPSFILMS-EQ: 'SmartConnect' object has no attribute 'marketData'
2026-08-11 10:35:52,190 | ERROR | Error getting depth for PPLPHARMA-EQ: 'SmartConnect' object has no attribute 'marketData'
2026-08-11 10:35:52,839 | ERROR | Error getting depth for DWARKESH-EQ: 'SmartConnect' object has no attribute 'marketData'
2026-08-11 10:35:55,483 | ERROR | Error getting depth for PRIMESECU-EQ: 'SmartConnect' object has no attribute 'marketData'
2026-08-11 10:35:56,154 | ERROR | Error getting depth for RUSTOMJEE-EQ: 'SmartConnect' object has no attribute 'marketData'
2026-08-11 10:35:56,903 | ERROR | Error getting depth for AAATECH-EQ: 'SmartConnect' object has no attribute 'marketData'
2026-08-11 10:35:58,952 | ERROR | Error getting depth for ENIL-EQ: 'SmartConnect' object has no attribute 'marketData'
2026-08-11 10:35:59,778 | ERROR | Error getting depth for BLKASHYAP-EQ: 'SmartConnect' object has no attribute 'marketData'
2026-08-11 10:36:00,482 | ERROR | Error getting depth for NITCO-EQ: 'SmartConnect' object has no attribute 'marketData'
2026-08-11 10:36:02,118 | ERROR | Error getting depth for GMRAIRPORT-EQ: 'SmartConnect' object has no attribute 'marketData'
2026-08-11 10:36:02,768 | ERROR | Error getting depth for HINDCOMPOS-EQ: 'SmartConnect' object has no attribute 'marketData'
2026-08-11 10:36:04,770 | ERROR | Error getting depth for CREST-EQ: 'SmartConnect' object has no attribute 'marketData'
2026-08-11 10:36:06,837 | ERROR | Error getting depth for DHARMAJ-EQ: 'SmartConnect' object has no attribute 'marketData'
2026-08-11 10:36:08,125 | ERROR | Error getting depth for NAHARINDUS-EQ: 'SmartConnect' object has no attribute 'marketData'
2026-08-11 10:36:08,797 | ERROR | Error getting depth for COMMOIETF-EQ: 'SmartConnect' object has no attribute 'marketData'
2026-08-11 10:36:11,506 | ERROR | Error getting depth for ELIN-EQ: 'SmartConnect' object has no attribute 'marketData'
2026-08-11 10:36:16,756 | ERROR | Error getting depth for GLOBAL-EQ: 'SmartConnect' object has no attribute 'marketData'
2026-08-11 10:36:20,266 | ERROR | Error getting depth for ORIENTBELL-EQ: 'SmartConnect' object has no attribute 'marketData'
2026-08-11 10:36:22,274 | ERROR | Error getting depth for 021NSETEST-EQ: 'SmartConnect' object has no attribute 'marketData'
2026-08-11 10:36:22,996 | ERROR | Error getting depth for 061NSETEST-EQ: 'SmartConnect' object has no attribute 'marketData'
2026-08-11 10:36:23,691 | ERROR | Error getting depth for 161NSETEST-EQ: 'SmartConnect' object has no attribute 'marketData'
2026-08-11 10:36:24,366 | ERROR | Error getting depth for SPARC-EQ: 'SmartConnect' object has no attribute 'marketData'
2026-08-11 10:36:25,022 | ERROR | Error getting depth for ALPA-EQ: 'SmartConnect' object has no attribute 'marketData'
2026-08-11 10:36:26,785 | ERROR | Error getting depth for ASIANTILES-EQ: 'SmartConnect' object has no attribute 'marketData'
2026-08-11 10:36:42,833 | INFO | Fetched 2485 NSE stocks
2026-08-11 10:36:44,860 | ERROR | Error getting depth for SHAREINDIA-EQ: 'SmartConnect' object has no attribute 'marketData'
2026-08-11 10:36:46,298 | ERROR | Error getting depth for MUTHOOTCAP-EQ: 'SmartConnect' object has no attribute 'marketData'
2026-08-11 10:36:47,037 | ERROR | Error getting depth for NAVKARCORP-EQ: 'SmartConnect' object has no attribute 'marketData'
2026-08-11 10:36:47,754 | ERROR | Error getting depth for MOM30IETF-EQ: 'SmartConnect' object has no attribute 'marketData'
2026-08-11 10:36:48,369 | ERROR | Error getting depth for UNIONBANK-EQ: 'SmartConnect' object has no attribute 'marketData'
2026-08-11 10:36:48,988 | ERROR | Error getting depth for MOQUALITY-EQ: 'SmartConnect' object has no attribute 'marketData'
2026-08-11 10:36:49,642 | ERROR | Error getting depth for DBOL-EQ: 'SmartConnect' object has no attribute 'marketData'
2026-08-11 10:36:51,645 | ERROR | Error getting depth for UNIENTER-EQ: 'SmartConnect' object has no attribute 'marketData'
2026-08-11 10:36:52,996 | ERROR | Error getting depth for MAHABANK-EQ: 'SmartConnect' object has no attribute 'marketData'
2026-08-11 10:36:53,718 | ERROR | Error getting depth for GICHSGFIN-EQ: 'SmartConnect' object has no attribute 'marketData'
2026-08-11 10:36:55,766 | ERROR | Error getting depth for TEXINFRA-EQ: 'SmartConnect' object has no attribute 'marketData'
2026-08-11 10:36:59,236 | ERROR | Error getting depth for EVEREADY-EQ: 'SmartConnect' object has no attribute 'marketData'
2026-08-11 10:36:59,881 | ERROR | Error getting depth for HPIL-EQ: 'SmartConnect' object has no attribute 'marketData'
2026-08-11 10:37:01,199 | ERROR | Error getting depth for SUKHJITS-EQ: 'SmartConnect' object has no attribute 'marketData'
2026-08-11 10:37:01,916 | ERROR | Error getting depth for SSWL-EQ: 'SmartConnect' object has no attribute 'marketData'
2026-08-11 10:37:05,490 | ERROR | Error getting depth for MBAPL-EQ: 'SmartConnect' object has no attribute 'marketData'
2026-08-11 10:37:06,196 | ERROR | Error getting depth for DJML-EQ: 'SmartConnect' object has no attribute 'marketData'
2026-08-11 10:37:07,643 | ERROR | Error getting depth for UFLEX-EQ: 'SmartConnect' object has no attribute 'marketData'
2026-08-11 10:37:08,289 | ERROR | Error getting depth for MOHEALTH-EQ: 'SmartConnect' object has no attribute 'marketData'
2026-08-11 10:37:08,964 | ERROR | Error getting depth for LOYALTEX-EQ: 'SmartConnect' object has no attribute 'marketData'
2026-08-11 10:37:09,609 | ERROR | Error getting depth for GUJENERGY-EQ: 'SmartConnect' object has no attribute 'marketData'
2026-08-11 10:37:11,595 | ERROR | Error getting depth for SIRCA-EQ: 'SmartConnect' object has no attribute 'marketData'
2026-08-11 10:37:12,927 | ERROR | Error getting depth for TVSELECT-EQ: 'SmartConnect' object has no attribute 'marketData'
2026-08-11 10:37:13,583 | ERROR | Error getting depth for TIPSFILMS-EQ: 'SmartConnect' object has no attribute 'marketData'
2026-08-11 10:37:16,875 | ERROR | Error getting depth for PPLPHARMA-EQ: 'SmartConnect' object has no attribute 'marketData'
2026-08-11 10:37:17,528 | ERROR | Error getting depth for DWARKESH-EQ: 'SmartConnect' object has no attribute 'marketData'
2026-08-11 10:37:20,168 | ERROR | Error getting depth for PRIMESECU-EQ: 'SmartConnect' object has no attribute 'marketData'
2026-08-11 10:37:20,787 | ERROR | Error getting depth for RUSTOMJEE-EQ: 'SmartConnect' object has no attribute 'marketData'
2026-08-11 10:37:21,445 | ERROR | Error getting depth for AAATECH-EQ: 'SmartConnect' object has no attribute 'marketData'
2026-08-11 10:37:23,491 | ERROR | Error getting depth for ENIL-EQ: 'SmartConnect' object has no attribute 'marketData'
2026-08-11 10:37:24,145 | ERROR | Error getting depth for BLKASHYAP-EQ: 'SmartConnect' object has no attribute 'marketData'
2026-08-11 10:37:24,824 | ERROR | Error getting depth for NITCO-EQ: 'SmartConnect' object has no attribute 'marketData'
2026-08-11 10:37:26,123 | ERROR | Error getting depth for GMRAIRPORT-EQ: 'SmartConnect' object has no attribute 'marketData'
2026-08-11 10:37:26,783 | ERROR | Error getting depth for HINDCOMPOS-EQ: 'SmartConnect' object has no attribute 'marketData'
2026-08-11 10:37:28,868 | ERROR | Error getting depth for CREST-EQ: 'SmartConnect' object has no attribute 'marketData'
2026-08-11 10:37:30,843 | ERROR | Error getting depth for DHARMAJ-EQ: 'SmartConnect' object has no attribute 'marketData'
2026-08-11 10:37:32,145 | ERROR | Error getting depth for NAHARINDUS-EQ: 'SmartConnect' object has no attribute 'marketData'
2026-08-11 10:37:32,850 | ERROR | Error getting depth for COMMOIETF-EQ: 'SmartConnect' object has no attribute 'marketData'
2026-08-11 10:37:35,488 | ERROR | Error getting depth for ELIN-EQ: 'SmartConnect' object has no attribute 'marketData'
2026-08-11 10:37:40,917 | ERROR | Error getting depth for GLOBAL-EQ: 'SmartConnect' object has no attribute 'marketData'
2026-08-11 10:37:44,258 | ERROR | Error getting depth for ORIENTBELL-EQ: 'SmartConnect' object has no attribute 'marketData'
2026-08-11 10:37:46,249 | ERROR | Error getting depth for 021NSETEST-EQ: 'SmartConnect' object has no attribute 'marketData'
2026-08-11 10:37:46,898 | ERROR | Error getting depth for 061NSETEST-EQ: 'SmartConnect' object has no attribute 'marketData'
2026-08-11 10:37:47,508 | ERROR | Error getting depth for 161NSETEST-EQ: 'SmartConnect' object has no attribute 'marketData'
2026-08-11 10:37:48,169 | ERROR | Error getting depth for SPARC-EQ: 'SmartConnect' object has no attribute 'marketData'
2026-08-11 10:37:48,785 | ERROR | Error getting depth for ALPA-EQ: 'SmartConnect' object has no attribute 'marketData'
2026-08-11 10:37:50,123 | ERROR | Error getting depth for ASIANTILES-EQ: 'SmartConnect' object has no attribute 'marketData'
2026-08-11 10:38:11,391 | INFO | Fetched 2485 NSE stocks
2026-08-11 10:38:13,565 | ERROR | Error getting depth for SHAREINDIA-EQ: 'SmartConnect' object has no attribute 'marketData'
2026-08-11 10:38:14,860 | ERROR | Error getting depth for MUTHOOTCAP-EQ: 'SmartConnect' object has no attribute 'marketData'
2026-08-11 10:38:15,541 | ERROR | Error getting depth for NAVKARCORP-EQ: 'SmartConnect' object has no attribute 'marketData'
2026-08-11 10:38:16,227 | ERROR | Error getting depth for MOM30IETF-EQ: 'SmartConnect' object has no attribute 'marketData'
2026-08-11 10:38:16,884 | ERROR | Error getting depth for UNIONBANK-EQ: 'SmartConnect' object has no attribute 'marketData'
2026-08-11 10:38:17,592 | ERROR | Error getting depth for MOQUALITY-EQ: 'SmartConnect' object has no attribute 'marketData'
2026-08-11 10:38:18,440 | ERROR | Error getting depth for DBOL-EQ: 'SmartConnect' object has no attribute 'marketData'
2026-08-11 10:38:20,430 | ERROR | Error getting depth for UNIENTER-EQ: 'SmartConnect' object has no attribute 'marketData'
2026-08-11 10:38:21,825 | ERROR | Error getting depth for MAHABANK-EQ: 'SmartConnect' object has no attribute 'marketData'
2026-08-11 10:38:22,488 | ERROR | Error getting depth for GICHSGFIN-EQ: 'SmartConnect' object has no attribute 'marketData'
2026-08-11 10:38:24,539 | ERROR | Error getting depth for TEXINFRA-EQ: 'SmartConnect' object has no attribute 'marketData'
2026-08-11 10:38:27,902 | ERROR | Error getting depth for EVEREADY-EQ: 'SmartConnect' object has no attribute 'marketData'
2026-08-11 10:38:28,544 | ERROR | Error getting depth for HPIL-EQ: 'SmartConnect' object has no attribute 'marketData'
2026-08-11 10:38:29,876 | ERROR | Error getting depth for SUKHJITS-EQ: 'SmartConnect' object has no attribute 'marketData'
2026-08-11 10:38:30,531 | ERROR | Error getting depth for SSWL-EQ: 'SmartConnect' object has no attribute 'marketData'
2026-08-11 10:38:33,876 | ERROR | Error getting depth for MBAPL-EQ: 'SmartConnect' object has no attribute 'marketData'
2026-08-11 10:38:34,537 | ERROR | Error getting depth for DJML-EQ: 'SmartConnect' object has no attribute 'marketData'
2026-08-11 10:38:35,824 | ERROR | Error getting depth for UFLEX-EQ: 'SmartConnect' object has no attribute 'marketData'
2026-08-11 10:38:36,489 | ERROR | Error getting depth for MOHEALTH-EQ: 'SmartConnect' object has no attribute 'marketData'
2026-08-11 10:38:37,129 | ERROR | Error getting depth for LOYALTEX-EQ: 'SmartConnect' object has no attribute 'marketData'
2026-08-11 10:38:37,812 | ERROR | Error getting depth for GUJENERGY-EQ: 'SmartConnect' object has no attribute 'marketData'
2026-08-11 10:38:39,883 | ERROR | Error getting depth for SIRCA-EQ: 'SmartConnect' object has no attribute 'marketData'
2026-08-11 10:38:41,418 | ERROR | Error getting depth for TVSELECT-EQ: 'SmartConnect' object has no attribute 'marketData'
2026-08-11 10:38:42,135 | ERROR | Error getting depth for TIPSFILMS-EQ: 'SmartConnect' object has no attribute 'marketData'
2026-08-11 10:38:45,893 | ERROR | Error getting depth for PPLPHARMA-EQ: 'SmartConnect' object has no attribute 'marketData'
2026-08-11 10:38:46,557 | ERROR | Error getting depth for DWARKESH-EQ: 'SmartConnect' object has no attribute 'marketData'
2026-08-11 10:38:49,184 | ERROR | Error getting depth for PRIMESECU-EQ: 'SmartConnect' object has no attribute 'marketData'
2026-08-11 10:38:49,856 | ERROR | Error getting depth for RUSTOMJEE-EQ: 'SmartConnect' object has no attribute 'marketData'
2026-08-11 10:38:50,534 | ERROR | Error getting depth for AAATECH-EQ: 'SmartConnect' object has no attribute 'marketData'
2026-08-11 10:38:52,522 | ERROR | Error getting depth for ENIL-EQ: 'SmartConnect' object has no attribute 'marketData'
2026-08-11 10:38:53,195 | ERROR | Error getting depth for BLKASHYAP-EQ: 'SmartConnect' object has no attribute 'marketData'
2026-08-11 10:38:53,826 | ERROR | Error getting depth for NITCO-EQ: 'SmartConnect' object has no attribute 'marketData'
2026-08-11 10:38:55,241 | ERROR | Error getting depth for GMRAIRPORT-EQ: 'SmartConnect' object has no attribute 'marketData'
2026-08-11 10:38:55,874 | ERROR | Error getting depth for HINDCOMPOS-EQ: 'SmartConnect' object has no attribute 'marketData'
2026-08-11 10:38:57,863 | ERROR | Error getting depth for CREST-EQ: 'SmartConnect' object has no attribute 'marketData'
2026-08-11 10:38:59,850 | ERROR | Error getting depth for DHARMAJ-EQ: 'SmartConnect' object has no attribute 'marketData'
2026-08-11 10:39:07,446 | ERROR | Error getting depth for NAHARINDUS-EQ: 'SmartConnect' object has no attribute 'marketData'
2026-08-11 10:39:08,146 | ERROR | Error getting depth for COMMOIETF-EQ: 'SmartConnect' object has no attribute 'marketData'
2026-08-11 10:39:10,787 | ERROR | Error getting depth for ELIN-EQ: 'SmartConnect' object has no attribute 'marketData'
2026-08-11 10:39:16,436 | ERROR | Error getting depth for GLOBAL-EQ: 'SmartConnect' object has no attribute 'marketData'
2026-08-11 10:39:19,876 | ERROR | Error getting depth for ORIENTBELL-EQ: 'SmartConnect' object has no attribute 'marketData'
2026-08-11 10:39:21,873 | ERROR | Error getting depth for 021NSETEST-EQ: 'SmartConnect' object has no attribute 'marketData'
2026-08-11 10:39:22,521 | ERROR | Error getting depth for 061NSETEST-EQ: 'SmartConnect' object has no attribute 'marketData'
2026-08-11 10:39:23,198 | ERROR | Error getting depth for 161NSETEST-EQ: 'SmartConnect' object has no attribute 'marketData'
2026-08-11 10:39:23,915 | ERROR | Error getting depth for SPARC-EQ: 'SmartConnect' object has no attribute 'marketData'
2026-08-11 10:39:24,594 | ERROR | Error getting depth for ALPA-EQ: 'SmartConnect' object has no attribute 'marketData'
2026-08-11 10:39:25,899 | ERROR | Error getting depth for ASIANTILES-EQ: 'SmartConnect' object has no attribute 'marketData'
2026-08-11 10:39:40,861 | INFO | Fetched 2485 NSE stocks
2026-08-11 10:39:42,931 | ERROR | Error getting depth for SHAREINDIA-EQ: 'SmartConnect' object has no attribute 'marketData'
2026-08-11 10:39:44,247 | ERROR | Error getting depth for MUTHOOTCAP-EQ: 'SmartConnect' object has no attribute 'marketData'
2026-08-11 10:39:44,932 | ERROR | Error getting depth for NAVKARCORP-EQ: 'SmartConnect' object has no attribute 'marketData'
2026-08-11 10:39:45,591 | ERROR | Error getting depth for MOM30IETF-EQ: 'SmartConnect' object has no attribute 'marketData'
2026-08-11 10:39:46,248 | ERROR | Error getting depth for UNIONBANK-EQ: 'SmartConnect' object has no attribute 'marketData'
2026-08-11 10:39:46,901 | ERROR | Error getting depth for MOQUALITY-EQ: 'SmartConnect' object has no attribute 'marketData'
2026-08-11 10:39:47,593 | ERROR | Error getting depth for DBOL-EQ: 'SmartConnect' object has no attribute 'marketData'
2026-08-11 10:39:49,757 | ERROR | Error getting depth for UNIENTER-EQ: 'SmartConnect' object has no attribute 'marketData'
2026-08-11 10:39:51,093 | ERROR | Error getting depth for MAHABANK-EQ: 'SmartConnect' object has no attribute 'marketData'
2026-08-11 10:39:51,767 | ERROR | Error getting depth for GICHSGFIN-EQ: 'SmartConnect' object has no attribute 'marketData'
2026-08-11 10:39:53,922 | ERROR | Error getting depth for TEXINFRA-EQ: 'SmartConnect' object has no attribute 'marketData'
2026-08-11 10:39:57,671 | ERROR | Error getting depth for EVEREADY-EQ: 'SmartConnect' object has no attribute 'marketData'
2026-08-11 10:39:58,320 | ERROR | Error getting depth for HPIL-EQ: 'SmartConnect' object has no attribute 'marketData'
2026-08-11 10:39:59,862 | ERROR | Error getting depth for SUKHJITS-EQ: 'SmartConnect' object has no attribute 'marketData'
2026-08-11 10:40:00,514 | ERROR | Error getting depth for SSWL-EQ: 'SmartConnect' object has no attribute 'marketData'
2026-08-11 10:40:07,155 | ERROR | Error getting depth for MBAPL-EQ: 'SmartConnect' object has no attribute 'marketData'
2026-08-11 10:40:07,893 | ERROR | Error getting depth for DJML-EQ: 'SmartConnect' object has no attribute 'marketData'
2026-08-11 10:40:09,189 | ERROR | Error getting depth for UFLEX-EQ: 'SmartConnect' object has no attribute 'marketData'
2026-08-11 10:40:09,843 | ERROR | Error getting depth for MOHEALTH-EQ: 'SmartConnect' object has no attribute 'marketData'
2026-08-11 10:40:10,518 | ERROR | Error getting depth for LOYALTEX-EQ: 'SmartConnect' object has no attribute 'marketData'
2026-08-11 10:40:11,179 | ERROR | Error getting depth for GUJENERGY-EQ: 'SmartConnect' object has no attribute 'marketData'
2026-08-11 10:40:13,271 | ERROR | Error getting depth for SIRCA-EQ: 'SmartConnect' object has no attribute 'marketData'
2026-08-11 10:40:14,601 | ERROR | Error getting depth for TVSELECT-EQ: 'SmartConnect' object has no attribute 'marketData'
2026-08-11 10:40:15,264 | ERROR | Error getting depth for TIPSFILMS-EQ: 'SmartConnect' object has no attribute 'marketData'
2026-08-11 10:40:18,521 | ERROR | Error getting depth for PPLPHARMA-EQ: 'SmartConnect' object has no attribute 'marketData'
2026-08-11 10:40:19,180 | ERROR | Error getting depth for DWARKESH-EQ: 'SmartConnect' object has no attribute 'marketData'
2026-08-11 10:40:22,175 | ERROR | Error getting depth for PRIMESECU-EQ: 'SmartConnect' object has no attribute 'marketData'
2026-08-11 10:40:22,947 | ERROR | Error getting depth for RUSTOMJEE-EQ: 'SmartConnect' object has no attribute 'marketData'
2026-08-11 10:40:23,636 | ERROR | Error getting depth for AAATECH-EQ: 'SmartConnect' object has no attribute 'marketData'
2026-08-11 10:40:25,694 | ERROR | Error getting depth for ENIL-EQ: 'SmartConnect' object has no attribute 'marketData'
2026-08-11 10:40:26,381 | ERROR | Error getting depth for BLKASHYAP-EQ: 'SmartConnect' object has no attribute 'marketData'
2026-08-11 10:40:27,006 | ERROR | Error getting depth for NITCO-EQ: 'SmartConnect' object has no attribute 'marketData'
2026-08-11 10:40:28,693 | ERROR | Error getting depth for GMRAIRPORT-EQ: 'SmartConnect' object has no attribute 'marketData'
2026-08-11 10:40:29,343 | ERROR | Error getting depth for HINDCOMPOS-EQ: 'SmartConnect' object has no attribute 'marketData'
2026-08-11 10:40:31,238 | ERROR | Error getting depth for CREST-EQ: 'SmartConnect' object has no attribute 'marketData'
2026-08-11 10:40:33,176 | ERROR | Error getting depth for DHARMAJ-EQ: 'SmartConnect' object has no attribute 'marketData'
2026-08-11 10:40:34,518 | ERROR | Error getting depth for NAHARINDUS-EQ: 'SmartConnect' object has no attribute 'marketData'
2026-08-11 10:40:35,212 | ERROR | Error getting depth for COMMOIETF-EQ: 'SmartConnect' object has no attribute 'marketData'
2026-08-11 10:40:37,931 | ERROR | Error getting depth for ELIN-EQ: 'SmartConnect' object has no attribute 'marketData'
2026-08-11 10:40:43,793 | ERROR | Error getting depth for GLOBAL-EQ: 'SmartConnect' object has no attribute 'marketData'
2026-08-11 10:40:47,480 | ERROR | Error getting depth for ORIENTBELL-EQ: 'SmartConnect' object has no attribute 'marketData'
2026-08-11 10:40:49,497 | ERROR | Error getting depth for 021NSETEST-EQ: 'SmartConnect' object has no attribute 'marketData'
2026-08-11 10:40:50,130 | ERROR | Error getting depth for 061NSETEST-EQ: 'SmartConnect' object has no attribute 'marketData'
2026-08-11 10:40:50,756 | ERROR | Error getting depth for 161NSETEST-EQ: 'SmartConnect' object has no attribute 'marketData'
2026-08-11 10:40:51,483 | ERROR | Error getting depth for SPARC-EQ: 'SmartConnect' object has no attribute 'marketData'
2026-08-11 10:40:52,197 | ERROR | Error getting depth for ALPA-EQ: 'SmartConnect' object has no attribute 'marketData'
2026-08-11 10:40:53,906 | ERROR | Error getting depth for ASIANTILES-EQ: 'SmartConnect' object has no attribute 'marketData'
2026-08-11 10:41:08,712 | INFO | Fetched 2485 NSE stocks
2026-08-11 10:41:10,702 | ERROR | Error getting depth for SHAREINDIA-EQ: 'SmartConnect' object has no attribute 'marketData'
2026-08-11 10:41:12,049 | ERROR | Error getting depth for MUTHOOTCAP-EQ: 'SmartConnect' object has no attribute 'marketData'
2026-08-11 10:41:12,709 | ERROR | Error getting depth for NAVKARCORP-EQ: 'SmartConnect' object has no attribute 'marketData'
2026-08-11 10:41:13,339 | ERROR | Error getting depth for MOM30IETF-EQ: 'SmartConnect' object has no attribute 'marketData'
2026-08-11 10:41:14,017 | ERROR | Error getting depth for UNIONBANK-EQ: 'SmartConnect' object has no attribute 'marketData'
2026-08-11 10:41:14,712 | ERROR | Error getting depth for MOQUALITY-EQ: 'SmartConnect' object has no attribute 'marketData'
2026-08-11 10:41:15,337 | ERROR | Error getting depth for DBOL-EQ: 'SmartConnect' object has no attribute 'marketData'
2026-08-11 10:41:17,317 | ERROR | Error getting depth for UNIENTER-EQ: 'SmartConnect' object has no attribute 'marketData'
2026-08-11 10:41:18,637 | ERROR | Error getting depth for MAHABANK-EQ: 'SmartConnect' object has no attribute 'marketData'
2026-08-11 10:41:19,321 | ERROR | Error getting depth for GICHSGFIN-EQ: 'SmartConnect' object has no attribute 'marketData'
2026-08-11 10:41:21,369 | ERROR | Error getting depth for TEXINFRA-EQ: 'SmartConnect' object has no attribute 'marketData'
2026-08-11 10:41:24,769 | ERROR | Error getting depth for EVEREADY-EQ: 'SmartConnect' object has no attribute 'marketData'
2026-08-11 10:41:25,562 | ERROR | Error getting depth for HPIL-EQ: 'SmartConnect' object has no attribute 'marketData'
2026-08-11 10:41:26,995 | ERROR | Error getting depth for SUKHJITS-EQ: 'SmartConnect' object has no attribute 'marketData'
2026-08-11 10:41:27,715 | ERROR | Error getting depth for SSWL-EQ: 'SmartConnect' object has no attribute 'marketData'
2026-08-11 10:41:31,201 | ERROR | Error getting depth for MBAPL-EQ: 'SmartConnect' object has no attribute 'marketData'
2026-08-11 10:41:31,842 | ERROR | Error getting depth for DJML-EQ: 'SmartConnect' object has no attribute 'marketData'
2026-08-11 10:41:33,255 | ERROR | Error getting depth for UFLEX-EQ: 'SmartConnect' object has no attribute 'marketData'
2026-08-11 10:41:33,892 | ERROR | Error getting depth for MOHEALTH-EQ: 'SmartConnect' object has no attribute 'marketData'
2026-08-11 10:41:34,687 | ERROR | Error getting depth for LOYALTEX-EQ: 'SmartConnect' object has no attribute 'marketData'
2026-08-11 10:41:35,558 | ERROR | Error getting depth for GUJENERGY-EQ: 'SmartConnect' object has no attribute 'marketData'
2026-08-11 10:41:38,121 | ERROR | Error getting depth for SIRCA-EQ: 'SmartConnect' object has no attribute 'marketData'
2026-08-11 10:41:39,560 | ERROR | Error getting depth for TVSELECT-EQ: 'SmartConnect' object has no attribute 'marketData'
2026-08-11 10:41:40,235 | ERROR | Error getting depth for TIPSFILMS-EQ: 'SmartConnect' object has no attribute 'marketData'
2026-08-11 10:41:43,592 | ERROR | Error getting depth for PPLPHARMA-EQ: 'SmartConnect' object has no attribute 'marketData'
2026-08-11 10:41:44,208 | ERROR | Error getting depth for DWARKESH-EQ: 'SmartConnect' object has no attribute 'marketData'
2026-08-11 10:41:46,888 | ERROR | Error getting depth for PRIMESECU-EQ: 'SmartConnect' object has no attribute 'marketData'
2026-08-11 10:41:47,618 | ERROR | Error getting depth for RUSTOMJEE-EQ: 'SmartConnect' object has no attribute 'marketData'
2026-08-11 10:41:48,277 | ERROR | Error getting depth for AAATECH-EQ: 'SmartConnect' object has no attribute 'marketData'
2026-08-11 10:41:50,223 | ERROR | Error getting depth for ENIL-EQ: 'SmartConnect' object has no attribute 'marketData'
2026-08-11 10:41:50,858 | ERROR | Error getting depth for BLKASHYAP-EQ: 'SmartConnect' object has no attribute 'marketData'
2026-08-11 10:41:51,574 | ERROR | Error getting depth for NITCO-EQ: 'SmartConnect' object has no attribute 'marketData'
2026-08-11 10:41:52,867 | ERROR | Error getting depth for GMRAIRPORT-EQ: 'SmartConnect' object has no attribute 'marketData'
2026-08-11 10:41:53,539 | ERROR | Error getting depth for HINDCOMPOS-EQ: 'SmartConnect' object has no attribute 'marketData'
2026-08-11 10:41:55,504 | ERROR | Error getting depth for CREST-EQ: 'SmartConnect' object has no attribute 'marketData'
2026-08-11 10:41:57,493 | ERROR | Error getting depth for DHARMAJ-EQ: 'SmartConnect' object has no attribute 'marketData'
2026-08-11 10:41:58,882 | ERROR | Error getting depth for NAHARINDUS-EQ: 'SmartConnect' object has no attribute 'marketData'
2026-08-11 10:41:59,562 | ERROR | Error getting depth for COMMOIETF-EQ: 'SmartConnect' object has no attribute 'marketData'
2026-08-11 10:42:02,225 | ERROR | Error getting depth for ELIN-EQ: 'SmartConnect' object has no attribute 'marketData'
2026-08-11 10:42:07,592 | ERROR | Error getting depth for GLOBAL-EQ: 'SmartConnect' object has no attribute 'marketData'
2026-08-11 10:42:11,098 | ERROR | Error getting depth for ORIENTBELL-EQ: 'SmartConnect' object has no attribute 'marketData'
2026-08-11 10:42:13,087 | ERROR | Error getting depth for 021NSETEST-EQ: 'SmartConnect' object has no attribute 'marketData'
2026-08-11 10:42:13,732 | ERROR | Error getting depth for 061NSETEST-EQ: 'SmartConnect' object has no attribute 'marketData'
2026-08-11 10:42:14,392 | ERROR | Error getting depth for 161NSETEST-EQ: 'SmartConnect' object has no attribute 'marketData'
2026-08-11 10:42:15,064 | ERROR | Error getting depth for SPARC-EQ: 'SmartConnect' object has no attribute 'marketData'
2026-08-11 10:42:15,712 | ERROR | Error getting depth for ALPA-EQ: 'SmartConnect' object has no attribute 'marketData'
2026-08-11 10:42:17,098 | ERROR | Error getting depth for ASIANTILES-EQ: 'SmartConnect' object has no attribute 'marketData'
2026-08-11 10:42:35,969 | INFO | Fetched 2485 NSE stocks
2026-08-11 10:42:38,046 | ERROR | Error getting depth for SHAREINDIA-EQ: 'SmartConnect' object has no attribute 'marketData'
2026-08-11 10:42:39,323 | ERROR | Error getting depth for MUTHOOTCAP-EQ: 'SmartConnect' object has no attribute 'marketData'
2026-08-11 10:42:40,015 | ERROR | Error getting depth for NAVKARCORP-EQ: 'SmartConnect' object has no attribute 'marketData'
2026-08-11 10:42:40,661 | ERROR | Error getting depth for MOM30IETF-EQ: 'SmartConnect' object has no attribute 'marketData'
2026-08-11 10:42:41,322 | ERROR | Error getting depth for UNIONBANK-EQ: 'SmartConnect' object has no attribute 'marketData'
2026-08-11 10:42:41,972 | ERROR | Error getting depth for MOQUALITY-EQ: 'SmartConnect' object has no attribute 'marketData'
2026-08-11 10:42:42,632 | ERROR | Error getting depth for DBOL-EQ: 'SmartConnect' object has no attribute 'marketData'
2026-08-11 10:42:45,894 | ERROR | Error getting depth for UNIENTER-EQ: 'SmartConnect' object has no attribute 'marketData'
2026-08-11 10:42:49,179 | ERROR | Error getting depth for MAHABANK-EQ: 'SmartConnect' object has no attribute 'marketData'
2026-08-11 10:42:49,871 | ERROR | Error getting depth for GICHSGFIN-EQ: 'SmartConnect' object has no attribute 'marketData'
2026-08-11 10:42:52,306 | ERROR | Error getting depth for TEXINFRA-EQ: 'SmartConnect' object has no attribute 'marketData'
2026-08-11 10:42:56,658 | ERROR | Error getting depth for EVEREADY-EQ: 'SmartConnect' object has no attribute 'marketData'
2026-08-11 10:42:57,315 | ERROR | Error getting depth for HPIL-EQ: 'SmartConnect' object has no attribute 'marketData'
2026-08-11 10:42:58,648 | ERROR | Error getting depth for SUKHJITS-EQ: 'SmartConnect' object has no attribute 'marketData'
2026-08-11 10:42:59,318 | ERROR | Error getting depth for SSWL-EQ: 'SmartConnect' object has no attribute 'marketData'
2026-08-11 10:43:02,616 | ERROR | Error getting depth for MBAPL-EQ: 'SmartConnect' object has no attribute 'marketData'
2026-08-11 10:43:03,269 | ERROR | Error getting depth for DJML-EQ: 'SmartConnect' object has no attribute 'marketData'
2026-08-11 10:43:04,699 | ERROR | Error getting depth for UFLEX-EQ: 'SmartConnect' object has no attribute 'marketData'
2026-08-11 10:43:05,341 | ERROR | Error getting depth for MOHEALTH-EQ: 'SmartConnect' object has no attribute 'marketData'
2026-08-11 10:43:06,075 | ERROR | Error getting depth for LOYALTEX-EQ: 'SmartConnect' object has no attribute 'marketData'
2026-08-11 10:43:06,754 | ERROR | Error getting depth for GUJENERGY-EQ: 'SmartConnect' object has no attribute 'marketData'
2026-08-11 10:43:08,821 | ERROR | Error getting depth for SIRCA-EQ: 'SmartConnect' object has no attribute 'marketData'
2026-08-11 10:43:10,128 | ERROR | Error getting depth for TVSELECT-EQ: 'SmartConnect' object has no attribute 'marketData'
2026-08-11 10:43:10,778 | ERROR | Error getting depth for TIPSFILMS-EQ: 'SmartConnect' object has no attribute 'marketData'
2026-08-11 10:43:14,035 | ERROR | Error getting depth for PPLPHARMA-EQ: 'SmartConnect' object has no attribute 'marketData'
2026-08-11 10:43:14,641 | ERROR | Error getting depth for DWARKESH-EQ: 'SmartConnect' object has no attribute 'marketData'
2026-08-11 10:43:17,530 | ERROR | Error getting depth for PRIMESECU-EQ: 'SmartConnect' object has no attribute 'marketData'
2026-08-11 10:43:18,146 | ERROR | Error getting depth for RUSTOMJEE-EQ: 'SmartConnect' object has no attribute 'marketData'
2026-08-11 10:43:18,859 | ERROR | Error getting depth for AAATECH-EQ: 'SmartConnect' object has no attribute 'marketData'
2026-08-11 10:43:20,841 | ERROR | Error getting depth for ENIL-EQ: 'SmartConnect' object has no attribute 'marketData'
2026-08-11 10:43:21,623 | ERROR | Error getting depth for BLKASHYAP-EQ: 'SmartConnect' object has no attribute 'marketData'
2026-08-11 10:43:22,302 | ERROR | Error getting depth for NITCO-EQ: 'SmartConnect' object has no attribute 'marketData'
2026-08-11 10:43:23,531 | ERROR | Error getting depth for GMRAIRPORT-EQ: 'SmartConnect' object has no attribute 'marketData'
2026-08-11 10:43:24,204 | ERROR | Error getting depth for HINDCOMPOS-EQ: 'SmartConnect' object has no attribute 'marketData'
2026-08-11 10:43:26,133 | ERROR | Error getting depth for CREST-EQ: 'SmartConnect' object has no attribute 'marketData'
2026-08-11 10:43:28,136 | ERROR | Error getting depth for DHARMAJ-EQ: 'SmartConnect' object has no attribute 'marketData'
2026-08-11 10:43:29,412 | ERROR | Error getting depth for NAHARINDUS-EQ: 'SmartConnect' object has no attribute 'marketData'
2026-08-11 10:43:30,042 | ERROR | Error getting depth for COMMOIETF-EQ: 'SmartConnect' object has no attribute 'marketData'
2026-08-11 10:43:32,601 | ERROR | Error getting depth for ELIN-EQ: 'SmartConnect' object has no attribute 'marketData'
2026-08-11 10:43:38,706 | ERROR | Error getting depth for GLOBAL-EQ: 'SmartConnect' object has no attribute 'marketData'
2026-08-11 10:43:43,336 | ERROR | Error getting depth for ORIENTBELL-EQ: 'SmartConnect' object has no attribute 'marketData'
2026-08-11 10:43:45,400 | ERROR | Error getting depth for 021NSETEST-EQ: 'SmartConnect' object has no attribute 'marketData'
2026-08-11 10:43:46,085 | ERROR | Error getting depth for 061NSETEST-EQ: 'SmartConnect' object has no attribute 'marketData'
2026-08-11 10:43:46,790 | ERROR | Error getting depth for 161NSETEST-EQ: 'SmartConnect' object has no attribute 'marketData'
2026-08-11 10:43:47,474 | ERROR | Error getting depth for SPARC-EQ: 'SmartConnect' object has no attribute 'marketData'
2026-08-11 10:43:48,215 | ERROR | Error getting depth for ALPA-EQ: 'SmartConnect' object has no attribute 'marketData'
2026-08-11 10:43:49,662 | ERROR | Error getting depth for ASIANTILES-EQ: 'SmartConnect' object has no attribute 'marketData'
2026-08-11 10:44:01,719 | INFO | Fetched 2485 NSE stocks
2026-08-11 10:44:03,814 | ERROR | Error getting depth for SHAREINDIA-EQ: 'SmartConnect' object has no attribute 'marketData'
2026-08-11 10:44:05,111 | ERROR | Error getting depth for MUTHOOTCAP-EQ: 'SmartConnect' object has no attribute 'marketData'
2026-08-11 10:44:05,818 | ERROR | Error getting depth for NAVKARCORP-EQ: 'SmartConnect' object has no attribute 'marketData'
2026-08-11 10:44:06,517 | ERROR | Error getting depth for MOM30IETF-EQ: 'SmartConnect' object has no attribute 'marketData'
2026-08-11 10:44:07,231 | ERROR | Error getting depth for UNIONBANK-EQ: 'SmartConnect' object has no attribute 'marketData'
2026-08-11 10:44:07,888 | ERROR | Error getting depth for MOQUALITY-EQ: 'SmartConnect' object has no attribute 'marketData'
2026-08-11 10:44:08,527 | ERROR | Error getting depth for DBOL-EQ: 'SmartConnect' object has no attribute 'marketData'
2026-08-11 10:44:10,578 | ERROR | Error getting depth for UNIENTER-EQ: 'SmartConnect' object has no attribute 'marketData'
2026-08-11 10:44:11,961 | ERROR | Error getting depth for MAHABANK-EQ: 'SmartConnect' object has no attribute 'marketData'
2026-08-11 10:44:12,956 | ERROR | Error getting depth for GICHSGFIN-EQ: 'SmartConnect' object has no attribute 'marketData'
2026-08-11 10:44:15,257 | ERROR | Error getting depth for TEXINFRA-EQ: 'SmartConnect' object has no attribute 'marketData'
2026-08-11 10:44:19,319 | ERROR | Error getting depth for EVEREADY-EQ: 'SmartConnect' object has no attribute 'marketData'
2026-08-11 10:44:19,981 | ERROR | Error getting depth for HPIL-EQ: 'SmartConnect' object has no attribute 'marketData'
2026-08-11 10:44:21,357 | ERROR | Error getting depth for SUKHJITS-EQ: 'SmartConnect' object has no attribute 'marketData'
2026-08-11 10:44:22,022 | ERROR | Error getting depth for SSWL-EQ: 'SmartConnect' object has no attribute 'marketData'
2026-08-11 10:44:25,430 | ERROR | Error getting depth for MBAPL-EQ: 'SmartConnect' object has no attribute 'marketData'
2026-08-11 10:44:26,148 | ERROR | Error getting depth for DJML-EQ: 'SmartConnect' object has no attribute 'marketData'
2026-08-11 10:44:27,526 | ERROR | Error getting depth for UFLEX-EQ: 'SmartConnect' object has no attribute 'marketData'
2026-08-11 10:44:28,555 | ERROR | Error getting depth for MOHEALTH-EQ: 'SmartConnect' object has no attribute 'marketData'
2026-08-11 10:44:29,285 | ERROR | Error getting depth for LOYALTEX-EQ: 'SmartConnect' object has no attribute 'marketData'
2026-08-11 10:44:29,952 | ERROR | Error getting depth for GUJENERGY-EQ: 'SmartConnect' object has no attribute 'marketData'
2026-08-11 10:44:32,040 | ERROR | Error getting depth for SIRCA-EQ: 'SmartConnect' object has no attribute 'marketData'
2026-08-11 10:44:33,396 | ERROR | Error getting depth for TVSELECT-EQ: 'SmartConnect' object has no attribute 'marketData'
2026-08-11 10:44:34,063 | ERROR | Error getting depth for TIPSFILMS-EQ: 'SmartConnect' object has no attribute 'marketData'
2026-08-11 10:44:37,568 | ERROR | Error getting depth for PPLPHARMA-EQ: 'SmartConnect' object has no attribute 'marketData'
2026-08-11 10:44:38,283 | ERROR | Error getting depth for DWARKESH-EQ: 'SmartConnect' object has no attribute 'marketData'
2026-08-11 10:44:41,032 | ERROR | Error getting depth for PRIMESECU-EQ: 'SmartConnect' object has no attribute 'marketData'
2026-08-11 10:44:41,740 | ERROR | Error getting depth for RUSTOMJEE-EQ: 'SmartConnect' object has no attribute 'marketData'
2026-08-11 10:44:42,480 | ERROR | Error getting depth for AAATECH-EQ: 'SmartConnect' object has no attribute 'marketData'
2026-08-11 10:44:44,681 | ERROR | Error getting depth for ENIL-EQ: 'SmartConnect' object has no attribute 'marketData'
2026-08-11 10:44:45,435 | ERROR | Error getting depth for BLKASHYAP-EQ: 'SmartConnect' object has no attribute 'marketData'
2026-08-11 10:44:46,228 | ERROR | Error getting depth for NITCO-EQ: 'SmartConnect' object has no attribute 'marketData'
2026-08-11 10:44:48,369 | ERROR | Error getting depth for GMRAIRPORT-EQ: 'SmartConnect' object has no attribute 'marketData'
2026-08-11 10:44:49,464 | ERROR | Error getting depth for HINDCOMPOS-EQ: 'SmartConnect' object has no attribute 'marketData'
2026-08-11 10:44:51,594 | ERROR | Error getting depth for CREST-EQ: 'SmartConnect' object has no attribute 'marketData'
2026-08-11 10:44:53,566 | ERROR | Error getting depth for DHARMAJ-EQ: 'SmartConnect' object has no attribute 'marketData'
2026-08-11 10:44:54,923 | ERROR | Error getting depth for NAHARINDUS-EQ: 'SmartConnect' object has no attribute 'marketData'
2026-08-11 10:44:55,584 | ERROR | Error getting depth for COMMOIETF-EQ: 'SmartConnect' object has no attribute 'marketData'
2026-08-11 10:44:58,283 | ERROR | Error getting depth for ELIN-EQ: 'SmartConnect' object has no attribute 'marketData'
2026-08-11 10:45:03,727 | ERROR | Error getting depth for GLOBAL-EQ: 'SmartConnect' object has no attribute 'marketData'
2026-08-11 10:45:07,114 | ERROR | Error getting depth for ORIENTBELL-EQ: 'SmartConnect' object has no attribute 'marketData'
2026-08-11 10:45:09,252 | ERROR | Error getting depth for 021NSETEST-EQ: 'SmartConnect' object has no attribute 'marketData'
2026-08-11 10:45:09,957 | ERROR | Error getting depth for 061NSETEST-EQ: 'SmartConnect' object has no attribute 'marketData'
2026-08-11 10:45:10,641 | ERROR | Error getting depth for 161NSETEST-EQ: 'SmartConnect' object has no attribute 'marketData'
2026-08-11 10:45:11,315 | ERROR | Error getting depth for SPARC-EQ: 'SmartConnect' object has no attribute 'marketData'
2026-08-11 10:45:11,971 | ERROR | Error getting depth for ALPA-EQ: 'SmartConnect' object has no attribute 'marketData'
2026-08-11 10:45:13,361 | ERROR | Error getting depth for ASIANTILES-EQ: 'SmartConnect' object has no attribute 'marketData'
2026-08-11 10:45:24,923 | INFO | Fetched 2485 NSE stocks
2026-08-11 10:45:27,145 | ERROR | Error getting depth for SHAREINDIA-EQ: 'SmartConnect' object has no attribute 'marketData'
2026-08-11 10:45:28,780 | ERROR | Error getting depth for MUTHOOTCAP-EQ: 'SmartConnect' object has no attribute 'marketData'
2026-08-11 10:45:29,482 | ERROR | Error getting depth for NAVKARCORP-EQ: 'SmartConnect' object has no attribute 'marketData'
2026-08-11 10:45:30,196 | ERROR | Error getting depth for MOM30IETF-EQ: 'SmartConnect' object has no attribute 'marketData'
2026-08-11 10:45:30,834 | ERROR | Error getting depth for UNIONBANK-EQ: 'SmartConnect' object has no attribute 'marketData'
2026-08-11 10:49:27,804 | INFO | Login successful
2026-08-11 10:49:29,429 | INFO | ML model trained successfully
2026-08-11 10:49:40,661 | INFO | Fetched 2485 NSE stocks
2026-08-11 10:49:42,763 | ERROR | Error getting depth for SHAREINDIA-EQ: 'SmartConnect' object has no attribute 'marketData'
2026-08-11 10:49:44,135 | ERROR | Error getting depth for MUTHOOTCAP-EQ: 'SmartConnect' object has no attribute 'marketData'
2026-08-11 10:49:44,765 | ERROR | Error getting depth for NAVKARCORP-EQ: 'SmartConnect' object has no attribute 'marketData'
2026-08-11 10:49:45,443 | ERROR | Error getting depth for MOM30IETF-EQ: 'SmartConnect' object has no attribute 'marketData'
2026-08-11 10:49:46,074 | ERROR | Error getting depth for UNIONBANK-EQ: 'SmartConnect' object has no attribute 'marketData'
2026-08-11 10:49:46,757 | ERROR | Error getting depth for MOQUALITY-EQ: 'SmartConnect' object has no attribute 'marketData'
2026-08-11 10:49:47,404 | ERROR | Error getting depth for DBOL-EQ: 'SmartConnect' object has no attribute 'marketData'
2026-08-11 10:49:49,397 | ERROR | Error getting depth for UNIENTER-EQ: 'SmartConnect' object has no attribute 'marketData'
2026-08-11 10:49:50,768 | ERROR | Error getting depth for MAHABANK-EQ: 'SmartConnect' object has no attribute 'marketData'
2026-08-11 10:49:51,441 | ERROR | Error getting depth for GICHSGFIN-EQ: 'SmartConnect' object has no attribute 'marketData'
2026-08-11 10:49:53,516 | ERROR | Error getting depth for TEXINFRA-EQ: 'SmartConnect' object has no attribute 'marketData'
2026-08-11 10:49:57,004 | ERROR | Error getting depth for EVEREADY-EQ: 'SmartConnect' object has no attribute 'marketData'
2026-08-11 10:49:57,691 | ERROR | Error getting depth for HPIL-EQ: 'SmartConnect' object has no attribute 'marketData'
2026-08-11 10:49:59,124 | ERROR | Error getting depth for SUKHJITS-EQ: 'SmartConnect' object has no attribute 'marketData'
2026-08-11 10:49:59,799 | ERROR | Error getting depth for SSWL-EQ: 'SmartConnect' object has no attribute 'marketData'
2026-08-11 10:50:03,237 | ERROR | Error getting depth for MBAPL-EQ: 'SmartConnect' object has no attribute 'marketData'
2026-08-11 10:50:03,897 | ERROR | Error getting depth for DJML-EQ: 'SmartConnect' object has no attribute 'marketData'
2026-08-11 10:50:05,246 | ERROR | Error getting depth for UFLEX-EQ: 'SmartConnect' object has no attribute 'marketData'
2026-08-11 10:50:05,917 | ERROR | Error getting depth for MOHEALTH-EQ: 'SmartConnect' object has no attribute 'marketData'
2026-08-11 10:50:06,595 | ERROR | Error getting depth for LOYALTEX-EQ: 'SmartConnect' object has no attribute 'marketData'
2026-08-11 10:50:07,245 | ERROR | Error getting depth for GUJENERGY-EQ: 'SmartConnect' object has no attribute 'marketData'
2026-08-11 10:50:08,935 | ERROR | Error getting depth for ZENSARTECH-EQ: 'SmartConnect' object has no attribute 'marketData'
2026-08-11 10:50:09,582 | ERROR | Error getting depth for SIRCA-EQ: 'SmartConnect' object has no attribute 'marketData'
2026-08-11 10:50:10,924 | ERROR | Error getting depth for TVSELECT-EQ: 'SmartConnect' object has no attribute 'marketData'
2026-08-11 10:50:11,570 | ERROR | Error getting depth for TIPSFILMS-EQ: 'SmartConnect' object has no attribute 'marketData'
2026-08-11 10:50:15,585 | ERROR | Error getting depth for PPLPHARMA-EQ: 'SmartConnect' object has no attribute 'marketData'
2026-08-11 10:50:27,760 | INFO | Fetched 2485 NSE stocks
2026-08-11 10:50:29,822 | ERROR | Error getting depth for SHAREINDIA-EQ: 'SmartConnect' object has no attribute 'marketData'
2026-08-11 10:50:31,115 | ERROR | Error getting depth for MUTHOOTCAP-EQ: 'SmartConnect' object has no attribute 'marketData'
2026-08-11 10:50:31,781 | ERROR | Error getting depth for NAVKARCORP-EQ: 'SmartConnect' object has no attribute 'marketData'
2026-08-11 10:50:32,462 | ERROR | Error getting depth for MOM30IETF-EQ: 'SmartConnect' object has no attribute 'marketData'
2026-08-11 10:50:33,108 | ERROR | Error getting depth for UNIONBANK-EQ: 'SmartConnect' object has no attribute 'marketData'
2026-08-11 10:50:33,758 | ERROR | Error getting depth for MOQUALITY-EQ: 'SmartConnect' object has no attribute 'marketData'
2026-08-11 10:50:34,435 | ERROR | Error getting depth for DBOL-EQ: 'SmartConnect' object has no attribute 'marketData'
2026-08-11 10:50:36,477 | ERROR | Error getting depth for UNIENTER-EQ: 'SmartConnect' object has no attribute 'marketData'
2026-08-11 10:50:37,859 | ERROR | Error getting depth for MAHABANK-EQ: 'SmartConnect' object has no attribute 'marketData'
2026-08-11 10:50:38,525 | ERROR | Error getting depth for GICHSGFIN-EQ: 'SmartConnect' object has no attribute 'marketData'
2026-08-11 10:50:40,602 | ERROR | Error getting depth for TEXINFRA-EQ: 'SmartConnect' object has no attribute 'marketData'
2026-08-11 10:50:43,916 | ERROR | Error getting depth for EVEREADY-EQ: 'SmartConnect' object has no attribute 'marketData'
2026-08-11 10:50:44,605 | ERROR | Error getting depth for HPIL-EQ: 'SmartConnect' object has no attribute 'marketData'
2026-08-11 10:50:45,962 | ERROR | Error getting depth for SUKHJITS-EQ: 'SmartConnect' object has no attribute 'marketData'
2026-08-11 10:50:46,626 | ERROR | Error getting depth for SSWL-EQ: 'SmartConnect' object has no attribute 'marketData'
2026-08-11 10:50:49,994 | ERROR | Error getting depth for MBAPL-EQ: 'SmartConnect' object has no attribute 'marketData'
2026-08-11 10:50:50,710 | ERROR | Error getting depth for DJML-EQ: 'SmartConnect' object has no attribute 'marketData'
2026-08-11 10:50:52,021 | ERROR | Error getting depth for UFLEX-EQ: 'SmartConnect' object has no attribute 'marketData'
2026-08-11 10:50:52,691 | ERROR | Error getting depth for MOHEALTH-EQ: 'SmartConnect' object has no attribute 'marketData'
2026-08-11 10:50:53,344 | ERROR | Error getting depth for LOYALTEX-EQ: 'SmartConnect' object has no attribute 'marketData'
2026-08-11 10:50:53,987 | ERROR | Error getting depth for GUJENERGY-EQ: 'SmartConnect' object has no attribute 'marketData'
2026-08-11 10:50:55,953 | ERROR | Error getting depth for SIRCA-EQ: 'SmartConnect' object has no attribute 'marketData'
2026-08-11 10:50:57,250 | ERROR | Error getting depth for TVSELECT-EQ: 'SmartConnect' object has no attribute 'marketData'
2026-08-11 10:50:57,961 | ERROR | Error getting depth for TIPSFILMS-EQ: 'SmartConnect' object has no attribute 'marketData'
2026-08-11 10:51:01,526 | ERROR | Error getting depth for PPLPHARMA-EQ: 'SmartConnect' object has no attribute 'marketData'
2026-08-11 10:51:17,314 | INFO | Fetched 2485 NSE stocks
2026-08-11 10:51:19,506 | ERROR | Error getting depth for SHAREINDIA-EQ: 'SmartConnect' object has no attribute 'marketData'
2026-08-11 10:51:27,063 | ERROR | Error getting depth for MUTHOOTCAP-EQ: 'SmartConnect' object has no attribute 'marketData'
2026-08-11 10:51:27,759 | ERROR | Error getting depth for NAVKARCORP-EQ: 'SmartConnect' object has no attribute 'marketData'
2026-08-11 10:51:28,479 | ERROR | Error getting depth for MOM30IETF-EQ: 'SmartConnect' object has no attribute 'marketData'
2026-08-11 10:51:29,239 | ERROR | Error getting depth for UNIONBANK-EQ: 'SmartConnect' object has no attribute 'marketData'
2026-08-11 10:51:29,952 | ERROR | Error getting depth for MOQUALITY-EQ: 'SmartConnect' object has no attribute 'marketData'
2026-08-11 10:51:30,654 | ERROR | Error getting depth for DBOL-EQ: 'SmartConnect' object has no attribute 'marketData'
2026-08-11 10:51:32,860 | ERROR | Error getting depth for UNIENTER-EQ: 'SmartConnect' object has no attribute 'marketData'
2026-08-11 10:51:34,230 | ERROR | Error getting depth for MAHABANK-EQ: 'SmartConnect' object has no attribute 'marketData'
2026-08-11 10:51:34,883 | ERROR | Error getting depth for GICHSGFIN-EQ: 'SmartConnect' object has no attribute 'marketData'
2026-08-11 10:51:36,975 | ERROR | Error getting depth for TEXINFRA-EQ: 'SmartConnect' object has no attribute 'marketData'
2026-08-11 10:51:40,440 | ERROR | Error getting depth for EVEREADY-EQ: 'SmartConnect' object has no attribute 'marketData'
2026-08-11 10:51:41,170 | ERROR | Error getting depth for HPIL-EQ: 'SmartConnect' object has no attribute 'marketData'
2026-08-11 10:51:42,536 | ERROR | Error getting depth for SUKHJITS-EQ: 'SmartConnect' object has no attribute 'marketData'
2026-08-11 10:51:43,242 | ERROR | Error getting depth for SSWL-EQ: 'SmartConnect' object has no attribute 'marketData'
2026-08-11 10:51:46,692 | ERROR | Error getting depth for MBAPL-EQ: 'SmartConnect' object has no attribute 'marketData'
2026-08-11 10:51:47,397 | ERROR | Error getting depth for DJML-EQ: 'SmartConnect' object has no attribute 'marketData'
2026-08-11 10:51:48,839 | ERROR | Error getting depth for UFLEX-EQ: 'SmartConnect' object has no attribute 'marketData'
2026-08-11 10:51:49,557 | ERROR | Error getting depth for MOHEALTH-EQ: 'SmartConnect' object has no attribute 'marketData'
2026-08-11 10:51:50,536 | ERROR | Error getting depth for LOYALTEX-EQ: 'SmartConnect' object has no attribute 'marketData'
2026-08-11 10:51:51,315 | ERROR | Error getting depth for GUJENERGY-EQ: 'SmartConnect' object has no attribute 'marketData'
2026-08-11 10:51:53,611 | ERROR | Error getting depth for SIRCA-EQ: 'SmartConnect' object has no attribute 'marketData'
2026-08-11 10:51:55,099 | ERROR | Error getting depth for TVSELECT-EQ: 'SmartConnect' object has no attribute 'marketData'
2026-08-11 10:51:55,737 | ERROR | Error getting depth for TIPSFILMS-EQ: 'SmartConnect' object has no attribute 'marketData'
2026-08-11 10:51:59,551 | ERROR | Error getting depth for PPLPHARMA-EQ: 'SmartConnect' object has no attribute 'marketData'
2026-08-11 10:52:11,324 | INFO | Fetched 2485 NSE stocks
2026-08-11 10:52:13,484 | ERROR | Error getting depth for SHAREINDIA-EQ: 'SmartConnect' object has no attribute 'marketData'
2026-08-11 10:52:14,885 | ERROR | Error getting depth for MUTHOOTCAP-EQ: 'SmartConnect' object has no attribute 'marketData'
2026-08-11 10:52:15,606 | ERROR | Error getting depth for NAVKARCORP-EQ: 'SmartConnect' object has no attribute 'marketData'
2026-08-11 10:52:16,384 | ERROR | Error getting depth for MOM30IETF-EQ: 'SmartConnect' object has no attribute 'marketData'
2026-08-11 10:52:17,037 | ERROR | Error getting depth for UNIONBANK-EQ: 'SmartConnect' object has no attribute 'marketData'
2026-08-11 10:52:17,797 | ERROR | Error getting depth for MOQUALITY-EQ: 'SmartConnect' object has no attribute 'marketData'
2026-08-11 10:52:18,515 | ERROR | Error getting depth for DBOL-EQ: 'SmartConnect' object has no attribute 'marketData'
2026-08-11 10:52:20,552 | ERROR | Error getting depth for UNIENTER-EQ: 'SmartConnect' object has no attribute 'marketData'
2026-08-11 10:52:21,979 | ERROR | Error getting depth for MAHABANK-EQ: 'SmartConnect' object has no attribute 'marketData'
2026-08-11 10:52:22,678 | ERROR | Error getting depth for GICHSGFIN-EQ: 'SmartConnect' object has no attribute 'marketData'
2026-08-11 10:52:25,017 | ERROR | Error getting depth for TEXINFRA-EQ: 'SmartConnect' object has no attribute 'marketData'
2026-08-11 10:52:28,937 | ERROR | Error getting depth for EVEREADY-EQ: 'SmartConnect' object has no attribute 'marketData'
2026-08-11 10:52:29,966 | ERROR | Error getting depth for HPIL-EQ: 'SmartConnect' object has no attribute 'marketData'
2026-08-11 10:52:31,803 | ERROR | Error getting depth for SUKHJITS-EQ: 'SmartConnect' object has no attribute 'marketData'
2026-08-11 10:52:32,714 | ERROR | Error getting depth for SSWL-EQ: 'SmartConnect' object has no attribute 'marketData'
2026-08-11 10:52:36,340 | ERROR | Error getting depth for MBAPL-EQ: 'SmartConnect' object has no attribute 'marketData'
2026-08-11 10:52:37,105 | ERROR | Error getting depth for DJML-EQ: 'SmartConnect' object has no attribute 'marketData'
2026-08-11 10:52:38,536 | ERROR | Error getting depth for UFLEX-EQ: 'SmartConnect' object has no attribute 'marketData'
2026-08-11 10:52:39,302 | ERROR | Error getting depth for MOHEALTH-EQ: 'SmartConnect' object has no attribute 'marketData'
2026-08-11 10:52:40,079 | ERROR | Error getting depth for LOYALTEX-EQ: 'SmartConnect' object has no attribute 'marketData'
2026-08-11 10:52:40,837 | ERROR | Error getting depth for GUJENERGY-EQ: 'SmartConnect' object has no attribute 'marketData'
2026-08-11 10:52:43,150 | ERROR | Error getting depth for SIRCA-EQ: 'SmartConnect' object has no attribute 'marketData'
2026-08-11 10:52:44,547 | ERROR | Error getting depth for TVSELECT-EQ: 'SmartConnect' object has no attribute 'marketData'
2026-08-11 10:52:45,242 | ERROR | Error getting depth for TIPSFILMS-EQ: 'SmartConnect' object has no attribute 'marketData'
2026-08-11 10:52:48,730 | ERROR | Error getting depth for PPLPHARMA-EQ: 'SmartConnect' object has no attribute 'marketData'
2026-08-11 10:53:10,468 | INFO | Fetched 2485 NSE stocks
2026-08-11 10:53:12,751 | ERROR | Error getting depth for SHAREINDIA-EQ: 'SmartConnect' object has no attribute 'marketData'
2026-08-11 10:53:14,223 | ERROR | Error getting depth for MUTHOOTCAP-EQ: 'SmartConnect' object has no attribute 'marketData'
2026-08-11 10:53:14,913 | ERROR | Error getting depth for NAVKARCORP-EQ: 'SmartConnect' object has no attribute 'marketData'
2026-08-11 10:53:15,631 | ERROR | Error getting depth for MOM30IETF-EQ: 'SmartConnect' object has no attribute 'marketData'
2026-08-11 10:53:16,383 | ERROR | Error getting depth for UNIONBANK-EQ: 'SmartConnect' object has no attribute 'marketData'
2026-08-11 10:53:17,068 | ERROR | Error getting depth for MOQUALITY-EQ: 'SmartConnect' object has no attribute 'marketData'
2026-08-11 10:53:17,755 | ERROR | Error getting depth for DBOL-EQ: 'SmartConnect' object has no attribute 'marketData'
2026-08-11 10:53:19,947 | ERROR | Error getting depth for UNIENTER-EQ: 'SmartConnect' object has no attribute 'marketData'
2026-08-11 10:53:21,597 | ERROR | Error getting depth for MAHABANK-EQ: 'SmartConnect' object has no attribute 'marketData'
2026-08-11 11:04:55,163 | INFO | Login successful
2026-08-11 11:04:57,016 | INFO | ML model trained successfully
2026-08-11 11:05:04,825 | INFO | Fetched 2485 NSE stocks
2026-08-11 11:05:15,549 | ERROR | Error getting candle data for MOM30IETF-EQ: Couldn't parse the JSON response received from the server: b'Access denied because of exceeding access rate'
2026-08-11 11:05:17,808 | ERROR | Error getting candle data for UNIONBANK-EQ: Couldn't parse the JSON response received from the server: b'Access denied because of exceeding access rate'
2026-08-11 11:05:22,079 | ERROR | Error getting candle data for DBOL-EQ: Couldn't parse the JSON response received from the server: b'Access denied because of exceeding access rate'
2026-08-11 11:05:32,991 | ERROR | Error getting candle data for MAHABANK-EQ: Couldn't parse the JSON response received from the server: b'Access denied because of exceeding access rate'
2026-08-11 11:05:35,207 | ERROR | Error getting candle data for GICHSGFIN-EQ: Couldn't parse the JSON response received from the server: b'Access denied because of exceeding access rate'
2026-08-11 11:05:38,842 | ERROR | Error getting candle data for TEXINFRA-EQ: Couldn't parse the JSON response received from the server: b'Access denied because of exceeding access rate'
2026-08-11 11:05:43,665 | ERROR | Error getting candle data for EVEREADY-EQ: Couldn't parse the JSON response received from the server: b'Access denied because of exceeding access rate'
2026-08-11 11:05:45,809 | ERROR | Error getting candle data for HPIL-EQ: Couldn't parse the JSON response received from the server: b'Access denied because of exceeding access rate'
2026-08-11 11:05:48,693 | ERROR | Error getting candle data for SUKHJITS-EQ: Couldn't parse the JSON response received from the server: b'Access denied because of exceeding access rate'
2026-08-11 11:05:55,641 | ERROR | Error getting candle data for MBAPL-EQ: Couldn't parse the JSON response received from the server: b'Access denied because of exceeding access rate'
2026-08-11 11:05:57,810 | ERROR | Error getting candle data for DJML-EQ: Couldn't parse the JSON response received from the server: b'Access denied because of exceeding access rate'
2026-08-11 11:06:00,754 | ERROR | Error getting candle data for UFLEX-EQ: Couldn't parse the JSON response received from the server: b'Access denied because of exceeding access rate'
2026-08-11 11:06:02,987 | ERROR | Error getting candle data for MOHEALTH-EQ: Couldn't parse the JSON response received from the server: b'Access denied because of exceeding access rate'
2026-08-11 11:06:16,112 | ERROR | Error getting candle data for GUJENERGY-EQ: Couldn't parse the JSON response received from the server: b'Access denied because of exceeding access rate'
2026-08-11 11:06:20,396 | ERROR | Error getting candle data for SIRCA-EQ: Couldn't parse the JSON response received from the server: b'Access denied because of exceeding access rate'
2026-08-11 11:06:23,404 | ERROR | Error getting candle data for TVSELECT-EQ: Couldn't parse the JSON response received from the server: b'Access denied because of exceeding access rate'
2026-08-11 11:06:31,070 | ERROR | Error getting candle data for PPLPHARMA-EQ: Couldn't parse the JSON response received from the server: b'Access denied because of exceeding access rate'
2026-08-11 11:06:45,161 | INFO | Fetched 2485 NSE stocks
2026-08-11 11:06:51,977 | ERROR | Error getting candle data for MUTHOOTCAP-EQ: Couldn't parse the JSON response received from the server: b'Access denied because of exceeding access rate'
2026-08-11 11:06:58,597 | ERROR | Error getting candle data for UNIONBANK-EQ: Couldn't parse the JSON response received from the server: b'Access denied because of exceeding access rate'
2026-08-11 11:07:00,910 | ERROR | Error getting candle data for MOQUALITY-EQ: Couldn't parse the JSON response received from the server: b'Access denied because of exceeding access rate'
2026-08-11 11:07:06,578 | ERROR | Error getting candle data for UNIENTER-EQ: Couldn't parse the JSON response received from the server: b'Access denied because of exceeding access rate'
2026-08-11 11:07:20,037 | ERROR | Error getting candle data for EVEREADY-EQ: Couldn't parse the JSON response received from the server: b'Access denied because of exceeding access rate'
2026-08-11 11:07:22,228 | ERROR | Error getting candle data for HPIL-EQ: Couldn't parse the JSON response received from the server: b'Access denied because of exceeding access rate'
2026-08-11 11:07:25,019 | ERROR | Error getting candle data for SUKHJITS-EQ: Couldn't parse the JSON response received from the server: b'Access denied because of exceeding access rate'
2026-08-11 11:07:27,169 | ERROR | Error getting candle data for SSWL-EQ: Couldn't parse the JSON response received from the server: b'Access denied because of exceeding access rate'
2026-08-11 11:07:37,196 | ERROR | Error getting candle data for UFLEX-EQ: Couldn't parse the JSON response received from the server: b'Access denied because of exceeding access rate'
2026-08-11 11:07:41,967 | ERROR | Error getting candle data for LOYALTEX-EQ: Couldn't parse the JSON response received from the server: b'Access denied because of exceeding access rate'
2026-08-11 11:07:43,999 | ERROR | Error getting candle data for GUJENERGY-EQ: Couldn't parse the JSON response received from the server: b'Access denied because of exceeding access rate'
2026-08-11 11:07:50,437 | ERROR | Error getting candle data for TVSELECT-EQ: Couldn't parse the JSON response received from the server: b'Access denied because of exceeding access rate'
2026-08-11 11:08:12,084 | INFO | Fetched 2485 NSE stocks
2026-08-11 11:08:18,195 | ERROR | Error getting candle data for MUTHOOTCAP-EQ: Couldn't parse the JSON response received from the server: b'Access denied because of exceeding access rate'
2026-08-11 11:08:22,434 | ERROR | Error getting candle data for MOM30IETF-EQ: Couldn't parse the JSON response received from the server: b'Access denied because of exceeding access rate'
2026-08-11 11:08:28,828 | ERROR | Error getting candle data for DBOL-EQ: Couldn't parse the JSON response received from the server: b'Access denied because of exceeding access rate'
2026-08-11 11:08:46,065 | ERROR | Error getting candle data for EVEREADY-EQ: Couldn't parse the JSON response received from the server: b'Access denied because of exceeding access rate'
2026-08-11 11:08:48,196 | ERROR | Error getting candle data for HPIL-EQ: Couldn't parse the JSON response received from the server: b'Access denied because of exceeding access rate'
2026-08-11 11:08:51,098 | ERROR | Error getting candle data for SUKHJITS-EQ: Couldn't parse the JSON response received from the server: b'Access denied because of exceeding access rate'
2026-08-11 11:08:58,400 | ERROR | Error getting candle data for MBAPL-EQ: Couldn't parse the JSON response received from the server: b'Access denied because of exceeding access rate'
2026-08-11 11:09:10,508 | ERROR | Error getting candle data for GUJENERGY-EQ: Couldn't parse the JSON response received from the server: b'Access denied because of exceeding access rate'
2026-08-11 11:09:16,890 | ERROR | Error getting candle data for TVSELECT-EQ: Couldn't parse the JSON response received from the server: b'Access denied because of exceeding access rate'
2026-08-11 11:09:23,896 | ERROR | Error getting candle data for PPLPHARMA-EQ: Couldn't parse the JSON response received from the server: b'Access denied because of exceeding access rate'
2026-08-11 11:09:36,498 | INFO | Fetched 2485 NSE stocks
2026-08-11 11:09:45,166 | ERROR | Error getting candle data for NAVKARCORP-EQ: Couldn't parse the JSON response received from the server: b'Access denied because of exceeding access rate'
2026-08-11 11:09:53,869 | ERROR | Error getting candle data for DBOL-EQ: Couldn't parse the JSON response received from the server: b'Access denied because of exceeding access rate'
2026-08-11 11:09:57,381 | ERROR | Error getting candle data for UNIENTER-EQ: Couldn't parse the JSON response received from the server: b'Access denied because of exceeding access rate'
2026-08-11 11:10:02,351 | ERROR | Error getting candle data for GICHSGFIN-EQ: Couldn't parse the JSON response received from the server: b'Access denied because of exceeding access rate'
2026-08-11 11:10:06,066 | ERROR | Error getting candle data for TEXINFRA-EQ: Couldn't parse the JSON response received from the server: b'Access denied because of exceeding access rate'
2026-08-11 11:10:13,274 | ERROR | Error getting candle data for HPIL-EQ: Couldn't parse the JSON response received from the server: b'Access denied because of exceeding access rate'
2026-08-11 11:10:16,450 | ERROR | Error getting candle data for SUKHJITS-EQ: Couldn't parse the JSON response received from the server: b'Access denied because of exceeding access rate'
2026-08-11 11:10:18,607 | ERROR | Error getting candle data for SSWL-EQ: Couldn't parse the JSON response received from the server: b'Access denied because of exceeding access rate'
2026-08-11 11:10:23,429 | ERROR | Error getting candle data for MBAPL-EQ: Couldn't parse the JSON response received from the server: b'Access denied because of exceeding access rate'
2026-08-11 11:10:25,714 | ERROR | Error getting candle data for DJML-EQ: Couldn't parse the JSON response received from the server: b'Access denied because of exceeding access rate'
2026-08-11 11:10:35,200 | ERROR | Error getting candle data for GUJENERGY-EQ: Couldn't parse the JSON response received from the server: b'Access denied because of exceeding access rate'
2026-08-11 11:10:38,003 | ERROR | Error getting candle data for ZENSARTECH-EQ: Couldn't parse the JSON response received from the server: b'Access denied because of exceeding access rate'
2026-08-11 11:10:43,029 | ERROR | Error getting candle data for TVSELECT-EQ: Couldn't parse the JSON response received from the server: b'Access denied because of exceeding access rate'
2026-08-11 11:10:45,251 | ERROR | Error getting candle data for TIPSFILMS-EQ: Couldn't parse the JSON response received from the server: b'Access denied because of exceeding access rate'
2026-08-11 11:11:15,732 | INFO | Fetched 2485 NSE stocks
2026-08-11 11:11:19,199 | ERROR | Error getting candle data for SHAREINDIA-EQ: Couldn't parse the JSON response received from the server: b'Access denied because of exceeding access rate'
2026-08-11 11:11:24,958 | ERROR | Error getting candle data for NAVKARCORP-EQ: Couldn't parse the JSON response received from the server: b'Access denied because of exceeding access rate'
2026-08-11 11:11:33,946 | ERROR | Error getting candle data for DBOL-EQ: Couldn't parse the JSON response received from the server: b'Access denied because of exceeding access rate'
2026-08-11 11:11:42,929 | ERROR | Error getting candle data for GICHSGFIN-EQ: Couldn't parse the JSON response received from the server: b'Access denied because of exceeding access rate'
2026-08-11 11:11:57,527 | ERROR | Error getting candle data for SUKHJITS-EQ: Couldn't parse the JSON response received from the server: b'Access denied because of exceeding access rate'
2026-08-11 11:12:01,430 | ERROR | Error getting candle data for SSWL-EQ: Couldn't parse the JSON response received from the server: b'Access denied because of exceeding access rate'
2026-08-11 11:12:15,993 | ERROR | Error getting candle data for UFLEX-EQ: Couldn't parse the JSON response received from the server: b'Access denied because of exceeding access rate'
2026-08-11 11:12:18,141 | ERROR | Error getting candle data for MOHEALTH-EQ: Couldn't parse the JSON response received from the server: b'Access denied because of exceeding access rate'
2026-08-11 11:12:20,335 | ERROR | Error getting candle data for LOYALTEX-EQ: Couldn't parse the JSON response received from the server: b'Access denied because of exceeding access rate'
2026-08-11 11:12:22,622 | ERROR | Error getting candle data for GUJENERGY-EQ: Couldn't parse the JSON response received from the server: b'Access denied because of exceeding access rate'
2026-08-11 11:12:27,558 | ERROR | Error getting candle data for SIRCA-EQ: Couldn't parse the JSON response received from the server: b'Access denied because of exceeding access rate'
2026-08-11 11:12:30,469 | ERROR | Error getting candle data for TVSELECT-EQ: Couldn't parse the JSON response received from the server: b'Access denied because of exceeding access rate'
2026-08-11 11:12:32,592 | ERROR | Error getting candle data for TIPSFILMS-EQ: Couldn't parse the JSON response received from the server: b'Access denied because of exceeding access rate'
2026-08-11 11:12:53,100 | INFO | Fetched 2485 NSE stocks
2026-08-11 11:12:56,587 | ERROR | Error getting candle data for SHAREINDIA-EQ: Couldn't parse the JSON response received from the server: b'Access denied because of exceeding access rate'
2026-08-11 11:13:08,180 | ERROR | Error getting depth for MUTHOOTCAP-EQ: ('Connection aborted.', ConnectionResetError(10054, 'An existing connection was forcibly closed by the remote host', None, 10054, None))
2026-08-11 11:13:22,208 | ERROR | Error getting LTP for NAVKARCORP-EQ: HTTPSConnectionPool(host='apiconnect.angelone.in', port=443): Max retries exceeded with url: /rest/secure/angelbroking/order/v1/getLtpData (Caused by ConnectTimeoutError(<HTTPSConnection(host='apiconnect.angelone.in', port=443) at 0x2293bd5b390>, 'Connection to apiconnect.angelone.in timed out. (connect timeout=7)'))
2026-08-11 11:13:28,958 | ERROR | Error getting candle data for UNIONBANK-EQ: Couldn't parse the JSON response received from the server: b'Access denied because of exceeding access rate'
2026-08-11 11:13:36,229 | ERROR | Error getting candle data for DBOL-EQ: Couldn't parse the JSON response received from the server: b'Access denied because of exceeding access rate'
2026-08-11 11:13:57,860 | ERROR | Error getting candle data for EVEREADY-EQ: Couldn't parse the JSON response received from the server: b'Access denied because of exceeding access rate'
2026-08-11 11:14:17,809 | ERROR | Error getting candle data for MOHEALTH-EQ: Couldn't parse the JSON response received from the server: b'Access denied because of exceeding access rate'
2026-08-11 11:14:51,934 | INFO | Fetched 2485 NSE stocks
2026-08-11 11:14:55,608 | ERROR | Error getting candle data for SHAREINDIA-EQ: Couldn't parse the JSON response received from the server: b'Access denied because of exceeding access rate'
2026-08-11 11:15:02,866 | ERROR | Error getting candle data for MOM30IETF-EQ: Couldn't parse the JSON response received from the server: b'Access denied because of exceeding access rate'
2026-08-11 11:15:04,975 | ERROR | Error getting candle data for UNIONBANK-EQ: Couldn't parse the JSON response received from the server: b'Access denied because of exceeding access rate'
2026-08-11 11:15:07,154 | ERROR | Error getting candle data for MOQUALITY-EQ: Couldn't parse the JSON response received from the server: b'Access denied because of exceeding access rate'
2026-08-11 11:15:12,996 | ERROR | Error getting candle data for UNIENTER-EQ: Couldn't parse the JSON response received from the server: b'Access denied because of exceeding access rate'
2026-08-11 11:15:16,085 | ERROR | Error getting candle data for MAHABANK-EQ: Couldn't parse the JSON response received from the server: b'Access denied because of exceeding access rate'
2026-08-11 11:15:18,302 | ERROR | Error getting candle data for GICHSGFIN-EQ: Couldn't parse the JSON response received from the server: b'Access denied because of exceeding access rate'
2026-08-11 11:15:21,785 | ERROR | Error getting candle data for TEXINFRA-EQ: Couldn't parse the JSON response received from the server: b'Access denied because of exceeding access rate'
2026-08-11 11:15:26,941 | ERROR | Error getting candle data for EVEREADY-EQ: Couldn't parse the JSON response received from the server: b'Access denied because of exceeding access rate'
2026-08-11 11:15:29,361 | ERROR | Error getting candle data for HPIL-EQ: Couldn't parse the JSON response received from the server: b'Access denied because of exceeding access rate'
2026-08-11 11:15:35,098 | ERROR | Error getting candle data for SSWL-EQ: Couldn't parse the JSON response received from the server: b'Access denied because of exceeding access rate'
2026-08-11 11:15:45,342 | ERROR | Error getting candle data for UFLEX-EQ: Couldn't parse the JSON response received from the server: b'Access denied because of exceeding access rate'
2026-08-11 11:15:47,589 | ERROR | Error getting candle data for MOHEALTH-EQ: Couldn't parse the JSON response received from the server: b'Access denied because of exceeding access rate'
2026-08-11 11:15:52,662 | ERROR | Error getting candle data for GUJENERGY-EQ: Couldn't parse the JSON response received from the server: b'Access denied because of exceeding access rate'
2026-08-11 11:15:59,468 | ERROR | Error getting candle data for TVSELECT-EQ: Couldn't parse the JSON response received from the server: b'Access denied because of exceeding access rate'
2026-08-11 11:16:07,308 | ERROR | Error getting candle data for PPLPHARMA-EQ: Couldn't parse the JSON response received from the server: b'Access denied because of exceeding access rate'
2026-08-11 11:16:31,864 | INFO | Fetched 2485 NSE stocks
2026-08-11 11:16:35,974 | ERROR | Error getting candle data for SHAREINDIA-EQ: Couldn't parse the JSON response received from the server: b'Access denied because of exceeding access rate'
2026-08-11 11:16:38,935 | ERROR | Error getting candle data for MUTHOOTCAP-EQ: Couldn't parse the JSON response received from the server: b'Access denied because of exceeding access rate'
2026-08-11 11:16:46,215 | ERROR | Error getting candle data for UNIONBANK-EQ: Couldn't parse the JSON response received from the server: b'Access denied because of exceeding access rate'
2026-08-11 11:16:48,413 | ERROR | Error getting candle data for MOQUALITY-EQ: Couldn't parse the JSON response received from the server: b'Access denied because of exceeding access rate'
2026-08-11 11:16:50,617 | ERROR | Error getting candle data for DBOL-EQ: Couldn't parse the JSON response received from the server: b'Access denied because of exceeding access rate'
2026-08-11 11:16:59,988 | ERROR | Error getting candle data for GICHSGFIN-EQ: Couldn't parse the JSON response received from the server: b'Access denied because of exceeding access rate'
2026-08-11 11:17:03,596 | ERROR | Error getting candle data for TEXINFRA-EQ: Couldn't parse the JSON response received from the server: b'Access denied because of exceeding access rate'
2026-08-11 11:17:08,625 | ERROR | Error getting candle data for EVEREADY-EQ: Couldn't parse the JSON response received from the server: b'Access denied because of exceeding access rate'
2026-08-11 11:17:13,816 | ERROR | Error getting candle data for SUKHJITS-EQ: Couldn't parse the JSON response received from the server: b'Access denied because of exceeding access rate'
2026-08-11 11:17:15,961 | ERROR | Error getting candle data for SSWL-EQ: Couldn't parse the JSON response received from the server: b'Access denied because of exceeding access rate'
2026-08-11 11:17:28,475 | ERROR | Error getting candle data for MOHEALTH-EQ: Couldn't parse the JSON response received from the server: b'Access denied because of exceeding access rate'
2026-08-11 11:17:42,449 | ERROR | Error getting candle data for TIPSFILMS-EQ: Couldn't parse the JSON response received from the server: b'Access denied because of exceeding access rate'
2026-08-11 11:17:47,600 | ERROR | Error getting candle data for PPLPHARMA-EQ: Couldn't parse the JSON response received from the server: b'Access denied because of exceeding access rate'
2026-08-11 11:18:06,894 | INFO | Fetched 2485 NSE stocks
2026-08-11 11:18:18,013 | ERROR | Error getting candle data for MOM30IETF-EQ: Couldn't parse the JSON response received from the server: b'Access denied because of exceeding access rate'
2026-08-11 11:18:24,648 | ERROR | Error getting candle data for DBOL-EQ: Couldn't parse the JSON response received from the server: b'Access denied because of exceeding access rate'
2026-08-11 11:18:50,134 | ERROR | Error getting candle data for SSWL-EQ: Couldn't parse the JSON response received from the server: b'Access denied because of exceeding access rate'
2026-08-11 11:18:55,082 | ERROR | Error getting candle data for MBAPL-EQ: Couldn't parse the JSON response received from the server: b'Access denied because of exceeding access rate'
2026-08-11 11:19:02,336 | ERROR | Error getting candle data for MOHEALTH-EQ: Couldn't parse the JSON response received from the server: b'Access denied because of exceeding access rate'
2026-08-11 11:19:06,734 | ERROR | Error getting candle data for GUJENERGY-EQ: Couldn't parse the JSON response received from the server: b'Access denied because of exceeding access rate'
2026-08-11 11:19:10,455 | ERROR | Error getting candle data for SIRCA-EQ: Couldn't parse the JSON response received from the server: b'Access denied because of exceeding access rate'
2026-08-11 11:19:13,838 | ERROR | Error getting candle data for TVSELECT-EQ: Couldn't parse the JSON response received from the server: b'Access denied because of exceeding access rate'
2026-08-11 11:19:16,153 | ERROR | Error getting candle data for TIPSFILMS-EQ: Couldn't parse the JSON response received from the server: b'Access denied because of exceeding access rate'
2026-08-11 11:19:20,892 | ERROR | Error getting candle data for PPLPHARMA-EQ: Couldn't parse the JSON response received from the server: b'Access denied because of exceeding access rate'
2026-08-11 11:19:47,586 | INFO | Fetched 2485 NSE stocks
2026-08-11 11:19:54,813 | ERROR | Error getting candle data for MUTHOOTCAP-EQ: Couldn't parse the JSON response received from the server: b'Access denied because of exceeding access rate'
2026-08-11 11:19:57,252 | ERROR | Error getting candle data for NAVKARCORP-EQ: Couldn't parse the JSON response received from the server: b'Access denied because of exceeding access rate'
2026-08-11 11:20:01,620 | ERROR | Error getting candle data for UNIONBANK-EQ: Couldn't parse the JSON response received from the server: b'Access denied because of exceeding access rate'
2026-08-11 11:20:05,909 | ERROR | Error getting candle data for DBOL-EQ: Couldn't parse the JSON response received from the server: b'Access denied because of exceeding access rate'
2026-08-11 11:20:23,912 | ERROR | Error getting candle data for EVEREADY-EQ: Couldn't parse the JSON response received from the server: b'Access denied because of exceeding access rate'
2026-08-11 11:20:29,259 | ERROR | Error getting candle data for SUKHJITS-EQ: Couldn't parse the JSON response received from the server: b'Access denied because of exceeding access rate'
2026-08-11 11:20:43,985 | ERROR | Error getting candle data for MOHEALTH-EQ: Couldn't parse the JSON response received from the server: b'Access denied because of exceeding access rate'
2026-08-11 11:20:49,094 | ERROR | Error getting candle data for GUJENERGY-EQ: Couldn't parse the JSON response received from the server: b'Access denied because of exceeding access rate'
2026-08-11 11:21:20,290 | INFO | Fetched 2485 NSE stocks
2026-08-11 11:21:24,642 | ERROR | Error getting candle data for SHAREINDIA-EQ: Couldn't parse the JSON response received from the server: b'Access denied because of exceeding access rate'
2026-08-11 11:21:27,687 | ERROR | Error getting candle data for MUTHOOTCAP-EQ: Couldn't parse the JSON response received from the server: b'Access denied because of exceeding access rate'
2026-08-11 11:21:29,918 | ERROR | Error getting candle data for NAVKARCORP-EQ: Couldn't parse the JSON response received from the server: b'Access denied because of exceeding access rate'
2026-08-11 11:21:32,221 | ERROR | Error getting candle data for MOM30IETF-EQ: Couldn't parse the JSON response received from the server: b'Access denied because of exceeding access rate'
2026-08-11 11:21:34,446 | ERROR | Error getting candle data for UNIONBANK-EQ: Couldn't parse the JSON response received from the server: b'Access denied because of exceeding access rate'
2026-08-11 11:21:38,874 | ERROR | Error getting candle data for DBOL-EQ: Couldn't parse the JSON response received from the server: b'Access denied because of exceeding access rate'
2026-08-11 11:21:42,619 | ERROR | Error getting candle data for UNIENTER-EQ: Couldn't parse the JSON response received from the server: b'Access denied because of exceeding access rate'
2026-08-11 11:21:53,075 | ERROR | Error getting candle data for TEXINFRA-EQ: Couldn't parse the JSON response received from the server: b'Access denied because of exceeding access rate'
2026-08-11 11:21:58,830 | ERROR | Error getting candle data for EVEREADY-EQ: Couldn't parse the JSON response received from the server: b'Access denied because of exceeding access rate'
2026-08-11 11:22:04,759 | ERROR | Error getting candle data for SUKHJITS-EQ: Couldn't parse the JSON response received from the server: b'Access denied because of exceeding access rate'
2026-08-11 11:22:17,515 | ERROR | Error getting candle data for UFLEX-EQ: Couldn't parse the JSON response received from the server: b'Access denied because of exceeding access rate'
2026-08-11 11:22:21,981 | ERROR | Error getting candle data for LOYALTEX-EQ: Couldn't parse the JSON response received from the server: b'Access denied because of exceeding access rate'
2026-08-11 11:22:24,184 | ERROR | Error getting candle data for GUJENERGY-EQ: Couldn't parse the JSON response received from the server: b'Access denied because of exceeding access rate'
2026-08-11 11:22:30,800 | ERROR | Error getting candle data for TVSELECT-EQ: Couldn't parse the JSON response received from the server: b'Access denied because of exceeding access rate'
2026-08-11 11:23:06,614 | INFO | Fetched 2485 NSE stocks
2026-08-11 11:23:27,163 | ERROR | Error getting candle data for DBOL-EQ: Couldn't parse the JSON response received from the server: b'Access denied because of exceeding access rate'
2026-08-11 11:23:33,430 | ERROR | Error getting candle data for UNIENTER-EQ: Couldn't parse the JSON response received from the server: b'Access denied because of exceeding access rate'
2026-08-11 11:23:38,320 | ERROR | Error getting candle data for MAHABANK-EQ: Couldn't parse the JSON response received from the server: b'Access denied because of exceeding access rate'
2026-08-11 11:23:51,655 | ERROR | Error getting candle data for TEXINFRA-EQ: Couldn't parse the JSON response received from the server: b'Access denied because of exceeding access rate'
2026-08-11 11:24:27,537 | ERROR | Error getting candle data for MBAPL-EQ: Couldn't parse the JSON response received from the server: b'Access denied because of exceeding access rate'
2026-08-11 11:24:36,380 | ERROR | Error getting candle data for UFLEX-EQ: Couldn't parse the JSON response received from the server: b'Access denied because of exceeding access rate'
2026-08-11 11:24:41,245 | ERROR | Error getting candle data for LOYALTEX-EQ: Couldn't parse the JSON response received from the server: b'Access denied because of exceeding access rate'
2026-08-11 11:24:43,448 | ERROR | Error getting candle data for GUJENERGY-EQ: Couldn't parse the JSON response received from the server: b'Access denied because of exceeding access rate'
2026-08-11 11:25:11,595 | INFO | Fetched 2485 NSE stocks
2026-08-11 11:25:15,652 | ERROR | Error getting candle data for SHAREINDIA-EQ: Couldn't parse the JSON response received from the server: b'Access denied because of exceeding access rate'
2026-08-11 11:25:18,856 | ERROR | Error getting candle data for MUTHOOTCAP-EQ: Couldn't parse the JSON response received from the server: b'Access denied because of exceeding access rate'
2026-08-11 11:25:22,548 | ERROR | Error getting candle data for NAVKARCORP-EQ: Couldn't parse the JSON response received from the server: b'Access denied because of exceeding access rate'
2026-08-11 11:25:37,266 | ERROR | Error getting candle data for UNIENTER-EQ: Couldn't parse the JSON response received from the server: b'Access denied because of exceeding access rate'
2026-08-11 11:25:42,683 | ERROR | Error getting candle data for GICHSGFIN-EQ: Couldn't parse the JSON response received from the server: b'Access denied because of exceeding access rate'
2026-08-11 11:25:46,732 | ERROR | Error getting candle data for TEXINFRA-EQ: Couldn't parse the JSON response received from the server: b'Access denied because of exceeding access rate'
2026-08-11 11:25:52,072 | ERROR | Error getting candle data for EVEREADY-EQ: Couldn't parse the JSON response received from the server: b'Access denied because of exceeding access rate'
2026-08-11 11:25:54,876 | ERROR | Error getting candle data for HPIL-EQ: Couldn't parse the JSON response received from the server: b'Access denied because of exceeding access rate'
2026-08-11 11:25:57,725 | ERROR | Error getting candle data for SUKHJITS-EQ: Couldn't parse the JSON response received from the server: b'Access denied because of exceeding access rate'
2026-08-11 11:26:00,041 | ERROR | Error getting candle data for SSWL-EQ: Couldn't parse the JSON response received from the server: b'Access denied because of exceeding access rate'
2026-08-11 11:26:07,988 | ERROR | Error getting candle data for DJML-EQ: Couldn't parse the JSON response received from the server: b'Access denied because of exceeding access rate'
2026-08-11 11:26:10,793 | ERROR | Error getting candle data for UFLEX-EQ: Couldn't parse the JSON response received from the server: b'Access denied because of exceeding access rate'
2026-08-11 11:26:17,990 | ERROR | Error getting candle data for GUJENERGY-EQ: Couldn't parse the JSON response received from the server: b'Access denied because of exceeding access rate'
2026-08-11 11:26:25,672 | ERROR | Error getting candle data for TVSELECT-EQ: Couldn't parse the JSON response received from the server: b'Access denied because of exceeding access rate'
2026-08-11 11:26:28,064 | ERROR | Error getting candle data for TIPSFILMS-EQ: Couldn't parse the JSON response received from the server: b'Access denied because of exceeding access rate'
2026-08-11 11:26:33,116 | ERROR | Error getting candle data for PPLPHARMA-EQ: Couldn't parse the JSON response received from the server: b'Access denied because of exceeding access rate'
2026-08-11 11:26:46,851 | INFO | Fetched 2485 NSE stocks
2026-08-11 11:26:53,819 | ERROR | Error getting candle data for MUTHOOTCAP-EQ: Couldn't parse the JSON response received from the server: b'Access denied because of exceeding access rate'
2026-08-11 11:26:58,385 | ERROR | Error getting candle data for MOM30IETF-EQ: Couldn't parse the JSON response received from the server: b'Access denied because of exceeding access rate'
2026-08-11 11:27:00,663 | ERROR | Error getting candle data for UNIONBANK-EQ: Couldn't parse the JSON response received from the server: b'Access denied because of exceeding access rate'
2026-08-11 11:27:02,948 | ERROR | Error getting candle data for MOQUALITY-EQ: Couldn't parse the JSON response received from the server: b'Access denied because of exceeding access rate'
2026-08-11 11:27:05,291 | ERROR | Error getting candle data for DBOL-EQ: Couldn't parse the JSON response received from the server: b'Access denied because of exceeding access rate'
2026-08-11 11:27:14,210 | ERROR | Error getting candle data for GICHSGFIN-EQ: Couldn't parse the JSON response received from the server: b'Access denied because of exceeding access rate'
2026-08-11 11:27:17,967 | ERROR | Error getting candle data for TEXINFRA-EQ: Couldn't parse the JSON response received from the server: b'Access denied because of exceeding access rate'
2026-08-11 11:27:25,651 | ERROR | Error getting candle data for HPIL-EQ: Couldn't parse the JSON response received from the server: b'Access denied because of exceeding access rate'
2026-08-11 11:27:31,383 | ERROR | Error getting candle data for SSWL-EQ: Couldn't parse the JSON response received from the server: b'Access denied because of exceeding access rate'
2026-08-11 11:27:40,246 | ERROR | Error getting candle data for MBAPL-EQ: Couldn't parse the JSON response received from the server: b'Access denied because of exceeding access rate'
2026-08-11 11:27:52,706 | ERROR | Error getting candle data for GUJENERGY-EQ: Couldn't parse the JSON response received from the server: b'Access denied because of exceeding access rate'
2026-08-11 11:27:59,469 | ERROR | Error getting candle data for TVSELECT-EQ: Couldn't parse the JSON response received from the server: b'Access denied because of exceeding access rate'
2026-08-11 11:28:21,336 | INFO | Fetched 2485 NSE stocks
2026-08-11 11:28:28,327 | ERROR | Error getting candle data for MUTHOOTCAP-EQ: Couldn't parse the JSON response received from the server: b'Access denied because of exceeding access rate'
2026-08-11 11:28:30,636 | ERROR | Error getting candle data for NAVKARCORP-EQ: Couldn't parse the JSON response received from the server: b'Access denied because of exceeding access rate'
2026-08-11 11:28:49,838 | ERROR | Error getting candle data for GICHSGFIN-EQ: Couldn't parse the JSON response received from the server: b'Access denied because of exceeding access rate'
2026-08-11 11:28:53,669 | ERROR | Error getting candle data for TEXINFRA-EQ: Couldn't parse the JSON response received from the server: b'Access denied because of exceeding access rate'
2026-08-11 11:28:58,956 | ERROR | Error getting candle data for EVEREADY-EQ: Couldn't parse the JSON response received from the server: b'Access denied because of exceeding access rate'
2026-08-11 11:29:06,850 | ERROR | Error getting candle data for SSWL-EQ: Couldn't parse the JSON response received from the server: b'Access denied because of exceeding access rate'
2026-08-11 11:29:12,210 | ERROR | Error getting candle data for MBAPL-EQ: Couldn't parse the JSON response received from the server: b'Access denied because of exceeding access rate'
2026-08-11 11:29:17,619 | ERROR | Error getting candle data for UFLEX-EQ: Couldn't parse the JSON response received from the server: b'Access denied because of exceeding access rate'
2026-08-11 11:29:31,785 | ERROR | Error getting candle data for TVSELECT-EQ: Couldn't parse the JSON response received from the server: b'Access denied because of exceeding access rate'
2026-08-11 11:29:34,144 | ERROR | Error getting candle data for TIPSFILMS-EQ: Couldn't parse the JSON response received from the server: b'Access denied because of exceeding access rate'
2026-08-11 11:29:40,818 | ERROR | Error getting candle data for PPLPHARMA-EQ: Couldn't parse the JSON response received from the server: b'Access denied because of exceeding access rate'
2026-08-11 11:29:55,547 | INFO | Fetched 2485 NSE stocks
2026-08-11 11:30:02,701 | ERROR | Error getting candle data for MUTHOOTCAP-EQ: Couldn't parse the JSON response received from the server: b'Access denied because of exceeding access rate'
2026-08-11 11:30:07,352 | ERROR | Error getting candle data for MOM30IETF-EQ: Couldn't parse the JSON response received from the server: b'Access denied because of exceeding access rate'
2026-08-11 11:30:11,993 | ERROR | Error getting candle data for MOQUALITY-EQ: Couldn't parse the JSON response received from the server: b'Access denied because of exceeding access rate'
2026-08-11 11:30:18,295 | ERROR | Error getting candle data for UNIENTER-EQ: Couldn't parse the JSON response received from the server: b'Access denied because of exceeding access rate'
2026-08-11 11:30:23,700 | ERROR | Error getting candle data for GICHSGFIN-EQ: Couldn't parse the JSON response received from the server: b'Access denied because of exceeding access rate'
2026-08-11 11:30:27,437 | ERROR | Error getting candle data for TEXINFRA-EQ: Couldn't parse the JSON response received from the server: b'Access denied because of exceeding access rate'
2026-08-11 11:30:35,194 | ERROR | Error getting candle data for HPIL-EQ: Couldn't parse the JSON response received from the server: b'Access denied because of exceeding access rate'
2026-08-11 11:30:38,203 | ERROR | Error getting candle data for SUKHJITS-EQ: Couldn't parse the JSON response received from the server: b'Access denied because of exceeding access rate'
2026-08-11 11:30:45,736 | ERROR | Error getting candle data for MBAPL-EQ: Couldn't parse the JSON response received from the server: b'Access denied because of exceeding access rate'
2026-08-11 11:30:48,204 | ERROR | Error getting candle data for DJML-EQ: Couldn't parse the JSON response received from the server: b'Access denied because of exceeding access rate'
2026-08-11 11:30:56,297 | ERROR | Error getting candle data for LOYALTEX-EQ: Couldn't parse the JSON response received from the server: b'Access denied because of exceeding access rate'
2026-08-11 11:31:02,681 | ERROR | Error getting candle data for SIRCA-EQ: Couldn't parse the JSON response received from the server: b'Access denied because of exceeding access rate'
2026-08-11 11:31:05,656 | ERROR | Error getting candle data for TVSELECT-EQ: Couldn't parse the JSON response received from the server: b'Access denied because of exceeding access rate'
2026-08-11 11:31:27,233 | INFO | Fetched 2485 NSE stocks
2026-08-11 11:31:30,941 | ERROR | Error getting candle data for SHAREINDIA-EQ: Couldn't parse the JSON response received from the server: b'Access denied because of exceeding access rate'
2026-08-11 11:31:35,043 | ERROR | Error getting candle data for MUTHOOTCAP-EQ: Couldn't parse the JSON response received from the server: b'Access denied because of exceeding access rate'
2026-08-11 11:31:37,483 | ERROR | Error getting candle data for NAVKARCORP-EQ: Couldn't parse the JSON response received from the server: b'Access denied because of exceeding access rate'
2026-08-11 11:31:39,752 | ERROR | Error getting candle data for MOM30IETF-EQ: Couldn't parse the JSON response received from the server: b'Access denied because of exceeding access rate'
2026-08-11 11:31:42,081 | ERROR | Error getting candle data for UNIONBANK-EQ: Couldn't parse the JSON response received from the server: b'Access denied because of exceeding access rate'
2026-08-11 11:31:46,768 | ERROR | Error getting candle data for DBOL-EQ: Couldn't parse the JSON response received from the server: b'Access denied because of exceeding access rate'
2026-08-11 11:31:50,574 | ERROR | Error getting candle data for UNIENTER-EQ: Couldn't parse the JSON response received from the server: b'Access denied because of exceeding access rate'
2026-08-11 11:31:56,628 | ERROR | Error getting candle data for GICHSGFIN-EQ: Couldn't parse the JSON response received from the server: b'Access denied because of exceeding access rate'
2026-08-11 11:32:02,268 | ERROR | Error getting candle data for TEXINFRA-EQ: Couldn't parse the JSON response received from the server: b'Access denied because of exceeding access rate'
2026-08-11 11:32:08,077 | ERROR | Error getting candle data for EVEREADY-EQ: Couldn't parse the JSON response received from the server: b'Access denied because of exceeding access rate'
2026-08-11 11:32:15,848 | ERROR | Error getting candle data for SSWL-EQ: Couldn't parse the JSON response received from the server: b'Access denied because of exceeding access rate'
2026-08-11 11:32:25,999 | ERROR | Error getting candle data for UFLEX-EQ: Couldn't parse the JSON response received from the server: b'Access denied because of exceeding access rate'
2026-08-11 11:32:28,964 | ERROR | Error getting candle data for MOHEALTH-EQ: Couldn't parse the JSON response received from the server: b'Access denied because of exceeding access rate'
2026-08-11 11:32:32,257 | ERROR | Error getting candle data for LOYALTEX-EQ: Couldn't parse the JSON response received from the server: b'Access denied because of exceeding access rate'
2026-08-11 11:32:36,212 | ERROR | Error getting candle data for GUJENERGY-EQ: Couldn't parse the JSON response received from the server: b'Access denied because of exceeding access rate'
2026-08-11 11:32:46,400 | ERROR | Error getting candle data for TVSELECT-EQ: Couldn't parse the JSON response received from the server: b'Access denied because of exceeding access rate'
2026-08-11 11:32:49,752 | ERROR | Error getting candle data for TIPSFILMS-EQ: Couldn't parse the JSON response received from the server: b'Access denied because of exceeding access rate'
2026-08-11 11:32:57,039 | ERROR | Error getting candle data for PPLPHARMA-EQ: Couldn't parse the JSON response received from the server: b'Access denied because of exceeding access rate'
2026-08-11 11:33:50,982 | INFO | Fetched 2485 NSE stocks
2026-08-11 11:33:58,950 | ERROR | Error getting candle data for MUTHOOTCAP-EQ: Couldn't parse the JSON response received from the server: b'Access denied because of exceeding access rate'
2026-08-11 11:34:01,537 | ERROR | Error getting candle data for NAVKARCORP-EQ: Couldn't parse the JSON response received from the server: b'Access denied because of exceeding access rate'
2026-08-11 11:34:06,394 | ERROR | Error getting candle data for UNIONBANK-EQ: Couldn't parse the JSON response received from the server: b'Access denied because of exceeding access rate'
2026-08-11 11:34:14,787 | ERROR | Error getting candle data for UNIENTER-EQ: Couldn't parse the JSON response received from the server: b'Access denied because of exceeding access rate'
2026-08-11 11:34:17,848 | ERROR | Error getting candle data for MAHABANK-EQ: Couldn't parse the JSON response received from the server: b'Access denied because of exceeding access rate'
2026-08-11 11:34:20,060 | ERROR | Error getting candle data for GICHSGFIN-EQ: Couldn't parse the JSON response received from the server: b'Access denied because of exceeding access rate'
2026-08-11 11:34:42,104 | ERROR | Error getting candle data for MBAPL-EQ: Couldn't parse the JSON response received from the server: b'Access denied because of exceeding access rate'
2026-08-11 11:34:49,459 | ERROR | Error getting candle data for MOHEALTH-EQ: Couldn't parse the JSON response received from the server: b'Access denied because of exceeding access rate'
2026-08-11 11:34:53,889 | ERROR | Error getting candle data for GUJENERGY-EQ: Couldn't parse the JSON response received from the server: b'Access denied because of exceeding access rate'
2026-08-11 11:35:09,572 | ERROR | Error getting candle data for PPLPHARMA-EQ: Couldn't parse the JSON response received from the server: b'Access denied because of exceeding access rate'
2026-08-11 11:35:26,604 | INFO | Fetched 2485 NSE stocks
2026-08-11 11:35:30,718 | ERROR | Error getting candle data for SHAREINDIA-EQ: Couldn't parse the JSON response received from the server: b'Access denied because of exceeding access rate'
2026-08-11 11:35:33,962 | ERROR | Error getting candle data for MUTHOOTCAP-EQ: Couldn't parse the JSON response received from the server: b'Access denied because of exceeding access rate'
2026-08-11 11:35:36,699 | ERROR | Error getting candle data for NAVKARCORP-EQ: Couldn't parse the JSON response received from the server: b'Access denied because of exceeding access rate'
2026-08-11 11:35:39,610 | ERROR | Error getting candle data for MOM30IETF-EQ: Couldn't parse the JSON response received from the server: b'Access denied because of exceeding access rate'
2026-08-11 11:35:42,169 | ERROR | Error getting candle data for UNIONBANK-EQ: Couldn't parse the JSON response received from the server: b'Access denied because of exceeding access rate'
2026-08-11 11:35:44,711 | ERROR | Error getting candle data for MOQUALITY-EQ: Couldn't parse the JSON response received from the server: b'Access denied because of exceeding access rate'
2026-08-11 11:35:51,811 | ERROR | Error getting candle data for UNIENTER-EQ: Couldn't parse the JSON response received from the server: b'Access denied because of exceeding access rate'
2026-08-11 11:35:57,099 | ERROR | Error getting candle data for GICHSGFIN-EQ: Couldn't parse the JSON response received from the server: b'Access denied because of exceeding access rate'
2026-08-11 11:36:06,213 | ERROR | Error getting candle data for EVEREADY-EQ: Couldn't parse the JSON response received from the server: b'Access denied because of exceeding access rate'
2026-08-11 11:36:11,575 | ERROR | Error getting candle data for SUKHJITS-EQ: Couldn't parse the JSON response received from the server: b'Access denied because of exceeding access rate'
2026-08-11 11:36:13,760 | ERROR | Error getting candle data for SSWL-EQ: Couldn't parse the JSON response received from the server: b'Access denied because of exceeding access rate'
2026-08-11 11:36:19,254 | ERROR | Error getting candle data for MBAPL-EQ: Couldn't parse the JSON response received from the server: b'Access denied because of exceeding access rate'
2026-08-11 11:36:21,650 | ERROR | Error getting candle data for DJML-EQ: Couldn't parse the JSON response received from the server: b'Access denied because of exceeding access rate'
2026-08-11 11:36:27,485 | ERROR | Error getting candle data for MOHEALTH-EQ: Couldn't parse the JSON response received from the server: b'Access denied because of exceeding access rate'
2026-08-11 11:36:46,595 | ERROR | Error getting candle data for PPLPHARMA-EQ: Couldn't parse the JSON response received from the server: b'Access denied because of exceeding access rate'
2026-08-11 11:37:05,438 | INFO | Fetched 2485 NSE stocks
2026-08-11 11:37:15,114 | ERROR | Error getting candle data for MUTHOOTCAP-EQ: Couldn't parse the JSON response received from the server: b'Access denied because of exceeding access rate'
2026-08-11 11:37:17,315 | ERROR | Error getting candle data for NAVKARCORP-EQ: Couldn't parse the JSON response received from the server: b'Access denied because of exceeding access rate'
2026-08-11 11:37:19,467 | ERROR | Error getting candle data for MOM30IETF-EQ: Couldn't parse the JSON response received from the server: b'Access denied because of exceeding access rate'
2026-08-11 11:37:22,272 | ERROR | Error getting candle data for UNIONBANK-EQ: Couldn't parse the JSON response received from the server: b'Access denied because of exceeding access rate'
2026-08-11 11:37:25,480 | ERROR | Error getting candle data for MOQUALITY-EQ: Couldn't parse the JSON response received from the server: b'Access denied because of exceeding access rate'
2026-08-11 11:37:27,864 | ERROR | Error getting candle data for DBOL-EQ: Couldn't parse the JSON response received from the server: b'Access denied because of exceeding access rate'
2026-08-11 11:37:32,370 | ERROR | Error getting candle data for UNIENTER-EQ: Couldn't parse the JSON response received from the server: b'Access denied because of exceeding access rate'
2026-08-11 11:37:38,539 | ERROR | Error getting candle data for MAHABANK-EQ: Couldn't parse the JSON response received from the server: b'Access denied because of exceeding access rate'
2026-08-11 11:37:40,830 | ERROR | Error getting candle data for GICHSGFIN-EQ: Couldn't parse the JSON response received from the server: b'Access denied because of exceeding access rate'
2026-08-11 11:37:44,552 | ERROR | Error getting candle data for TEXINFRA-EQ: Couldn't parse the JSON response received from the server: b'Access denied because of exceeding access rate'
2026-08-11 11:37:50,432 | ERROR | Error getting candle data for EVEREADY-EQ: Couldn't parse the JSON response received from the server: b'Access denied because of exceeding access rate'
2026-08-11 11:37:53,168 | ERROR | Error getting candle data for HPIL-EQ: Couldn't parse the JSON response received from the server: b'Access denied because of exceeding access rate'
2026-08-11 11:37:59,162 | ERROR | Error getting candle data for SSWL-EQ: Couldn't parse the JSON response received from the server: b'Access denied because of exceeding access rate'
2026-08-11 11:38:20,009 | ERROR | Error getting candle data for SIRCA-EQ: Couldn't parse the JSON response received from the server: b'Access denied because of exceeding access rate'
2026-08-11 11:38:22,937 | ERROR | Error getting candle data for TVSELECT-EQ: Couldn't parse the JSON response received from the server: b'Access denied because of exceeding access rate'
2026-08-11 11:38:25,170 | ERROR | Error getting candle data for TIPSFILMS-EQ: Couldn't parse the JSON response received from the server: b'Access denied because of exceeding access rate'
2026-08-11 11:38:54,214 | INFO | Fetched 2485 NSE stocks
2026-08-11 11:38:57,619 | ERROR | Error getting candle data for SHAREINDIA-EQ: Couldn't parse the JSON response received from the server: b'Access denied because of exceeding access rate'
2026-08-11 11:39:11,161 | ERROR | Error getting candle data for DBOL-EQ: Couldn't parse the JSON response received from the server: b'Access denied because of exceeding access rate'
2026-08-11 11:39:14,640 | ERROR | Error getting candle data for UNIENTER-EQ: Couldn't parse the JSON response received from the server: b'Access denied because of exceeding access rate'
2026-08-11 11:39:17,430 | ERROR | Error getting candle data for MAHABANK-EQ: Couldn't parse the JSON response received from the server: b'Access denied because of exceeding access rate'
2026-08-11 11:39:19,761 | ERROR | Error getting candle data for GICHSGFIN-EQ: Couldn't parse the JSON response received from the server: b'Access denied because of exceeding access rate'
2026-08-11 11:39:23,279 | ERROR | Error getting candle data for TEXINFRA-EQ: Couldn't parse the JSON response received from the server: b'Access denied because of exceeding access rate'
2026-08-11 11:39:28,166 | ERROR | Error getting candle data for EVEREADY-EQ: Couldn't parse the JSON response received from the server: b'Access denied because of exceeding access rate'
2026-08-11 11:39:30,384 | ERROR | Error getting candle data for HPIL-EQ: Couldn't parse the JSON response received from the server: b'Access denied because of exceeding access rate'
2026-08-11 11:39:44,160 | ERROR | Error getting candle data for DJML-EQ: Couldn't parse the JSON response received from the server: b'Access denied because of exceeding access rate'
2026-08-11 11:39:47,459 | ERROR | Error getting candle data for UFLEX-EQ: Couldn't parse the JSON response received from the server: b'Access denied because of exceeding access rate'
2026-08-11 11:39:50,125 | ERROR | Error getting candle data for MOHEALTH-EQ: Couldn't parse the JSON response received from the server: b'Access denied because of exceeding access rate'
2026-08-11 11:39:55,096 | ERROR | Error getting candle data for GUJENERGY-EQ: Couldn't parse the JSON response received from the server: b'Access denied because of exceeding access rate'
2026-08-11 11:40:02,178 | ERROR | Error getting candle data for TVSELECT-EQ: Couldn't parse the JSON response received from the server: b'Access denied because of exceeding access rate'
2026-08-11 11:40:04,552 | ERROR | Error getting candle data for TIPSFILMS-EQ: Couldn't parse the JSON response received from the server: b'Access denied because of exceeding access rate'
2026-08-11 11:40:10,683 | ERROR | Error getting candle data for PPLPHARMA-EQ: Couldn't parse the JSON response received from the server: b'Access denied because of exceeding access rate'
2026-08-11 11:40:44,152 | INFO | Fetched 2485 NSE stocks
2026-08-11 11:40:47,709 | ERROR | Error getting candle data for SHAREINDIA-EQ: Couldn't parse the JSON response received from the server: b'Access denied because of exceeding access rate'
2026-08-11 11:40:51,352 | ERROR | Error getting candle data for MUTHOOTCAP-EQ: Couldn't parse the JSON response received from the server: b'Access denied because of exceeding access rate'
2026-08-11 11:40:55,893 | ERROR | Error getting candle data for MOM30IETF-EQ: Couldn't parse the JSON response received from the server: b'Access denied because of exceeding access rate'
2026-08-11 11:40:59,077 | ERROR | Error getting candle data for UNIONBANK-EQ: Couldn't parse the JSON response received from the server: b'Access denied because of exceeding access rate'
2026-08-11 11:41:03,516 | ERROR | Error getting candle data for DBOL-EQ: Couldn't parse the JSON response received from the server: b'Access denied because of exceeding access rate'
2026-08-11 11:41:15,259 | ERROR | Error getting candle data for GICHSGFIN-EQ: Couldn't parse the JSON response received from the server: b'Access denied because of exceeding access rate'
2026-08-11 11:41:27,640 | ERROR | Error getting candle data for HPIL-EQ: Couldn't parse the JSON response received from the server: b'Access denied because of exceeding access rate'
2026-08-11 11:41:38,994 | ERROR | Error getting candle data for MBAPL-EQ: Couldn't parse the JSON response received from the server: b'Access denied because of exceeding access rate'
2026-08-11 11:41:41,242 | ERROR | Error getting candle data for DJML-EQ: Couldn't parse the JSON response received from the server: b'Access denied because of exceeding access rate'
2026-08-11 11:41:52,127 | ERROR | Error getting candle data for GUJENERGY-EQ: Couldn't parse the JSON response received from the server: b'Access denied because of exceeding access rate'
2026-08-11 11:41:58,693 | ERROR | Error getting candle data for TVSELECT-EQ: Couldn't parse the JSON response received from the server: b'Access denied because of exceeding access rate'
2026-08-11 11:42:34,568 | INFO | Fetched 2485 NSE stocks
2026-08-11 11:42:38,379 | ERROR | Error getting candle data for SHAREINDIA-EQ: Couldn't parse the JSON response received from the server: b'Access denied because of exceeding access rate'
2026-08-11 11:42:43,624 | ERROR | Error getting candle data for NAVKARCORP-EQ: Couldn't parse the JSON response received from the server: b'Access denied because of exceeding access rate'
2026-08-11 11:42:45,781 | ERROR | Error getting candle data for MOM30IETF-EQ: Couldn't parse the JSON response received from the server: b'Access denied because of exceeding access rate'
2026-08-11 11:42:50,236 | ERROR | Error getting candle data for MOQUALITY-EQ: Couldn't parse the JSON response received from the server: b'Access denied because of exceeding access rate'
2026-08-11 11:42:52,594 | ERROR | Error getting candle data for DBOL-EQ: Couldn't parse the JSON response received from the server: b'Access denied because of exceeding access rate'
2026-08-11 11:42:56,504 | ERROR | Error getting candle data for UNIENTER-EQ: Couldn't parse the JSON response received from the server: b'Access denied because of exceeding access rate'
2026-08-11 11:42:59,505 | ERROR | Error getting candle data for MAHABANK-EQ: Couldn't parse the JSON response received from the server: b'Access denied because of exceeding access rate'
2026-08-11 11:43:02,266 | ERROR | Error getting candle data for GICHSGFIN-EQ: Couldn't parse the JSON response received from the server: b'Access denied because of exceeding access rate'
2026-08-11 11:43:05,808 | ERROR | Error getting candle data for TEXINFRA-EQ: Couldn't parse the JSON response received from the server: b'Access denied because of exceeding access rate'
2026-08-11 11:43:11,007 | ERROR | Error getting candle data for EVEREADY-EQ: Couldn't parse the JSON response received from the server: b'Access denied because of exceeding access rate'
2026-08-11 11:43:16,058 | ERROR | Error getting candle data for SUKHJITS-EQ: Couldn't parse the JSON response received from the server: b'Access denied because of exceeding access rate'
2026-08-11 11:43:34,762 | ERROR | Error getting candle data for LOYALTEX-EQ: Couldn't parse the JSON response received from the server: b'Access denied because of exceeding access rate'
2026-08-11 11:43:40,679 | ERROR | Error getting candle data for SIRCA-EQ: Couldn't parse the JSON response received from the server: b'Access denied because of exceeding access rate'
2026-08-11 11:43:43,669 | ERROR | Error getting candle data for TVSELECT-EQ: Couldn't parse the JSON response received from the server: b'Access denied because of exceeding access rate'
2026-08-11 11:43:51,044 | ERROR | Error getting candle data for PPLPHARMA-EQ: Couldn't parse the JSON response received from the server: b'Access denied because of exceeding access rate'
2026-08-11 11:44:14,072 | INFO | Fetched 2485 NSE stocks
2026-08-11 11:44:25,735 | ERROR | Error getting candle data for MOM30IETF-EQ: Couldn't parse the JSON response received from the server: b'Access denied because of exceeding access rate'
2026-08-11 11:44:28,066 | ERROR | Error getting candle data for UNIONBANK-EQ: Couldn't parse the JSON response received from the server: b'Access denied because of exceeding access rate'
2026-08-11 11:44:30,477 | ERROR | Error getting candle data for MOQUALITY-EQ: Couldn't parse the JSON response received from the server: b'Access denied because of exceeding access rate'
2026-08-11 11:44:36,666 | ERROR | Error getting candle data for UNIENTER-EQ: Couldn't parse the JSON response received from the server: b'Access denied because of exceeding access rate'
2026-08-11 11:44:46,274 | ERROR | Error getting candle data for TEXINFRA-EQ: Couldn't parse the JSON response received from the server: b'Access denied because of exceeding access rate'
2026-08-11 11:44:54,074 | ERROR | Error getting candle data for HPIL-EQ: Couldn't parse the JSON response received from the server: b'Access denied because of exceeding access rate'
2026-08-11 11:45:16,916 | ERROR | Error getting candle data for LOYALTEX-EQ: Couldn't parse the JSON response received from the server: b'Access denied because of exceeding access rate'
2026-08-11 11:45:26,310 | ERROR | Error getting candle data for TVSELECT-EQ: Couldn't parse the JSON response received from the server: b'Access denied because of exceeding access rate'
2026-08-11 11:45:28,696 | ERROR | Error getting candle data for TIPSFILMS-EQ: Couldn't parse the JSON response received from the server: b'Access denied because of exceeding access rate'
2026-08-11 11:45:34,108 | ERROR | Error getting candle data for PPLPHARMA-EQ: Couldn't parse the JSON response received from the server: b'Access denied because of exceeding access rate'
2026-08-11 11:45:55,771 | INFO | Fetched 2485 NSE stocks
2026-08-11 11:46:02,963 | ERROR | Error getting candle data for MUTHOOTCAP-EQ: Couldn't parse the JSON response received from the server: b'Access denied because of exceeding access rate'
2026-08-11 11:46:10,533 | ERROR | Error getting candle data for UNIONBANK-EQ: Couldn't parse the JSON response received from the server: b'Access denied because of exceeding access rate'
2026-08-11 11:46:15,462 | ERROR | Error getting candle data for DBOL-EQ: Couldn't parse the JSON response received from the server: b'Access denied because of exceeding access rate'
2026-08-11 11:46:19,367 | ERROR | Error getting candle data for UNIENTER-EQ: Couldn't parse the JSON response received from the server: b'Access denied because of exceeding access rate'
2026-08-11 11:46:25,573 | ERROR | Error getting candle data for GICHSGFIN-EQ: Couldn't parse the JSON response received from the server: b'Access denied because of exceeding access rate'
2026-08-11 11:46:29,570 | ERROR | Error getting candle data for TEXINFRA-EQ: Couldn't parse the JSON response received from the server: b'Access denied because of exceeding access rate'
2026-08-11 11:46:35,007 | ERROR | Error getting candle data for EVEREADY-EQ: Couldn't parse the JSON response received from the server: b'Access denied because of exceeding access rate'
2026-08-11 11:46:37,453 | ERROR | Error getting candle data for HPIL-EQ: Couldn't parse the JSON response received from the server: b'Access denied because of exceeding access rate'
2026-08-11 11:46:51,045 | ERROR | Error getting candle data for DJML-EQ: Couldn't parse the JSON response received from the server: b'Access denied because of exceeding access rate'
2026-08-11 11:46:56,573 | ERROR | Error getting candle data for MOHEALTH-EQ: Couldn't parse the JSON response received from the server: b'Access denied because of exceeding access rate'
2026-08-11 11:46:58,950 | ERROR | Error getting candle data for LOYALTEX-EQ: Couldn't parse the JSON response received from the server: b'Access denied because of exceeding access rate'
2026-08-11 11:47:17,732 | ERROR | Error getting candle data for PPLPHARMA-EQ: Couldn't parse the JSON response received from the server: b'Access denied because of exceeding access rate'
2026-08-11 11:47:31,734 | INFO | Fetched 2485 NSE stocks
2026-08-11 11:47:38,824 | ERROR | Error getting candle data for MUTHOOTCAP-EQ: Couldn't parse the JSON response received from the server: b'Access denied because of exceeding access rate'
2026-08-11 11:47:43,679 | ERROR | Error getting candle data for MOM30IETF-EQ: Couldn't parse the JSON response received from the server: b'Access denied because of exceeding access rate'
2026-08-11 11:47:46,080 | ERROR | Error getting candle data for UNIONBANK-EQ: Couldn't parse the JSON response received from the server: b'Access denied because of exceeding access rate'
2026-08-11 11:47:50,899 | ERROR | Error getting candle data for DBOL-EQ: Couldn't parse the JSON response received from the server: b'Access denied because of exceeding access rate'
2026-08-11 11:48:11,345 | ERROR | Error getting candle data for GICHSGFIN-EQ: Couldn't parse the JSON response received from the server: b'Access denied because of exceeding access rate'
2026-08-11 11:48:15,336 | ERROR | Error getting candle data for TEXINFRA-EQ: Couldn't parse the JSON response received from the server: b'Access denied because of exceeding access rate'
2026-08-11 11:48:30,530 | ERROR | Error getting candle data for SUKHJITS-EQ: Couldn't parse the JSON response received from the server: b'Access denied because of exceeding access rate'
2026-08-11 11:48:33,575 | ERROR | Error getting candle data for SSWL-EQ: Couldn't parse the JSON response received from the server: b'Access denied because of exceeding access rate'
2026-08-11 11:48:40,340 | ERROR | Error getting candle data for MBAPL-EQ: Couldn't parse the JSON response received from the server: b'Access denied because of exceeding access rate'
2026-08-11 11:48:43,309 | ERROR | Error getting candle data for DJML-EQ: Couldn't parse the JSON response received from the server: b'Access denied because of exceeding access rate'
2026-08-11 11:48:53,306 | ERROR | Error getting candle data for LOYALTEX-EQ: Couldn't parse the JSON response received from the server: b'Access denied because of exceeding access rate'
2026-08-11 11:48:56,193 | ERROR | Error getting candle data for GUJENERGY-EQ: Couldn't parse the JSON response received from the server: b'Access denied because of exceeding access rate'
2026-08-11 11:49:00,539 | ERROR | Error getting candle data for SIRCA-EQ: Couldn't parse the JSON response received from the server: b'Access denied because of exceeding access rate'
2026-08-11 11:49:04,415 | ERROR | Error getting candle data for TVSELECT-EQ: Couldn't parse the JSON response received from the server: b'Access denied because of exceeding access rate'
2026-08-11 11:49:38,936 | INFO | Fetched 2485 NSE stocks
2026-08-11 11:49:45,511 | ERROR | Error getting candle data for MUTHOOTCAP-EQ: Couldn't parse the JSON response received from the server: b'Access denied because of exceeding access rate'
2026-08-11 11:49:47,702 | ERROR | Error getting candle data for NAVKARCORP-EQ: Couldn't parse the JSON response received from the server: b'Access denied because of exceeding access rate'
2026-08-11 11:49:49,879 | ERROR | Error getting candle data for MOM30IETF-EQ: Couldn't parse the JSON response received from the server: b'Access denied because of exceeding access rate'
2026-08-11 11:49:54,186 | ERROR | Error getting candle data for MOQUALITY-EQ: Couldn't parse the JSON response received from the server: b'Access denied because of exceeding access rate'
2026-08-11 11:50:12,392 | ERROR | Error getting candle data for TEXINFRA-EQ: Couldn't parse the JSON response received from the server: b'Access denied because of exceeding access rate'
2026-08-11 11:50:23,197 | ERROR | Error getting candle data for SUKHJITS-EQ: Couldn't parse the JSON response received from the server: b'Access denied because of exceeding access rate'
2026-08-11 11:50:25,553 | ERROR | Error getting candle data for SSWL-EQ: Couldn't parse the JSON response received from the server: b'Access denied because of exceeding access rate'
2026-08-11 11:50:32,463 | ERROR | Error getting candle data for MBAPL-EQ: Couldn't parse the JSON response received from the server: b'Access denied because of exceeding access rate'
2026-08-11 11:50:40,688 | ERROR | Error getting candle data for MOHEALTH-EQ: Couldn't parse the JSON response received from the server: b'Access denied because of exceeding access rate'
2026-08-11 11:50:43,059 | ERROR | Error getting candle data for LOYALTEX-EQ: Couldn't parse the JSON response received from the server: b'Access denied because of exceeding access rate'
2026-08-11 11:50:54,904 | ERROR | Error getting candle data for TIPSFILMS-EQ: Couldn't parse the JSON response received from the server: b'Access denied because of exceeding access rate'
2026-08-11 11:51:18,742 | INFO | Fetched 2485 NSE stocks
2026-08-11 11:51:22,730 | ERROR | Error getting candle data for SHAREINDIA-EQ: Couldn't parse the JSON response received from the server: b'Access denied because of exceeding access rate'
2026-08-11 11:51:28,360 | ERROR | Error getting candle data for NAVKARCORP-EQ: Couldn't parse the JSON response received from the server: b'Access denied because of exceeding access rate'
2026-08-11 11:51:45,920 | ERROR | Error getting candle data for MAHABANK-EQ: Couldn't parse the JSON response received from the server: b'Access denied because of exceeding access rate'
2026-08-11 11:51:48,385 | ERROR | Error getting candle data for GICHSGFIN-EQ: Couldn't parse the JSON response received from the server: b'Access denied because of exceeding access rate'
2026-08-11 11:52:47,479 | ERROR | Error getting candle data for TIPSFILMS-EQ: Couldn't parse the JSON response received from the server: b'Access denied because of exceeding access rate'
2026-08-11 11:52:53,249 | ERROR | Error getting candle data for PPLPHARMA-EQ: Couldn't parse the JSON response received from the server: b'Access denied because of exceeding access rate'
2026-08-11 11:53:30,942 | INFO | Fetched 2485 NSE stocks
2026-08-11 11:53:41,846 | ERROR | Error getting candle data for SHAREINDIA-EQ: HTTPSConnectionPool(host='apiconnect.angelone.in', port=443): Read timed out. (read timeout=7)
2026-08-11 11:53:53,529 | ERROR | Error getting candle data for UNIONBANK-EQ: Couldn't parse the JSON response received from the server: b'Access denied because of exceeding access rate'
2026-08-11 11:53:56,172 | ERROR | Error getting candle data for MOQUALITY-EQ: Couldn't parse the JSON response received from the server: b'Access denied because of exceeding access rate'
2026-08-11 11:54:02,885 | ERROR | Error getting candle data for UNIENTER-EQ: Couldn't parse the JSON response received from the server: b'Access denied because of exceeding access rate'
2026-08-11 11:54:06,288 | ERROR | Error getting candle data for MAHABANK-EQ: Couldn't parse the JSON response received from the server: b'Access denied because of exceeding access rate'
2026-08-11 11:54:18,925 | ERROR | Error getting candle data for EVEREADY-EQ: Couldn't parse the JSON response received from the server: b'Access denied because of exceeding access rate'
2026-08-11 11:54:24,737 | ERROR | Error getting candle data for SUKHJITS-EQ: Couldn't parse the JSON response received from the server: b'Access denied because of exceeding access rate'
2026-08-11 11:54:27,321 | ERROR | Error getting candle data for SSWL-EQ: Couldn't parse the JSON response received from the server: b'Access denied because of exceeding access rate'
2026-08-11 11:54:36,223 | ERROR | Error getting candle data for DJML-EQ: Couldn't parse the JSON response received from the server: b'Access denied because of exceeding access rate'
2026-08-11 11:54:44,582 | ERROR | Error getting candle data for MOHEALTH-EQ: Couldn't parse the JSON response received from the server: b'Access denied because of exceeding access rate'
2026-08-11 11:54:50,072 | ERROR | Error getting candle data for GUJENERGY-EQ: Couldn't parse the JSON response received from the server: b'Access denied because of exceeding access rate'
2026-08-11 11:54:54,363 | ERROR | Error getting candle data for SIRCA-EQ: Couldn't parse the JSON response received from the server: b'Access denied because of exceeding access rate'
2026-08-11 11:55:00,842 | ERROR | Error getting candle data for TIPSFILMS-EQ: Couldn't parse the JSON response received from the server: b'Access denied because of exceeding access rate'
2026-08-11 11:55:36,271 | INFO | Fetched 2485 NSE stocks
2026-08-11 11:55:43,680 | ERROR | Error getting candle data for MUTHOOTCAP-EQ: Couldn't parse the JSON response received from the server: b'Access denied because of exceeding access rate'
2026-08-11 11:55:48,882 | ERROR | Error getting candle data for MOM30IETF-EQ: Couldn't parse the JSON response received from the server: b'Access denied because of exceeding access rate'
2026-08-11 11:55:51,016 | ERROR | Error getting candle data for UNIONBANK-EQ: Couldn't parse the JSON response received from the server: b'Access denied because of exceeding access rate'
2026-08-11 11:56:24,956 | ERROR | Error getting candle data for TEXINFRA-EQ: Couldn't parse the JSON response received from the server: b'Access denied because of exceeding access rate'
2026-08-11 11:57:05,482 | ERROR | Error getting candle data for SSWL-EQ: Couldn't parse the JSON response received from the server: b'Access denied because of exceeding access rate'
2026-08-11 11:57:19,300 | ERROR | Error getting candle data for MBAPL-EQ: Couldn't parse the JSON response received from the server: b'Access denied because of exceeding access rate'
2026-08-11 11:57:22,823 | ERROR | Error getting candle data for DJML-EQ: Couldn't parse the JSON response received from the server: b'Access denied because of exceeding access rate'
2026-08-11 11:57:27,839 | ERROR | Error getting candle data for UFLEX-EQ: Couldn't parse the JSON response received from the server: b'Access denied because of exceeding access rate'
2026-08-11 11:57:31,830 | ERROR | Error getting candle data for MOHEALTH-EQ: Couldn't parse the JSON response received from the server: b'Access denied because of exceeding access rate'
2026-08-11 11:57:35,196 | ERROR | Error getting candle data for LOYALTEX-EQ: Couldn't parse the JSON response received from the server: b'Access denied because of exceeding access rate'
2026-08-11 11:57:37,628 | ERROR | Error getting candle data for GUJENERGY-EQ: Couldn't parse the JSON response received from the server: b'Access denied because of exceeding access rate'
2026-08-11 11:57:51,729 | ERROR | Error getting candle data for PPLPHARMA-EQ: Couldn't parse the JSON response received from the server: b'Access denied because of exceeding access rate'
2026-08-11 11:58:12,897 | INFO | Fetched 2485 NSE stocks
2026-08-11 11:58:17,156 | ERROR | Error getting candle data for SHAREINDIA-EQ: Couldn't parse the JSON response received from the server: b'Access denied because of exceeding access rate'
2026-08-11 11:58:20,551 | ERROR | Error getting candle data for MUTHOOTCAP-EQ: Couldn't parse the JSON response received from the server: b'Access denied because of exceeding access rate'
2026-08-11 11:58:22,794 | ERROR | Error getting candle data for NAVKARCORP-EQ: Couldn't parse the JSON response received from the server: b'Access denied because of exceeding access rate'
2026-08-11 11:58:30,279 | ERROR | Error getting candle data for MOQUALITY-EQ: Couldn't parse the JSON response received from the server: b'Access denied because of exceeding access rate'
2026-08-11 11:58:39,400 | ERROR | Error getting candle data for MAHABANK-EQ: Couldn't parse the JSON response received from the server: b'Access denied because of exceeding access rate'
2026-08-11 11:58:46,612 | ERROR | Error getting candle data for TEXINFRA-EQ: Couldn't parse the JSON response received from the server: b'Access denied because of exceeding access rate'
2026-08-11 11:58:56,281 | ERROR | Error getting candle data for HPIL-EQ: Couldn't parse the JSON response received from the server: b'Access denied because of exceeding access rate'
2026-08-11 11:59:02,524 | ERROR | Error getting candle data for SUKHJITS-EQ: Couldn't parse the JSON response received from the server: b'Access denied because of exceeding access rate'
2026-08-11 11:59:07,539 | ERROR | Error getting candle data for SSWL-EQ: Couldn't parse the JSON response received from the server: b'Access denied because of exceeding access rate'
2026-08-11 11:59:15,821 | ERROR | Error getting candle data for DJML-EQ: Couldn't parse the JSON response received from the server: b'Access denied because of exceeding access rate'
2026-08-11 11:59:21,273 | ERROR | Error getting candle data for MOHEALTH-EQ: Couldn't parse the JSON response received from the server: b'Access denied because of exceeding access rate'
2026-08-11 11:59:23,940 | ERROR | Error getting candle data for LOYALTEX-EQ: Couldn't parse the JSON response received from the server: b'Access denied because of exceeding access rate'
2026-08-11 11:59:31,831 | ERROR | Error getting candle data for SIRCA-EQ: Couldn't parse the JSON response received from the server: b'Access denied because of exceeding access rate'
2026-08-11 11:59:37,117 | ERROR | Error getting candle data for TIPSFILMS-EQ: Couldn't parse the JSON response received from the server: b'Access denied because of exceeding access rate'
2026-08-11 11:59:59,751 | INFO | Fetched 2485 NSE stocks
2026-08-11 12:00:11,240 | ERROR | Error getting candle data for MOM30IETF-EQ: Couldn't parse the JSON response received from the server: b'Access denied because of exceeding access rate'
2026-08-11 12:00:15,654 | ERROR | Error getting candle data for MOQUALITY-EQ: Couldn't parse the JSON response received from the server: b'Access denied because of exceeding access rate'
2026-08-11 12:00:17,871 | ERROR | Error getting candle data for DBOL-EQ: Couldn't parse the JSON response received from the server: b'Access denied because of exceeding access rate'
2026-08-11 12:00:24,509 | ERROR | Error getting candle data for MAHABANK-EQ: Couldn't parse the JSON response received from the server: b'Access denied because of exceeding access rate'
2026-08-11 12:00:41,218 | ERROR | Error getting candle data for SUKHJITS-EQ: Couldn't parse the JSON response received from the server: b'Access denied because of exceeding access rate'
2026-08-11 12:00:43,431 | ERROR | Error getting candle data for SSWL-EQ: Couldn't parse the JSON response received from the server: b'Access denied because of exceeding access rate'
2026-08-11 12:00:48,515 | ERROR | Error getting candle data for MBAPL-EQ: Couldn't parse the JSON response received from the server: b'Access denied because of exceeding access rate'
2026-08-11 12:00:53,918 | ERROR | Error getting candle data for UFLEX-EQ: Couldn't parse the JSON response received from the server: b'Access denied because of exceeding access rate'
2026-08-11 12:00:56,279 | ERROR | Error getting candle data for MOHEALTH-EQ: Couldn't parse the JSON response received from the server: b'Access denied because of exceeding access rate'
2026-08-11 12:01:10,416 | ERROR | Error getting candle data for TIPSFILMS-EQ: Couldn't parse the JSON response received from the server: b'Access denied because of exceeding access rate'
2026-08-11 12:01:33,706 | INFO | Fetched 2485 NSE stocks
2026-08-11 12:01:49,622 | ERROR | Error getting candle data for MOQUALITY-EQ: Couldn't parse the JSON response received from the server: b'Access denied because of exceeding access rate'
2026-08-11 12:01:51,982 | ERROR | Error getting candle data for DBOL-EQ: Couldn't parse the JSON response received from the server: b'Access denied because of exceeding access rate'
2026-08-11 12:01:55,850 | ERROR | Error getting candle data for UNIENTER-EQ: Couldn't parse the JSON response received from the server: b'Access denied because of exceeding access rate'
2026-08-11 12:02:01,139 | ERROR | Error getting candle data for MAHABANK-EQ: Couldn't parse the JSON response received from the server: b'Access denied because of exceeding access rate'
2026-08-11 12:02:05,675 | ERROR | Error getting candle data for GICHSGFIN-EQ: Couldn't parse the JSON response received from the server: b'Access denied because of exceeding access rate'
2026-08-11 12:02:21,473 | ERROR | Error getting candle data for EVEREADY-EQ: Couldn't parse the JSON response received from the server: b'Access denied because of exceeding access rate'
2026-08-11 12:02:25,097 | ERROR | Error getting candle data for HPIL-EQ: Couldn't parse the JSON response received from the server: b'Access denied because of exceeding access rate'
2026-08-11 12:02:40,282 | ERROR | Error getting candle data for DJML-EQ: Couldn't parse the JSON response received from the server: b'Access denied because of exceeding access rate'
2026-08-11 12:02:49,446 | ERROR | Error getting candle data for UFLEX-EQ: Couldn't parse the JSON response received from the server: b'Access denied because of exceeding access rate'
2026-08-11 12:02:52,663 | ERROR | Error getting candle data for MOHEALTH-EQ: Couldn't parse the JSON response received from the server: b'Access denied because of exceeding access rate'
2026-08-11 12:02:55,464 | ERROR | Error getting candle data for LOYALTEX-EQ: Couldn't parse the JSON response received from the server: b'Access denied because of exceeding access rate'
2026-08-11 12:03:02,697 | ERROR | Error getting candle data for SIRCA-EQ: Couldn't parse the JSON response received from the server: b'Access denied because of exceeding access rate'
2026-08-11 12:03:27,780 | INFO | Fetched 2485 NSE stocks
2026-08-11 12:03:44,763 | ERROR | Error getting candle data for DBOL-EQ: Couldn't parse the JSON response received from the server: b'Access denied because of exceeding access rate'
2026-08-11 12:03:48,342 | ERROR | Error getting candle data for UNIENTER-EQ: Couldn't parse the JSON response received from the server: b'Access denied because of exceeding access rate'
2026-08-11 12:03:51,069 | ERROR | Error getting candle data for MAHABANK-EQ: Couldn't parse the JSON response received from the server: b'Access denied because of exceeding access rate'
2026-08-11 12:03:53,220 | ERROR | Error getting candle data for GICHSGFIN-EQ: Couldn't parse the JSON response received from the server: b'Access denied because of exceeding access rate'
2026-08-11 12:03:56,679 | ERROR | Error getting candle data for TEXINFRA-EQ: Couldn't parse the JSON response received from the server: b'Access denied because of exceeding access rate'
2026-08-11 12:04:08,886 | ERROR | Error getting candle data for SSWL-EQ: Couldn't parse the JSON response received from the server: b'Access denied because of exceeding access rate'
2026-08-11 12:04:21,181 | ERROR | Error getting candle data for MOHEALTH-EQ: Couldn't parse the JSON response received from the server: b'Access denied because of exceeding access rate'
2026-08-11 12:04:23,236 | ERROR | Error getting candle data for LOYALTEX-EQ: Couldn't parse the JSON response received from the server: b'Access denied because of exceeding access rate'
2026-08-11 12:04:25,395 | ERROR | Error getting candle data for GUJENERGY-EQ: Couldn't parse the JSON response received from the server: b'Access denied because of exceeding access rate'
2026-08-11 12:04:38,657 | ERROR | Error getting candle data for PPLPHARMA-EQ: Couldn't parse the JSON response received from the server: b'Access denied because of exceeding access rate'
2026-08-11 12:05:00,959 | INFO | Fetched 2485 NSE stocks
2026-08-11 12:05:04,489 | ERROR | Error getting candle data for SHAREINDIA-EQ: Couldn't parse the JSON response received from the server: b'Access denied because of exceeding access rate'
2026-08-11 12:05:22,288 | ERROR | Error getting candle data for DBOL-EQ: Couldn't parse the JSON response received from the server: b'Access denied because of exceeding access rate'
2026-08-11 12:05:30,676 | ERROR | Error getting candle data for UNIENTER-EQ: Couldn't parse the JSON response received from the server: b'Access denied because of exceeding access rate'
2026-08-11 12:05:47,905 | ERROR | Error getting candle data for TEXINFRA-EQ: Couldn't parse the JSON response received from the server: b'Access denied because of exceeding access rate'
2026-08-11 12:05:54,664 | ERROR | Error getting candle data for EVEREADY-EQ: Couldn't parse the JSON response received from the server: b'Access denied because of exceeding access rate'
2026-08-11 12:06:00,376 | ERROR | Error getting candle data for SUKHJITS-EQ: Couldn't parse the JSON response received from the server: b'Access denied because of exceeding access rate'
2026-08-11 12:06:02,913 | ERROR | Error getting candle data for SSWL-EQ: Couldn't parse the JSON response received from the server: b'Access denied because of exceeding access rate'
2026-08-11 12:06:17,504 | ERROR | Error getting candle data for LOYALTEX-EQ: Couldn't parse the JSON response received from the server: b'Access denied because of exceeding access rate'
2026-08-11 12:06:19,757 | ERROR | Error getting candle data for GUJENERGY-EQ: Couldn't parse the JSON response received from the server: b'Access denied because of exceeding access rate'
2026-08-11 12:06:23,338 | ERROR | Error getting candle data for SIRCA-EQ: Couldn't parse the JSON response received from the server: b'Access denied because of exceeding access rate'
2026-08-11 12:06:26,140 | ERROR | Error getting candle data for TVSELECT-EQ: Couldn't parse the JSON response received from the server: b'Access denied because of exceeding access rate'
2026-08-11 12:06:33,144 | ERROR | Error getting candle data for PPLPHARMA-EQ: Couldn't parse the JSON response received from the server: b'Access denied because of exceeding access rate'
2026-08-11 12:06:47,126 | INFO | Fetched 2485 NSE stocks
2026-08-11 12:06:50,609 | ERROR | Error getting candle data for SHAREINDIA-EQ: Couldn't parse the JSON response received from the server: b'Access denied because of exceeding access rate'
2026-08-11 12:06:53,399 | ERROR | Error getting candle data for MUTHOOTCAP-EQ: Couldn't parse the JSON response received from the server: b'Access denied because of exceeding access rate'
2026-08-11 12:06:57,750 | ERROR | Error getting candle data for MOM30IETF-EQ: Couldn't parse the JSON response received from the server: b'Access denied because of exceeding access rate'
2026-08-11 12:07:00,127 | ERROR | Error getting candle data for UNIONBANK-EQ: Couldn't parse the JSON response received from the server: b'Access denied because of exceeding access rate'
2026-08-11 12:07:02,453 | ERROR | Error getting candle data for MOQUALITY-EQ: Couldn't parse the JSON response received from the server: b'Access denied because of exceeding access rate'
2026-08-11 12:07:13,340 | ERROR | Error getting candle data for GICHSGFIN-EQ: Couldn't parse the JSON response received from the server: b'Access denied because of exceeding access rate'
2026-08-11 12:07:16,905 | ERROR | Error getting candle data for TEXINFRA-EQ: Couldn't parse the JSON response received from the server: b'Access denied because of exceeding access rate'
2026-08-11 12:07:22,013 | ERROR | Error getting candle data for EVEREADY-EQ: Couldn't parse the JSON response received from the server: b'Access denied because of exceeding access rate'
2026-08-11 12:07:24,217 | ERROR | Error getting candle data for HPIL-EQ: Couldn't parse the JSON response received from the server: b'Access denied because of exceeding access rate'
2026-08-11 12:07:27,077 | ERROR | Error getting candle data for SUKHJITS-EQ: Couldn't parse the JSON response received from the server: b'Access denied because of exceeding access rate'
2026-08-11 12:07:42,578 | ERROR | Error getting candle data for UFLEX-EQ: Couldn't parse the JSON response received from the server: b'Access denied because of exceeding access rate'
2026-08-11 12:07:47,000 | ERROR | Error getting candle data for LOYALTEX-EQ: Couldn't parse the JSON response received from the server: b'Access denied because of exceeding access rate'
2026-08-11 12:08:15,166 | ERROR | Error getting LTP for SIRCA-EQ: HTTPSConnectionPool(host='apiconnect.angelone.in', port=443): Read timed out. (read timeout=7)
2026-08-11 12:08:32,163 | ERROR | Error getting LTP for TVSELECT-EQ: HTTPSConnectionPool(host='apiconnect.angelone.in', port=443): Max retries exceeded with url: /rest/secure/angelbroking/order/v1/getLtpData (Caused by ConnectTimeoutError(<HTTPSConnection(host='apiconnect.angelone.in', port=443) at 0x2293be30e10>, 'Connection to apiconnect.angelone.in timed out. (connect timeout=7)'))
2026-08-11 12:09:03,015 | INFO | Fetched 2485 NSE stocks
2026-08-11 12:09:11,124 | ERROR | Error getting candle data for MUTHOOTCAP-EQ: Couldn't parse the JSON response received from the server: b'Access denied because of exceeding access rate'
2026-08-11 12:09:16,958 | ERROR | Error getting candle data for MOM30IETF-EQ: Couldn't parse the JSON response received from the server: b'Access denied because of exceeding access rate'
2026-08-11 12:09:25,218 | ERROR | Error getting candle data for DBOL-EQ: Couldn't parse the JSON response received from the server: b'Access denied because of exceeding access rate'
2026-08-11 12:09:48,003 | ERROR | Error getting candle data for HPIL-EQ: Couldn't parse the JSON response received from the server: b'Access denied because of exceeding access rate'
2026-08-11 12:09:51,125 | ERROR | Error getting candle data for SUKHJITS-EQ: Couldn't parse the JSON response received from the server: b'Access denied because of exceeding access rate'
2026-08-11 12:10:00,456 | ERROR | Error getting candle data for DJML-EQ: Couldn't parse the JSON response received from the server: b'Access denied because of exceeding access rate'
2026-08-11 12:10:03,541 | ERROR | Error getting candle data for UFLEX-EQ: Couldn't parse the JSON response received from the server: b'Access denied because of exceeding access rate'
2026-08-11 12:10:25,550 | ERROR | Error getting candle data for TIPSFILMS-EQ: Couldn't parse the JSON response received from the server: b'Access denied because of exceeding access rate'
2026-08-11 12:10:51,929 | INFO | Fetched 2485 NSE stocks
2026-08-11 12:10:55,515 | ERROR | Error getting candle data for SHAREINDIA-EQ: Couldn't parse the JSON response received from the server: b'Access denied because of exceeding access rate'
2026-08-11 12:10:58,670 | ERROR | Error getting candle data for MUTHOOTCAP-EQ: Couldn't parse the JSON response received from the server: b'Access denied because of exceeding access rate'
2026-08-11 12:11:06,473 | ERROR | Error getting candle data for UNIONBANK-EQ: Couldn't parse the JSON response received from the server: b'Access denied because of exceeding access rate'
2026-08-11 12:11:08,650 | ERROR | Error getting candle data for MOQUALITY-EQ: Couldn't parse the JSON response received from the server: b'Access denied because of exceeding access rate'
2026-08-11 12:11:10,906 | ERROR | Error getting candle data for DBOL-EQ: Couldn't parse the JSON response received from the server: b'Access denied because of exceeding access rate'
2026-08-11 12:11:19,831 | ERROR | Error getting candle data for GICHSGFIN-EQ: Couldn't parse the JSON response received from the server: b'Access denied because of exceeding access rate'
2026-08-11 12:11:23,538 | ERROR | Error getting candle data for TEXINFRA-EQ: Couldn't parse the JSON response received from the server: b'Access denied because of exceeding access rate'
2026-08-11 12:11:31,257 | ERROR | Error getting candle data for HPIL-EQ: Couldn't parse the JSON response received from the server: b'Access denied because of exceeding access rate'
2026-08-11 12:11:34,196 | ERROR | Error getting candle data for SUKHJITS-EQ: Couldn't parse the JSON response received from the server: b'Access denied because of exceeding access rate'
2026-08-11 12:11:41,399 | ERROR | Error getting candle data for MBAPL-EQ: Couldn't parse the JSON response received from the server: b'Access denied because of exceeding access rate'
2026-08-11 12:11:47,025 | ERROR | Error getting candle data for UFLEX-EQ: Couldn't parse the JSON response received from the server: b'Access denied because of exceeding access rate'
2026-08-11 12:11:49,259 | ERROR | Error getting candle data for MOHEALTH-EQ: Couldn't parse the JSON response received from the server: b'Access denied because of exceeding access rate'
2026-08-11 12:11:51,546 | ERROR | Error getting candle data for LOYALTEX-EQ: Couldn't parse the JSON response received from the server: b'Access denied because of exceeding access rate'
2026-08-11 12:11:53,708 | ERROR | Error getting candle data for GUJENERGY-EQ: Couldn't parse the JSON response received from the server: b'Access denied because of exceeding access rate'
2026-08-11 12:12:00,197 | ERROR | Error getting candle data for TVSELECT-EQ: Couldn't parse the JSON response received from the server: b'Access denied because of exceeding access rate'
2026-08-11 12:12:25,318 | INFO | Fetched 2485 NSE stocks
2026-08-11 12:12:28,856 | ERROR | Error getting candle data for SHAREINDIA-EQ: Couldn't parse the JSON response received from the server: b'Access denied because of exceeding access rate'
2026-08-11 12:12:31,960 | ERROR | Error getting candle data for MUTHOOTCAP-EQ: Couldn't parse the JSON response received from the server: b'Access denied because of exceeding access rate'
2026-08-11 12:12:34,211 | ERROR | Error getting candle data for NAVKARCORP-EQ: Couldn't parse the JSON response received from the server: b'Access denied because of exceeding access rate'
2026-08-11 12:12:40,858 | ERROR | Error getting candle data for MOQUALITY-EQ: Couldn't parse the JSON response received from the server: b'Access denied because of exceeding access rate'
2026-08-11 12:12:43,036 | ERROR | Error getting candle data for DBOL-EQ: Couldn't parse the JSON response received from the server: b'Access denied because of exceeding access rate'
2026-08-11 12:12:50,273 | ERROR | Error getting candle data for MAHABANK-EQ: Couldn't parse the JSON response received from the server: b'Access denied because of exceeding access rate'
2026-08-11 12:12:52,638 | ERROR | Error getting candle data for GICHSGFIN-EQ: Couldn't parse the JSON response received from the server: b'Access denied because of exceeding access rate'
2026-08-11 12:12:56,352 | ERROR | Error getting candle data for TEXINFRA-EQ: Couldn't parse the JSON response received from the server: b'Access denied because of exceeding access rate'
2026-08-11 12:13:01,290 | ERROR | Error getting candle data for EVEREADY-EQ: Couldn't parse the JSON response received from the server: b'Access denied because of exceeding access rate'
2026-08-11 12:13:03,456 | ERROR | Error getting candle data for HPIL-EQ: Couldn't parse the JSON response received from the server: b'Access denied because of exceeding access rate'
2026-08-11 12:13:16,233 | ERROR | Error getting candle data for DJML-EQ: Couldn't parse the JSON response received from the server: b'Access denied because of exceeding access rate'
2026-08-11 12:13:19,186 | ERROR | Error getting candle data for UFLEX-EQ: Couldn't parse the JSON response received from the server: b'Access denied because of exceeding access rate'
2026-08-11 12:13:21,466 | ERROR | Error getting candle data for MOHEALTH-EQ: Couldn't parse the JSON response received from the server: b'Access denied because of exceeding access rate'
2026-08-11 12:13:26,006 | ERROR | Error getting candle data for GUJENERGY-EQ: Couldn't parse the JSON response received from the server: b'Access denied because of exceeding access rate'
2026-08-11 12:13:35,000 | ERROR | Error getting candle data for TIPSFILMS-EQ: Couldn't parse the JSON response received from the server: b'Access denied because of exceeding access rate'
2026-08-11 12:13:40,381 | ERROR | Error getting candle data for PPLPHARMA-EQ: Couldn't parse the JSON response received from the server: b'Access denied because of exceeding access rate'
2026-08-11 12:13:56,748 | INFO | Fetched 2485 NSE stocks
2026-08-11 12:14:16,746 | ERROR | Error getting candle data for MOQUALITY-EQ: Couldn't parse the JSON response received from the server: b'Access denied because of exceeding access rate'
2026-08-11 12:14:25,816 | ERROR | Error getting candle data for MAHABANK-EQ: Couldn't parse the JSON response received from the server: b'Access denied because of exceeding access rate'
2026-08-11 12:14:28,023 | ERROR | Error getting candle data for GICHSGFIN-EQ: Couldn't parse the JSON response received from the server: b'Access denied because of exceeding access rate'
2026-08-11 12:14:32,516 | ERROR | Error getting candle data for TEXINFRA-EQ: Couldn't parse the JSON response received from the server: b'Access denied because of exceeding access rate'
2026-08-11 12:14:38,705 | ERROR | Error getting candle data for EVEREADY-EQ: Couldn't parse the JSON response received from the server: b'Access denied because of exceeding access rate'
2026-08-11 12:14:44,410 | ERROR | Error getting candle data for HPIL-EQ: Couldn't parse the JSON response received from the server: b'Access denied because of exceeding access rate'
2026-08-11 12:14:59,719 | ERROR | Error getting candle data for DJML-EQ: Couldn't parse the JSON response received from the server: b'Access denied because of exceeding access rate'
2026-08-11 12:15:15,354 | ERROR | Error getting candle data for GUJENERGY-EQ: Couldn't parse the JSON response received from the server: b'Access denied because of exceeding access rate'
2026-08-11 12:15:36,790 | ERROR | Error getting candle data for PPLPHARMA-EQ: Couldn't parse the JSON response received from the server: b'Access denied because of exceeding access rate'
2026-08-11 12:15:51,980 | INFO | Fetched 2485 NSE stocks
2026-08-11 12:16:00,775 | ERROR | Error getting candle data for MUTHOOTCAP-EQ: Couldn't parse the JSON response received from the server: b'Access denied because of exceeding access rate'
2026-08-11 12:16:15,256 | ERROR | Error getting candle data for UNIONBANK-EQ: Couldn't parse the JSON response received from the server: b'Access denied because of exceeding access rate'
2026-08-11 12:16:20,208 | ERROR | Error getting candle data for MOQUALITY-EQ: Couldn't parse the JSON response received from the server: b'Access denied because of exceeding access rate'
2026-08-11 12:16:26,391 | ERROR | Error getting candle data for DBOL-EQ: Couldn't parse the JSON response received from the server: b'Access denied because of exceeding access rate'
2026-08-11 12:16:35,024 | ERROR | Error getting candle data for UNIENTER-EQ: Couldn't parse the JSON response received from the server: b'Access denied because of exceeding access rate'
2026-08-11 12:16:40,511 | ERROR | Error getting candle data for MAHABANK-EQ: Couldn't parse the JSON response received from the server: b'Access denied because of exceeding access rate'
2026-08-11 12:16:43,754 | ERROR | Error getting candle data for GICHSGFIN-EQ: Couldn't parse the JSON response received from the server: b'Access denied because of exceeding access rate'
2026-08-11 12:17:03,138 | ERROR | Error getting candle data for SUKHJITS-EQ: Couldn't parse the JSON response received from the server: b'Access denied because of exceeding access rate'
2026-08-11 12:17:15,062 | ERROR | Error getting candle data for MBAPL-EQ: Couldn't parse the JSON response received from the server: b'Access denied because of exceeding access rate'
2026-08-11 12:17:17,540 | ERROR | Error getting candle data for DJML-EQ: Couldn't parse the JSON response received from the server: b'Access denied because of exceeding access rate'
2026-08-11 12:17:23,713 | ERROR | Error getting candle data for MOHEALTH-EQ: Couldn't parse the JSON response received from the server: b'Access denied because of exceeding access rate'
2026-08-11 12:17:29,463 | ERROR | Error getting candle data for LOYALTEX-EQ: Couldn't parse the JSON response received from the server: b'Access denied because of exceeding access rate'
2026-08-11 12:17:43,121 | ERROR | Error getting candle data for SIRCA-EQ: Couldn't parse the JSON response received from the server: b'Access denied because of exceeding access rate'
2026-08-11 12:17:46,548 | ERROR | Error getting candle data for TVSELECT-EQ: Couldn't parse the JSON response received from the server: b'Access denied because of exceeding access rate'
2026-08-11 12:17:49,425 | ERROR | Error getting candle data for TIPSFILMS-EQ: Couldn't parse the JSON response received from the server: b'Access denied because of exceeding access rate'
2026-08-11 12:18:14,270 | INFO | Fetched 2485 NSE stocks
2026-08-11 12:18:18,371 | ERROR | Error getting candle data for SHAREINDIA-EQ: Couldn't parse the JSON response received from the server: b'Access denied because of exceeding access rate'
2026-08-11 12:18:22,204 | ERROR | Error getting candle data for MUTHOOTCAP-EQ: Couldn't parse the JSON response received from the server: b'Access denied because of exceeding access rate'
2026-08-11 12:18:28,851 | ERROR | Error getting candle data for UNIONBANK-EQ: Couldn't parse the JSON response received from the server: b'Access denied because of exceeding access rate'
2026-08-11 12:18:31,341 | ERROR | Error getting candle data for MOQUALITY-EQ: Couldn't parse the JSON response received from the server: b'Access denied because of exceeding access rate'
2026-08-11 12:18:33,481 | ERROR | Error getting candle data for DBOL-EQ: Couldn't parse the JSON response received from the server: b'Access denied because of exceeding access rate'
2026-08-11 12:18:42,284 | ERROR | Error getting candle data for GICHSGFIN-EQ: Couldn't parse the JSON response received from the server: b'Access denied because of exceeding access rate'
2026-08-11 12:18:53,382 | ERROR | Error getting candle data for HPIL-EQ: Couldn't parse the JSON response received from the server: b'Access denied because of exceeding access rate'
2026-08-11 12:18:56,184 | ERROR | Error getting candle data for SUKHJITS-EQ: Couldn't parse the JSON response received from the server: b'Access denied because of exceeding access rate'
2026-08-11 12:18:58,318 | ERROR | Error getting candle data for SSWL-EQ: Couldn't parse the JSON response received from the server: b'Access denied because of exceeding access rate'
2026-08-11 12:19:05,529 | ERROR | Error getting candle data for DJML-EQ: Couldn't parse the JSON response received from the server: b'Access denied because of exceeding access rate'
2026-08-11 12:19:19,222 | ERROR | Error getting candle data for SIRCA-EQ: Couldn't parse the JSON response received from the server: b'Access denied because of exceeding access rate'
2026-08-11 12:19:24,722 | ERROR | Error getting candle data for TIPSFILMS-EQ: Couldn't parse the JSON response received from the server: b'Access denied because of exceeding access rate'
2026-08-11 12:19:55,287 | INFO | Fetched 2485 NSE stocks
2026-08-11 12:20:03,643 | ERROR | Error getting candle data for MUTHOOTCAP-EQ: Couldn't parse the JSON response received from the server: b'Access denied because of exceeding access rate'
2026-08-11 12:20:19,706 | ERROR | Error getting candle data for UNIENTER-EQ: Couldn't parse the JSON response received from the server: b'Access denied because of exceeding access rate'
2026-08-11 12:20:23,589 | ERROR | Error getting candle data for MAHABANK-EQ: Couldn't parse the JSON response received from the server: b'Access denied because of exceeding access rate'
2026-08-11 12:20:31,320 | ERROR | Error getting candle data for TEXINFRA-EQ: Couldn't parse the JSON response received from the server: b'Access denied because of exceeding access rate'
2026-08-11 12:20:38,375 | ERROR | Error getting candle data for EVEREADY-EQ: Couldn't parse the JSON response received from the server: b'Access denied because of exceeding access rate'
2026-08-11 12:20:41,043 | ERROR | Error getting candle data for HPIL-EQ: Couldn't parse the JSON response received from the server: b'Access denied because of exceeding access rate'
2026-08-11 12:20:45,883 | ERROR | Error getting candle data for SUKHJITS-EQ: Couldn't parse the JSON response received from the server: b'Access denied because of exceeding access rate'
2026-08-11 12:20:59,172 | ERROR | Error getting candle data for UFLEX-EQ: Couldn't parse the JSON response received from the server: b'Access denied because of exceeding access rate'
2026-08-11 12:21:04,229 | ERROR | Error getting candle data for LOYALTEX-EQ: Couldn't parse the JSON response received from the server: b'Access denied because of exceeding access rate'
2026-08-11 12:21:16,420 | ERROR | Error getting candle data for TIPSFILMS-EQ: Couldn't parse the JSON response received from the server: b'Access denied because of exceeding access rate'
2026-08-11 12:21:43,689 | INFO | Fetched 2485 NSE stocks
2026-08-11 12:21:47,618 | ERROR | Error getting candle data for SHAREINDIA-EQ: Couldn't parse the JSON response received from the server: b'Access denied because of exceeding access rate'
2026-08-11 12:21:50,680 | ERROR | Error getting candle data for MUTHOOTCAP-EQ: Couldn't parse the JSON response received from the server: b'Access denied because of exceeding access rate'
2026-08-11 12:21:55,074 | ERROR | Error getting candle data for MOM30IETF-EQ: Couldn't parse the JSON response received from the server: b'Access denied because of exceeding access rate'
2026-08-11 12:21:59,828 | ERROR | Error getting candle data for MOQUALITY-EQ: Couldn't parse the JSON response received from the server: b'Access denied because of exceeding access rate'
2026-08-11 12:22:02,280 | ERROR | Error getting candle data for DBOL-EQ: Couldn't parse the JSON response received from the server: b'Access denied because of exceeding access rate'
2026-08-11 12:22:05,947 | ERROR | Error getting candle data for UNIENTER-EQ: Couldn't parse the JSON response received from the server: b'Access denied because of exceeding access rate'
2026-08-11 12:22:08,898 | ERROR | Error getting candle data for MAHABANK-EQ: Couldn't parse the JSON response received from the server: b'Access denied because of exceeding access rate'
2026-08-11 12:22:11,162 | ERROR | Error getting candle data for GICHSGFIN-EQ: Couldn't parse the JSON response received from the server: b'Access denied because of exceeding access rate'
2026-08-11 12:22:21,963 | ERROR | Error getting candle data for HPIL-EQ: Couldn't parse the JSON response received from the server: b'Access denied because of exceeding access rate'
2026-08-11 12:22:24,833 | ERROR | Error getting candle data for SUKHJITS-EQ: Couldn't parse the JSON response received from the server: b'Access denied because of exceeding access rate'
2026-08-11 12:22:27,231 | ERROR | Error getting candle data for SSWL-EQ: Couldn't parse the JSON response received from the server: b'Access denied because of exceeding access rate'
2026-08-11 12:22:32,349 | ERROR | Error getting candle data for MBAPL-EQ: Couldn't parse the JSON response received from the server: b'Access denied because of exceeding access rate'
2026-08-11 12:22:37,417 | ERROR | Error getting candle data for UFLEX-EQ: Couldn't parse the JSON response received from the server: b'Access denied because of exceeding access rate'
2026-08-11 12:22:39,618 | ERROR | Error getting candle data for MOHEALTH-EQ: Couldn't parse the JSON response received from the server: b'Access denied because of exceeding access rate'
2026-08-11 12:22:41,881 | ERROR | Error getting candle data for LOYALTEX-EQ: Couldn't parse the JSON response received from the server: b'Access denied because of exceeding access rate'
2026-08-11 12:22:47,739 | ERROR | Error getting candle data for SIRCA-EQ: Couldn't parse the JSON response received from the server: b'Access denied because of exceeding access rate'
2026-08-11 12:23:18,628 | INFO | Fetched 2485 NSE stocks
2026-08-11 12:23:22,764 | ERROR | Error getting candle data for SHAREINDIA-EQ: Couldn't parse the JSON response received from the server: b'Access denied because of exceeding access rate'
2026-08-11 12:23:29,179 | ERROR | Error getting candle data for NAVKARCORP-EQ: Couldn't parse the JSON response received from the server: b'Access denied because of exceeding access rate'
2026-08-11 12:23:52,023 | ERROR | Error getting candle data for GICHSGFIN-EQ: Couldn't parse the JSON response received from the server: b'Access denied because of exceeding access rate'
2026-08-11 12:24:01,539 | ERROR | Error getting candle data for EVEREADY-EQ: Couldn't parse the JSON response received from the server: b'Access denied because of exceeding access rate'
2026-08-11 12:24:06,705 | ERROR | Error getting candle data for SUKHJITS-EQ: Couldn't parse the JSON response received from the server: b'Access denied because of exceeding access rate'
2026-08-11 12:24:08,818 | ERROR | Error getting candle data for SSWL-EQ: Couldn't parse the JSON response received from the server: b'Access denied because of exceeding access rate'
2026-08-11 12:24:15,876 | ERROR | Error getting candle data for DJML-EQ: Couldn't parse the JSON response received from the server: b'Access denied because of exceeding access rate'
2026-08-11 12:24:18,925 | ERROR | Error getting candle data for UFLEX-EQ: Couldn't parse the JSON response received from the server: b'Access denied because of exceeding access rate'
2026-08-11 12:24:30,991 | ERROR | Error getting candle data for SIRCA-EQ: Couldn't parse the JSON response received from the server: b'Access denied because of exceeding access rate'
2026-08-11 12:24:41,576 | ERROR | Error getting candle data for PPLPHARMA-EQ: Couldn't parse the JSON response received from the server: b'Access denied because of exceeding access rate'
2026-08-11 12:24:57,324 | INFO | Fetched 2485 NSE stocks
2026-08-11 12:25:11,938 | ERROR | Error getting candle data for MOM30IETF-EQ: Couldn't parse the JSON response received from the server: b'Access denied because of exceeding access rate'
2026-08-11 12:25:20,201 | ERROR | Error getting candle data for DBOL-EQ: Couldn't parse the JSON response received from the server: b'Access denied because of exceeding access rate'
2026-08-11 12:25:24,825 | ERROR | Error getting candle data for UNIENTER-EQ: Couldn't parse the JSON response received from the server: b'Access denied because of exceeding access rate'
2026-08-11 12:25:28,105 | ERROR | Error getting candle data for MAHABANK-EQ: Couldn't parse the JSON response received from the server: b'Access denied because of exceeding access rate'
2026-08-11 12:25:30,421 | ERROR | Error getting candle data for GICHSGFIN-EQ: Couldn't parse the JSON response received from the server: b'Access denied because of exceeding access rate'
2026-08-11 12:25:35,384 | ERROR | Error getting candle data for TEXINFRA-EQ: Couldn't parse the JSON response received from the server: b'Access denied because of exceeding access rate'
2026-08-11 12:25:52,208 | ERROR | Error getting candle data for SSWL-EQ: Couldn't parse the JSON response received from the server: b'Access denied because of exceeding access rate'
2026-08-11 12:25:57,353 | ERROR | Error getting candle data for MBAPL-EQ: Couldn't parse the JSON response received from the server: b'Access denied because of exceeding access rate'
2026-08-11 12:26:02,527 | ERROR | Error getting candle data for UFLEX-EQ: Couldn't parse the JSON response received from the server: b'Access denied because of exceeding access rate'
2026-08-11 12:26:07,004 | ERROR | Error getting candle data for LOYALTEX-EQ: Couldn't parse the JSON response received from the server: b'Access denied because of exceeding access rate'
2026-08-11 12:26:09,349 | ERROR | Error getting candle data for GUJENERGY-EQ: Couldn't parse the JSON response received from the server: b'Access denied because of exceeding access rate'
2026-08-11 12:26:15,955 | ERROR | Error getting candle data for TVSELECT-EQ: Couldn't parse the JSON response received from the server: b'Access denied because of exceeding access rate'
2026-08-11 12:26:23,094 | ERROR | Error getting candle data for PPLPHARMA-EQ: Couldn't parse the JSON response received from the server: b'Access denied because of exceeding access rate'
2026-08-11 12:26:42,196 | INFO | Fetched 2485 NSE stocks
2026-08-11 12:26:45,890 | ERROR | Error getting candle data for SHAREINDIA-EQ: Couldn't parse the JSON response received from the server: b'Access denied because of exceeding access rate'
2026-08-11 12:26:51,574 | ERROR | Error getting candle data for NAVKARCORP-EQ: Couldn't parse the JSON response received from the server: b'Access denied because of exceeding access rate'
2026-08-11 12:26:58,342 | ERROR | Error getting candle data for MOQUALITY-EQ: Couldn't parse the JSON response received from the server: b'Access denied because of exceeding access rate'
2026-08-11 12:27:00,637 | ERROR | Error getting candle data for DBOL-EQ: Couldn't parse the JSON response received from the server: b'Access denied because of exceeding access rate'
2026-08-11 12:27:20,197 | ERROR | Error getting candle data for EVEREADY-EQ: Couldn't parse the JSON response received from the server: b'Access denied because of exceeding access rate'
2026-08-11 12:27:22,383 | ERROR | Error getting candle data for HPIL-EQ: Couldn't parse the JSON response received from the server: b'Access denied because of exceeding access rate'
2026-08-11 12:27:34,836 | ERROR | Error getting candle data for DJML-EQ: Couldn't parse the JSON response received from the server: b'Access denied because of exceeding access rate'
2026-08-11 12:27:37,948 | ERROR | Error getting candle data for UFLEX-EQ: Couldn't parse the JSON response received from the server: b'Access denied because of exceeding access rate'
2026-08-11 12:27:40,377 | ERROR | Error getting candle data for MOHEALTH-EQ: Couldn't parse the JSON response received from the server: b'Access denied because of exceeding access rate'
2026-08-11 12:27:44,841 | ERROR | Error getting candle data for GUJENERGY-EQ: Couldn't parse the JSON response received from the server: b'Access denied because of exceeding access rate'
2026-08-11 12:28:07,227 | ERROR | Error getting candle data for PPLPHARMA-EQ: Couldn't parse the JSON response received from the server: b'Access denied because of exceeding access rate'
2026-08-11 12:28:25,678 | INFO | Fetched 2485 NSE stocks
2026-08-11 12:28:41,101 | ERROR | Error getting candle data for NAVKARCORP-EQ: Couldn't parse the JSON response received from the server: b'Access denied because of exceeding access rate'
2026-08-11 12:28:45,114 | ERROR | Error getting candle data for MOM30IETF-EQ: Couldn't parse the JSON response received from the server: b'Access denied because of exceeding access rate'
2026-08-11 12:28:52,562 | ERROR | Error getting candle data for MOQUALITY-EQ: Couldn't parse the JSON response received from the server: b'Access denied because of exceeding access rate'
2026-08-11 12:29:09,561 | ERROR | Error getting candle data for GICHSGFIN-EQ: Couldn't parse the JSON response received from the server: b'Access denied because of exceeding access rate'
2026-08-11 12:29:21,541 | ERROR | Error getting candle data for EVEREADY-EQ: Couldn't parse the JSON response received from the server: b'Access denied because of exceeding access rate'
2026-08-11 12:29:23,794 | ERROR | Error getting candle data for HPIL-EQ: Couldn't parse the JSON response received from the server: b'Access denied because of exceeding access rate'
2026-08-11 12:29:26,760 | ERROR | Error getting candle data for SUKHJITS-EQ: Couldn't parse the JSON response received from the server: b'Access denied because of exceeding access rate'
2026-08-11 12:29:36,299 | ERROR | Error getting candle data for DJML-EQ: Couldn't parse the JSON response received from the server: b'Access denied because of exceeding access rate'
2026-08-11 12:29:39,252 | ERROR | Error getting candle data for UFLEX-EQ: Couldn't parse the JSON response received from the server: b'Access denied because of exceeding access rate'
2026-08-11 12:29:46,181 | ERROR | Error getting candle data for GUJENERGY-EQ: Couldn't parse the JSON response received from the server: b'Access denied because of exceeding access rate'
2026-08-11 12:29:50,345 | ERROR | Error getting candle data for SIRCA-EQ: Couldn't parse the JSON response received from the server: b'Access denied because of exceeding access rate'
2026-08-11 12:29:53,402 | ERROR | Error getting candle data for TVSELECT-EQ: Couldn't parse the JSON response received from the server: b'Access denied because of exceeding access rate'
2026-08-11 12:29:57,614 | ERROR | Error getting candle data for TIPSFILMS-EQ: Couldn't parse the JSON response received from the server: b'Access denied because of exceeding access rate'
2026-08-11 12:30:02,608 | ERROR | Error getting candle data for PPLPHARMA-EQ: Couldn't parse the JSON response received from the server: b'Access denied because of exceeding access rate'
2026-08-11 12:30:19,969 | INFO | Fetched 2485 NSE stocks
2026-08-11 12:30:23,798 | ERROR | Error getting candle data for SHAREINDIA-EQ: Couldn't parse the JSON response received from the server: b'Access denied because of exceeding access rate'
2026-08-11 12:30:34,985 | ERROR | Error getting candle data for MOM30IETF-EQ: Couldn't parse the JSON response received from the server: b'Access denied because of exceeding access rate'
2026-08-11 12:30:39,704 | ERROR | Error getting candle data for MOQUALITY-EQ: Couldn't parse the JSON response received from the server: b'Access denied because of exceeding access rate'
2026-08-11 12:30:49,270 | ERROR | Error getting candle data for MAHABANK-EQ: Couldn't parse the JSON response received from the server: b'Access denied because of exceeding access rate'
2026-08-11 12:30:51,593 | ERROR | Error getting candle data for GICHSGFIN-EQ: Couldn't parse the JSON response received from the server: b'Access denied because of exceeding access rate'
2026-08-11 12:31:03,817 | ERROR | Error getting candle data for HPIL-EQ: Couldn't parse the JSON response received from the server: b'Access denied because of exceeding access rate'
2026-08-11 12:31:09,290 | ERROR | Error getting candle data for SSWL-EQ: Couldn't parse the JSON response received from the server: b'Access denied because of exceeding access rate'
2026-08-11 12:31:16,917 | ERROR | Error getting candle data for DJML-EQ: Couldn't parse the JSON response received from the server: b'Access denied because of exceeding access rate'
2026-08-11 12:31:26,776 | ERROR | Error getting candle data for GUJENERGY-EQ: Couldn't parse the JSON response received from the server: b'Access denied because of exceeding access rate'
2026-08-11 12:31:36,121 | ERROR | Error getting LTP for SIRCA-EQ: HTTPSConnectionPool(host='apiconnect.angelone.in', port=443): Read timed out. (read timeout=7)
2026-08-11 12:31:43,158 | ERROR | Error getting LTP for JSL-EQ: HTTPSConnectionPool(host='apiconnect.angelone.in', port=443): Max retries exceeded with url: /rest/secure/angelbroking/order/v1/getLtpData (Caused by NewConnectionError("HTTPSConnection(host='apiconnect.angelone.in', port=443): Failed to establish a new connection: [WinError 10065] A socket operation was attempted to an unreachable host"))
2026-08-11 12:31:43,160 | ERROR | Error getting LTP for TVSELECT-EQ: HTTPSConnectionPool(host='apiconnect.angelone.in', port=443): Max retries exceeded with url: /rest/secure/angelbroking/order/v1/getLtpData (Caused by NameResolutionError("HTTPSConnection(host='apiconnect.angelone.in', port=443): Failed to resolve 'apiconnect.angelone.in' ([Errno 11001] getaddrinfo failed)"))
2026-08-11 12:31:43,162 | ERROR | Error getting LTP for TIPSFILMS-EQ: HTTPSConnectionPool(host='apiconnect.angelone.in', port=443): Max retries exceeded with url: /rest/secure/angelbroking/order/v1/getLtpData (Caused by NameResolutionError("HTTPSConnection(host='apiconnect.angelone.in', port=443): Failed to resolve 'apiconnect.angelone.in' ([Errno 11001] getaddrinfo failed)"))
2026-08-11 12:31:43,165 | ERROR | Error getting LTP for RKFORGE-EQ: HTTPSConnectionPool(host='apiconnect.angelone.in', port=443): Max retries exceeded with url: /rest/secure/angelbroking/order/v1/getLtpData (Caused by NameResolutionError("HTTPSConnection(host='apiconnect.angelone.in', port=443): Failed to resolve 'apiconnect.angelone.in' ([Errno 11001] getaddrinfo failed)"))
2026-08-11 12:31:43,168 | ERROR | Error getting LTP for CCL-EQ: HTTPSConnectionPool(host='apiconnect.angelone.in', port=443): Max retries exceeded with url: /rest/secure/angelbroking/order/v1/getLtpData (Caused by NameResolutionError("HTTPSConnection(host='apiconnect.angelone.in', port=443): Failed to resolve 'apiconnect.angelone.in' ([Errno 11001] getaddrinfo failed)"))
2026-08-11 12:31:43,171 | ERROR | Error getting LTP for ULTRACEMCO-EQ: HTTPSConnectionPool(host='apiconnect.angelone.in', port=443): Max retries exceeded with url: /rest/secure/angelbroking/order/v1/getLtpData (Caused by NameResolutionError("HTTPSConnection(host='apiconnect.angelone.in', port=443): Failed to resolve 'apiconnect.angelone.in' ([Errno 11001] getaddrinfo failed)"))
2026-08-11 12:31:43,183 | ERROR | Error getting LTP for TCS-EQ: HTTPSConnectionPool(host='apiconnect.angelone.in', port=443): Max retries exceeded with url: /rest/secure/angelbroking/order/v1/getLtpData (Caused by NameResolutionError("HTTPSConnection(host='apiconnect.angelone.in', port=443): Failed to resolve 'apiconnect.angelone.in' ([Errno 11001] getaddrinfo failed)"))
2026-08-11 12:31:43,188 | ERROR | Error getting LTP for PPLPHARMA-EQ: HTTPSConnectionPool(host='apiconnect.angelone.in', port=443): Max retries exceeded with url: /rest/secure/angelbroking/order/v1/getLtpData (Caused by NameResolutionError("HTTPSConnection(host='apiconnect.angelone.in', port=443): Failed to resolve 'apiconnect.angelone.in' ([Errno 11001] getaddrinfo failed)"))
2026-08-11 12:31:48,297 | ERROR | Error fetching stocks: HTTPSConnectionPool(host='margincalculator.angelbroking.com', port=443): Max retries exceeded with url: /OpenAPI_File/files/OpenAPIScripMaster.json (Caused by NameResolutionError("HTTPSConnection(host='margincalculator.angelbroking.com', port=443): Failed to resolve 'margincalculator.angelbroking.com' ([Errno 11001] getaddrinfo failed)"))
2026-08-11 12:31:53,380 | ERROR | Error fetching stocks: HTTPSConnectionPool(host='margincalculator.angelbroking.com', port=443): Max retries exceeded with url: /OpenAPI_File/files/OpenAPIScripMaster.json (Caused by NameResolutionError("HTTPSConnection(host='margincalculator.angelbroking.com', port=443): Failed to resolve 'margincalculator.angelbroking.com' ([Errno 11001] getaddrinfo failed)"))
2026-08-11 12:51:10,112 | INFO | Login successful
2026-08-11 12:51:11,780 | INFO | ML model trained successfully
2026-08-11 12:51:21,576 | INFO | Fetched 2485 NSE stocks
2026-08-11 12:51:28,139 | ERROR | Error getting candle data for MUTHOOTCAP-EQ: Couldn't parse the JSON response received from the server: b'Access denied because of exceeding access rate'
2026-08-11 12:51:32,541 | ERROR | Error getting candle data for MOM30IETF-EQ: Couldn't parse the JSON response received from the server: b'Access denied because of exceeding access rate'
2026-08-11 12:51:36,948 | ERROR | Error getting candle data for MOQUALITY-EQ: Couldn't parse the JSON response received from the server: b'Access denied because of exceeding access rate'
2026-08-11 12:51:39,053 | ERROR | Error getting candle data for DBOL-EQ: Couldn't parse the JSON response received from the server: b'Access denied because of exceeding access rate'
2026-08-11 12:51:42,575 | ERROR | Error getting candle data for UNIENTER-EQ: Couldn't parse the JSON response received from the server: b'Access denied because of exceeding access rate'
2026-08-11 12:51:51,344 | ERROR | Error getting candle data for TEXINFRA-EQ: Couldn't parse the JSON response received from the server: b'Access denied because of exceeding access rate'
2026-08-11 12:52:08,357 | ERROR | Error getting candle data for MBAPL-EQ: Couldn't parse the JSON response received from the server: b'Access denied because of exceeding access rate'
2026-08-11 12:52:10,538 | ERROR | Error getting candle data for DJML-EQ: Couldn't parse the JSON response received from the server: b'Access denied because of exceeding access rate'
2026-08-11 12:52:13,440 | ERROR | Error getting candle data for UFLEX-EQ: Couldn't parse the JSON response received from the server: b'Access denied because of exceeding access rate'
2026-08-11 12:52:50,893 | INFO | Fetched 2485 NSE stocks
2026-08-11 12:52:56,705 | ERROR | Error getting candle data for SHAREINDIA-EQ: Couldn't parse the JSON response received from the server: b'Access denied because of exceeding access rate'
2026-08-11 12:53:00,827 | ERROR | Error getting candle data for MUTHOOTCAP-EQ: Couldn't parse the JSON response received from the server: b'Access denied because of exceeding access rate'
2026-08-11 12:53:03,879 | ERROR | Error getting candle data for NAVKARCORP-EQ: Couldn't parse the JSON response received from the server: b'Access denied because of exceeding access rate'
2026-08-11 12:53:22,002 | ERROR | Error getting candle data for GICHSGFIN-EQ: Couldn't parse the JSON response received from the server: b'Access denied because of exceeding access rate'
2026-08-11 12:53:34,434 | ERROR | Error getting candle data for EVEREADY-EQ: Couldn't parse the JSON response received from the server: b'Access denied because of exceeding access rate'
2026-08-11 12:53:44,339 | ERROR | Error getting candle data for SUKHJITS-EQ: Couldn't parse the JSON response received from the server: b'Access denied because of exceeding access rate'
2026-08-11 12:53:47,746 | ERROR | Error getting candle data for SSWL-EQ: Couldn't parse the JSON response received from the server: b'Access denied because of exceeding access rate'
2026-08-11 12:55:07,091 | INFO | Fetched 2485 NSE stocks
2026-08-11 12:55:11,850 | ERROR | Error getting candle data for SHAREINDIA-EQ: Couldn't parse the JSON response received from the server: b'Access denied because of exceeding access rate'
2026-08-11 12:55:18,751 | ERROR | Error getting candle data for NAVKARCORP-EQ: Couldn't parse the JSON response received from the server: b'Access denied because of exceeding access rate'
2026-08-11 12:55:21,376 | ERROR | Error getting candle data for MOM30IETF-EQ: Couldn't parse the JSON response received from the server: b'Access denied because of exceeding access rate'
2026-08-11 12:55:24,018 | ERROR | Error getting candle data for UNIONBANK-EQ: Couldn't parse the JSON response received from the server: b'Access denied because of exceeding access rate'
2026-08-11 12:55:27,170 | ERROR | Error getting candle data for MOQUALITY-EQ: Couldn't parse the JSON response received from the server: b'Access denied because of exceeding access rate'
2026-08-11 12:55:39,217 | ERROR | Error getting candle data for MAHABANK-EQ: Couldn't parse the JSON response received from the server: b'Access denied because of exceeding access rate'
2026-08-11 12:55:56,455 | ERROR | Error getting candle data for HPIL-EQ: Couldn't parse the JSON response received from the server: b'Access denied because of exceeding access rate'
2026-08-11 12:56:00,136 | ERROR | Error getting candle data for SUKHJITS-EQ: Couldn't parse the JSON response received from the server: b'Access denied because of exceeding access rate'
2026-08-11 12:56:11,694 | ERROR | Error getting candle data for MBAPL-EQ: Couldn't parse the JSON response received from the server: b'Access denied because of exceeding access rate'
2026-08-11 12:56:19,127 | ERROR | Error getting candle data for UFLEX-EQ: Couldn't parse the JSON response received from the server: b'Access denied because of exceeding access rate'
2026-08-11 12:56:27,648 | ERROR | Error getting candle data for GUJENERGY-EQ: Couldn't parse the JSON response received from the server: b'Access denied because of exceeding access rate'
2026-08-11 12:56:32,571 | ERROR | Error getting candle data for SIRCA-EQ: Couldn't parse the JSON response received from the server: b'Access denied because of exceeding access rate'
2026-08-11 12:56:36,462 | ERROR | Error getting candle data for TVSELECT-EQ: Couldn't parse the JSON response received from the server: b'Access denied because of exceeding access rate'
2026-08-11 12:56:46,785 | ERROR | Error getting candle data for PPLPHARMA-EQ: Couldn't parse the JSON response received from the server: b'Access denied because of exceeding access rate'
2026-08-11 12:57:32,932 | INFO | Fetched 2485 NSE stocks
2026-08-11 12:57:37,149 | ERROR | Error getting candle data for SHAREINDIA-EQ: Couldn't parse the JSON response received from the server: b'Access denied because of exceeding access rate'
2026-08-11 12:57:40,842 | ERROR | Error getting candle data for MUTHOOTCAP-EQ: Couldn't parse the JSON response received from the server: b'Access denied because of exceeding access rate'
2026-08-11 12:57:51,148 | ERROR | Error getting candle data for MOQUALITY-EQ: Couldn't parse the JSON response received from the server: b'Access denied because of exceeding access rate'
2026-08-11 12:57:53,932 | ERROR | Error getting candle data for DBOL-EQ: Couldn't parse the JSON response received from the server: b'Access denied because of exceeding access rate'
2026-08-11 12:58:01,379 | ERROR | Error getting candle data for MAHABANK-EQ: Couldn't parse the JSON response received from the server: b'Access denied because of exceeding access rate'
2026-08-11 12:58:16,295 | ERROR | Error getting candle data for HPIL-EQ: Couldn't parse the JSON response received from the server: b'Access denied because of exceeding access rate'
2026-08-11 12:58:22,339 | ERROR | Error getting candle data for SSWL-EQ: Couldn't parse the JSON response received from the server: b'Access denied because of exceeding access rate'
2026-08-11 12:58:29,180 | ERROR | Error getting candle data for MBAPL-EQ: Couldn't parse the JSON response received from the server: b'Access denied because of exceeding access rate'
2026-08-11 12:58:31,789 | ERROR | Error getting candle data for DJML-EQ: Couldn't parse the JSON response received from the server: b'Access denied because of exceeding access rate'
2026-08-11 12:58:34,948 | ERROR | Error getting candle data for UFLEX-EQ: Couldn't parse the JSON response received from the server: b'Access denied because of exceeding access rate'
2026-08-11 12:58:37,334 | ERROR | Error getting candle data for MOHEALTH-EQ: Couldn't parse the JSON response received from the server: b'Access denied because of exceeding access rate'
2026-08-11 12:58:39,644 | ERROR | Error getting candle data for LOYALTEX-EQ: Couldn't parse the JSON response received from the server: b'Access denied because of exceeding access rate'
2026-08-11 12:58:52,040 | ERROR | Error getting candle data for TIPSFILMS-EQ: Couldn't parse the JSON response received from the server: b'Access denied because of exceeding access rate'
2026-08-11 12:58:57,937 | ERROR | Error getting candle data for PPLPHARMA-EQ: Couldn't parse the JSON response received from the server: b'Access denied because of exceeding access rate'
2026-08-11 12:59:17,254 | INFO | Fetched 2485 NSE stocks
2026-08-11 12:59:33,328 | ERROR | Error getting candle data for UNIONBANK-EQ: Couldn't parse the JSON response received from the server: b'Access denied because of exceeding access rate'
2026-08-11 12:59:35,774 | ERROR | Error getting candle data for MOQUALITY-EQ: Couldn't parse the JSON response received from the server: b'Access denied because of exceeding access rate'
2026-08-11 12:59:38,436 | ERROR | Error getting candle data for DBOL-EQ: Couldn't parse the JSON response received from the server: b'Access denied because of exceeding access rate'
2026-08-11 12:59:49,451 | ERROR | Error getting candle data for GICHSGFIN-EQ: Couldn't parse the JSON response received from the server: b'Access denied because of exceeding access rate'
2026-08-11 12:59:54,340 | ERROR | Error getting candle data for TEXINFRA-EQ: Couldn't parse the JSON response received from the server: b'Access denied because of exceeding access rate'
2026-08-11 13:00:00,778 | ERROR | Error getting candle data for EVEREADY-EQ: Couldn't parse the JSON response received from the server: b'Access denied because of exceeding access rate'
2026-08-11 13:00:07,405 | ERROR | Error getting candle data for SUKHJITS-EQ: Couldn't parse the JSON response received from the server: b'Access denied because of exceeding access rate'
2026-08-11 13:00:10,188 | ERROR | Error getting candle data for SSWL-EQ: Couldn't parse the JSON response received from the server: b'Access denied because of exceeding access rate'
2026-08-11 13:00:40,696 | ERROR | Error getting candle data for GUJENERGY-EQ: Couldn't parse the JSON response received from the server: b'Access denied because of exceeding access rate'
2026-08-11 13:00:53,024 | ERROR | Error getting candle data for TIPSFILMS-EQ: Couldn't parse the JSON response received from the server: b'Access denied because of exceeding access rate'
2026-08-11 13:01:00,178 | ERROR | Error getting candle data for PPLPHARMA-EQ: Couldn't parse the JSON response received from the server: b'Access denied because of exceeding access rate'
2026-08-11 13:01:16,935 | INFO | Fetched 2485 NSE stocks
2026-08-11 13:01:23,407 | ERROR | Error getting candle data for MUTHOOTCAP-EQ: Couldn't parse the JSON response received from the server: b'Access denied because of exceeding access rate'
2026-08-11 13:01:29,950 | ERROR | Error getting candle data for UNIONBANK-EQ: Couldn't parse the JSON response received from the server: b'Access denied because of exceeding access rate'
2026-08-11 13:01:40,973 | ERROR | Error getting candle data for MAHABANK-EQ: Couldn't parse the JSON response received from the server: b'Access denied because of exceeding access rate'
2026-08-11 13:01:46,973 | ERROR | Error getting candle data for TEXINFRA-EQ: Couldn't parse the JSON response received from the server: b'Access denied because of exceeding access rate'
2026-08-11 13:01:51,849 | ERROR | Error getting candle data for EVEREADY-EQ: Couldn't parse the JSON response received from the server: b'Access denied because of exceeding access rate'
2026-08-11 13:01:54,010 | ERROR | Error getting candle data for HPIL-EQ: Couldn't parse the JSON response received from the server: b'Access denied because of exceeding access rate'
2026-08-11 13:01:56,892 | ERROR | Error getting candle data for SUKHJITS-EQ: Couldn't parse the JSON response received from the server: b'Access denied because of exceeding access rate'
2026-08-11 13:02:04,190 | ERROR | Error getting candle data for MBAPL-EQ: Couldn't parse the JSON response received from the server: b'Access denied because of exceeding access rate'
2026-08-11 13:02:09,484 | ERROR | Error getting candle data for UFLEX-EQ: Couldn't parse the JSON response received from the server: b'Access denied because of exceeding access rate'
2026-08-11 13:02:16,527 | ERROR | Error getting candle data for GUJENERGY-EQ: Couldn't parse the JSON response received from the server: b'Access denied because of exceeding access rate'
2026-08-11 13:02:44,913 | INFO | Fetched 2485 NSE stocks
2026-08-11 13:03:21,986 | ERROR | Error getting candle data for EVEREADY-EQ: Couldn't parse the JSON response received from the server: b'Access denied because of exceeding access rate'
2026-08-11 13:03:24,699 | ERROR | Error getting candle data for HPIL-EQ: Couldn't parse the JSON response received from the server: b'Access denied because of exceeding access rate'
2026-08-11 13:03:43,699 | ERROR | Error getting candle data for UFLEX-EQ: Couldn't parse the JSON response received from the server: b'Access denied because of exceeding access rate'
2026-08-11 13:03:46,660 | ERROR | Error getting candle data for MOHEALTH-EQ: Couldn't parse the JSON response received from the server: b'Access denied because of exceeding access rate'
2026-08-11 13:03:52,026 | ERROR | Error getting candle data for GUJENERGY-EQ: Couldn't parse the JSON response received from the server: b'Access denied because of exceeding access rate'
2026-08-11 13:03:59,195 | ERROR | Error getting candle data for TVSELECT-EQ: Couldn't parse the JSON response received from the server: b'Access denied because of exceeding access rate'
2026-08-11 13:04:07,220 | ERROR | Error getting candle data for PPLPHARMA-EQ: Couldn't parse the JSON response received from the server: b'Access denied because of exceeding access rate'
2026-08-11 13:04:24,424 | INFO | Fetched 2485 NSE stocks
2026-08-11 13:04:30,733 | ERROR | Error getting candle data for MUTHOOTCAP-EQ: Couldn't parse the JSON response received from the server: b'Access denied because of exceeding access rate'
2026-08-11 13:04:32,993 | ERROR | Error getting candle data for NAVKARCORP-EQ: Couldn't parse the JSON response received from the server: b'Access denied because of exceeding access rate'
2026-08-11 13:04:39,448 | ERROR | Error getting candle data for MOQUALITY-EQ: Couldn't parse the JSON response received from the server: b'Access denied because of exceeding access rate'
2026-08-11 13:04:47,942 | ERROR | Error getting candle data for MAHABANK-EQ: Couldn't parse the JSON response received from the server: b'Access denied because of exceeding access rate'
2026-08-11 13:04:58,694 | ERROR | Error getting candle data for EVEREADY-EQ: Couldn't parse the JSON response received from the server: b'Access denied because of exceeding access rate'
2026-08-11 13:05:00,832 | ERROR | Error getting candle data for HPIL-EQ: Couldn't parse the JSON response received from the server: b'Access denied because of exceeding access rate'
2026-08-11 13:05:05,817 | ERROR | Error getting candle data for SSWL-EQ: Couldn't parse the JSON response received from the server: b'Access denied because of exceeding access rate'
2026-08-11 13:05:10,914 | ERROR | Error getting candle data for MBAPL-EQ: Couldn't parse the JSON response received from the server: b'Access denied because of exceeding access rate'
2026-08-11 13:05:20,538 | ERROR | Error getting candle data for LOYALTEX-EQ: Couldn't parse the JSON response received from the server: b'Access denied because of exceeding access rate'
2026-08-11 13:05:26,264 | ERROR | Error getting candle data for SIRCA-EQ: Couldn't parse the JSON response received from the server: b'Access denied because of exceeding access rate'
2026-08-11 13:05:29,092 | ERROR | Error getting candle data for TVSELECT-EQ: Couldn't parse the JSON response received from the server: b'Access denied because of exceeding access rate'
2026-08-11 13:05:31,369 | ERROR | Error getting candle data for TIPSFILMS-EQ: Couldn't parse the JSON response received from the server: b'Access denied because of exceeding access rate'
2026-08-11 13:05:50,949 | INFO | Fetched 2485 NSE stocks
2026-08-11 13:05:57,372 | ERROR | Error getting candle data for MUTHOOTCAP-EQ: Couldn't parse the JSON response received from the server: b'Access denied because of exceeding access rate'
2026-08-11 13:05:59,570 | ERROR | Error getting candle data for NAVKARCORP-EQ: Couldn't parse the JSON response received from the server: b'Access denied because of exceeding access rate'
2026-08-11 13:06:07,981 | ERROR | Error getting candle data for MOM30IETF-EQ: Couldn't parse the JSON response received from the server: b'Access denied because of exceeding access rate'
2026-08-11 13:06:18,319 | ERROR | Error getting candle data for UNIENTER-EQ: Couldn't parse the JSON response received from the server: b'Access denied because of exceeding access rate'
2026-08-11 13:06:21,365 | ERROR | Error getting candle data for MAHABANK-EQ: Couldn't parse the JSON response received from the server: b'Access denied because of exceeding access rate'
2026-08-11 13:06:23,538 | ERROR | Error getting candle data for GICHSGFIN-EQ: Couldn't parse the JSON response received from the server: b'Access denied because of exceeding access rate'
2026-08-11 13:06:32,833 | ERROR | Error getting candle data for EVEREADY-EQ: Couldn't parse the JSON response received from the server: b'Access denied because of exceeding access rate'
2026-08-11 13:06:34,997 | ERROR | Error getting candle data for HPIL-EQ: Couldn't parse the JSON response received from the server: b'Access denied because of exceeding access rate'
2026-08-11 13:06:40,339 | ERROR | Error getting candle data for SSWL-EQ: Couldn't parse the JSON response received from the server: b'Access denied because of exceeding access rate'
2026-08-11 13:06:47,504 | ERROR | Error getting candle data for DJML-EQ: Couldn't parse the JSON response received from the server: b'Access denied because of exceeding access rate'
2026-08-11 13:06:54,951 | ERROR | Error getting candle data for LOYALTEX-EQ: Couldn't parse the JSON response received from the server: b'Access denied because of exceeding access rate'
2026-08-11 13:07:00,793 | ERROR | Error getting candle data for SIRCA-EQ: Couldn't parse the JSON response received from the server: b'Access denied because of exceeding access rate'
2026-08-11 13:07:24,368 | INFO | Fetched 2485 NSE stocks
2026-08-11 13:07:27,876 | ERROR | Error getting candle data for SHAREINDIA-EQ: Couldn't parse the JSON response received from the server: b'Access denied because of exceeding access rate'
2026-08-11 13:07:30,829 | ERROR | Error getting candle data for MUTHOOTCAP-EQ: Couldn't parse the JSON response received from the server: b'Access denied because of exceeding access rate'
2026-08-11 13:07:42,489 | ERROR | Error getting candle data for DBOL-EQ: Couldn't parse the JSON response received from the server: b'Access denied because of exceeding access rate'
2026-08-11 13:08:03,540 | ERROR | Error getting candle data for HPIL-EQ: Couldn't parse the JSON response received from the server: b'Access denied because of exceeding access rate'
2026-08-11 13:08:06,444 | ERROR | Error getting candle data for SUKHJITS-EQ: Couldn't parse the JSON response received from the server: b'Access denied because of exceeding access rate'
2026-08-11 13:08:19,038 | ERROR | Error getting candle data for UFLEX-EQ: Couldn't parse the JSON response received from the server: b'Access denied because of exceeding access rate'
2026-08-11 13:08:23,689 | ERROR | Error getting candle data for LOYALTEX-EQ: Couldn't parse the JSON response received from the server: b'Access denied because of exceeding access rate'
2026-08-11 13:08:26,011 | ERROR | Error getting candle data for GUJENERGY-EQ: Couldn't parse the JSON response received from the server: b'Access denied because of exceeding access rate'
2026-08-11 13:08:29,802 | ERROR | Error getting candle data for SIRCA-EQ: Couldn't parse the JSON response received from the server: b'Access denied because of exceeding access rate'
2026-08-11 13:08:35,928 | ERROR | Error getting candle data for TIPSFILMS-EQ: Couldn't parse the JSON response received from the server: b'Access denied because of exceeding access rate'
2026-08-11 13:08:57,167 | INFO | Fetched 2485 NSE stocks
2026-08-11 13:09:05,867 | ERROR | Error getting candle data for MUTHOOTCAP-EQ: Couldn't parse the JSON response received from the server: b'Access denied because of exceeding access rate'
2026-08-11 13:09:21,390 | ERROR | Error getting candle data for DBOL-EQ: Couldn't parse the JSON response received from the server: b'Access denied because of exceeding access rate'
2026-08-11 13:09:26,322 | ERROR | Error getting candle data for UNIENTER-EQ: Couldn't parse the JSON response received from the server: b'Access denied because of exceeding access rate'
2026-08-11 13:09:29,576 | ERROR | Error getting candle data for MAHABANK-EQ: Couldn't parse the JSON response received from the server: b'Access denied because of exceeding access rate'
2026-08-11 13:09:46,089 | ERROR | Error getting candle data for HPIL-EQ: Couldn't parse the JSON response received from the server: b'Access denied because of exceeding access rate'
2026-08-11 13:09:50,740 | ERROR | Error getting candle data for SUKHJITS-EQ: Couldn't parse the JSON response received from the server: b'Access denied because of exceeding access rate'
2026-08-11 13:09:53,536 | ERROR | Error getting candle data for SSWL-EQ: Couldn't parse the JSON response received from the server: b'Access denied because of exceeding access rate'
2026-08-11 13:10:20,020 | ERROR | Error getting candle data for SIRCA-EQ: Couldn't parse the JSON response received from the server: b'Access denied because of exceeding access rate'
2026-08-11 13:10:33,853 | ERROR | Error getting candle data for PPLPHARMA-EQ: Couldn't parse the JSON response received from the server: b'Access denied because of exceeding access rate'
2026-08-11 13:27:17,410 | INFO | Login successful
2026-08-11 13:27:19,068 | INFO | ML model trained successfully
2026-08-11 13:27:29,888 | INFO | Fetched 2485 NSE stocks
2026-08-11 13:27:38,849 | ERROR | Error getting candle data for NAVKARCORP-EQ: Couldn't parse the JSON response received from the server: b'Access denied because of exceeding access rate'
2026-08-11 13:27:40,871 | ERROR | Error getting candle data for MOM30IETF-EQ: Couldn't parse the JSON response received from the server: b'Access denied because of exceeding access rate'
2026-08-11 13:27:42,849 | ERROR | Error getting candle data for UNIONBANK-EQ: Couldn't parse the JSON response received from the server: b'Access denied because of exceeding access rate'
2026-08-11 13:27:44,900 | ERROR | Error getting candle data for MOQUALITY-EQ: Couldn't parse the JSON response received from the server: b'Access denied because of exceeding access rate'
2026-08-11 13:27:46,865 | ERROR | Error getting candle data for DBOL-EQ: Couldn't parse the JSON response received from the server: b'Access denied because of exceeding access rate'
2026-08-11 13:27:50,191 | ERROR | Error getting candle data for UNIENTER-EQ: Couldn't parse the JSON response received from the server: b'Access denied because of exceeding access rate'
2026-08-11 13:27:53,168 | ERROR | Error getting candle data for MAHABANK-EQ: Couldn't parse the JSON response received from the server: b'Access denied because of exceeding access rate'
2026-08-11 13:27:58,814 | ERROR | Error getting candle data for TEXINFRA-EQ: Couldn't parse the JSON response received from the server: b'Access denied because of exceeding access rate'
2026-08-11 13:28:15,136 | ERROR | Error getting candle data for MBAPL-EQ: Couldn't parse the JSON response received from the server: b'Access denied because of exceeding access rate'
2026-08-11 13:28:22,348 | ERROR | Error getting candle data for LOYALTEX-EQ: Couldn't parse the JSON response received from the server: b'Access denied because of exceeding access rate'
2026-08-11 13:28:24,408 | ERROR | Error getting candle data for GUJENERGY-EQ: Couldn't parse the JSON response received from the server: b'Access denied because of exceeding access rate'
2026-08-11 13:28:30,606 | ERROR | Error getting candle data for TVSELECT-EQ: Couldn't parse the JSON response received from the server: b'Access denied because of exceeding access rate'
2026-08-11 13:28:37,870 | ERROR | Error getting candle data for PPLPHARMA-EQ: Couldn't parse the JSON response received from the server: b'Access denied because of exceeding access rate'
2026-08-11 13:28:55,589 | INFO | Fetched 2485 NSE stocks
2026-08-11 13:28:58,958 | ERROR | Error getting candle data for SHAREINDIA-EQ: Couldn't parse the JSON response received from the server: b'Access denied because of exceeding access rate'
2026-08-11 13:29:01,627 | ERROR | Error getting candle data for MUTHOOTCAP-EQ: Couldn't parse the JSON response received from the server: b'Access denied because of exceeding access rate'
2026-08-11 13:29:15,440 | ERROR | Error getting candle data for UNIENTER-EQ: Couldn't parse the JSON response received from the server: b'Access denied because of exceeding access rate'
2026-08-11 13:29:20,322 | ERROR | Error getting candle data for GICHSGFIN-EQ: Couldn't parse the JSON response received from the server: b'Access denied because of exceeding access rate'
2026-08-11 13:29:30,962 | ERROR | Error getting candle data for HPIL-EQ: Couldn't parse the JSON response received from the server: b'Access denied because of exceeding access rate'
2026-08-11 13:29:35,842 | ERROR | Error getting candle data for SSWL-EQ: Couldn't parse the JSON response received from the server: b'Access denied because of exceeding access rate'
2026-08-11 13:29:43,071 | ERROR | Error getting candle data for DJML-EQ: Couldn't parse the JSON response received from the server: b'Access denied because of exceeding access rate'
2026-08-11 13:29:51,176 | ERROR | Error getting candle data for GUJENERGY-EQ: Couldn't parse the JSON response received from the server: b'Access denied because of exceeding access rate'
2026-08-11 13:29:58,075 | ERROR | Error getting candle data for TVSELECT-EQ: Couldn't parse the JSON response received from the server: b'Access denied because of exceeding access rate'
2026-08-11 13:30:00,519 | ERROR | Error getting candle data for TIPSFILMS-EQ: Couldn't parse the JSON response received from the server: b'Access denied because of exceeding access rate'
2026-08-11 13:30:27,609 | INFO | Fetched 2485 NSE stocks
2026-08-11 13:30:31,364 | ERROR | Error getting candle data for SHAREINDIA-EQ: Couldn't parse the JSON response received from the server: b'Access denied because of exceeding access rate'
2026-08-11 13:30:34,309 | ERROR | Error getting candle data for MUTHOOTCAP-EQ: Couldn't parse the JSON response received from the server: b'Access denied because of exceeding access rate'
2026-08-11 13:30:38,795 | ERROR | Error getting candle data for MOM30IETF-EQ: Couldn't parse the JSON response received from the server: b'Access denied because of exceeding access rate'
2026-08-11 13:30:41,029 | ERROR | Error getting candle data for UNIONBANK-EQ: Couldn't parse the JSON response received from the server: b'Access denied because of exceeding access rate'
2026-08-11 13:30:49,209 | ERROR | Error getting candle data for UNIENTER-EQ: Couldn't parse the JSON response received from the server: b'Access denied because of exceeding access rate'
2026-08-11 13:30:52,073 | ERROR | Error getting candle data for MAHABANK-EQ: Couldn't parse the JSON response received from the server: b'Access denied because of exceeding access rate'
2026-08-11 13:30:54,307 | ERROR | Error getting candle data for GICHSGFIN-EQ: Couldn't parse the JSON response received from the server: b'Access denied because of exceeding access rate'
2026-08-11 13:30:57,969 | ERROR | Error getting candle data for TEXINFRA-EQ: Couldn't parse the JSON response received from the server: b'Access denied because of exceeding access rate'
2026-08-11 13:31:05,285 | ERROR | Error getting candle data for HPIL-EQ: Couldn't parse the JSON response received from the server: b'Access denied because of exceeding access rate'
2026-08-11 13:31:08,211 | ERROR | Error getting candle data for SUKHJITS-EQ: Couldn't parse the JSON response received from the server: b'Access denied because of exceeding access rate'
2026-08-11 13:31:17,840 | ERROR | Error getting candle data for DJML-EQ: Couldn't parse the JSON response received from the server: b'Access denied because of exceeding access rate'
2026-08-11 13:31:21,470 | ERROR | Error getting candle data for MOHEALTH-EQ: Couldn't parse the JSON response received from the server: b'Access denied because of exceeding access rate'
2026-08-11 13:31:23,647 | ERROR | Error getting candle data for LOYALTEX-EQ: Couldn't parse the JSON response received from the server: b'Access denied because of exceeding access rate'
2026-08-11 13:31:25,828 | ERROR | Error getting candle data for GUJENERGY-EQ: Couldn't parse the JSON response received from the server: b'Access denied because of exceeding access rate'
2026-08-11 13:31:29,449 | ERROR | Error getting candle data for SIRCA-EQ: Couldn't parse the JSON response received from the server: b'Access denied because of exceeding access rate'
2026-08-11 13:31:32,349 | ERROR | Error getting candle data for TVSELECT-EQ: Couldn't parse the JSON response received from the server: b'Access denied because of exceeding access rate'
2026-08-11 13:31:39,885 | ERROR | Error getting candle data for PPLPHARMA-EQ: Couldn't parse the JSON response received from the server: b'Access denied because of exceeding access rate'
2026-08-11 13:31:59,849 | INFO | Fetched 2485 NSE stocks
2026-08-11 13:32:11,063 | ERROR | Error getting candle data for MOM30IETF-EQ: Couldn't parse the JSON response received from the server: b'Access denied because of exceeding access rate'
2026-08-11 13:32:18,483 | ERROR | Error getting candle data for DBOL-EQ: Couldn't parse the JSON response received from the server: b'Access denied because of exceeding access rate'
2026-08-11 13:32:22,194 | ERROR | Error getting candle data for UNIENTER-EQ: Couldn't parse the JSON response received from the server: b'Access denied because of exceeding access rate'
2026-08-11 13:32:27,438 | ERROR | Error getting candle data for GICHSGFIN-EQ: Couldn't parse the JSON response received from the server: b'Access denied because of exceeding access rate'
2026-08-11 13:32:31,126 | ERROR | Error getting candle data for TEXINFRA-EQ: Couldn't parse the JSON response received from the server: b'Access denied because of exceeding access rate'
2026-08-11 13:32:41,598 | ERROR | Error getting candle data for SUKHJITS-EQ: Couldn't parse the JSON response received from the server: b'Access denied because of exceeding access rate'
2026-08-11 13:32:43,828 | ERROR | Error getting candle data for SSWL-EQ: Couldn't parse the JSON response received from the server: b'Access denied because of exceeding access rate'
2026-08-11 13:32:59,668 | ERROR | Error getting candle data for GUJENERGY-EQ: Couldn't parse the JSON response received from the server: b'Access denied because of exceeding access rate'
2026-08-11 13:33:03,526 | ERROR | Error getting candle data for SIRCA-EQ: Couldn't parse the JSON response received from the server: b'Access denied because of exceeding access rate'
2026-08-11 13:33:06,472 | ERROR | Error getting candle data for TVSELECT-EQ: Couldn't parse the JSON response received from the server: b'Access denied because of exceeding access rate'
2026-08-11 13:33:08,776 | ERROR | Error getting candle data for TIPSFILMS-EQ: Couldn't parse the JSON response received from the server: b'Access denied because of exceeding access rate'
2026-08-11 13:33:14,046 | ERROR | Error getting candle data for PPLPHARMA-EQ: Couldn't parse the JSON response received from the server: b'Access denied because of exceeding access rate'
2026-08-11 13:33:31,670 | INFO | Fetched 2485 NSE stocks
2026-08-11 13:33:44,727 | ERROR | Error getting candle data for MUTHOOTCAP-EQ: Couldn't parse the JSON response received from the server: b'Access denied because of exceeding access rate'
2026-08-11 13:33:47,035 | ERROR | Error getting candle data for NAVKARCORP-EQ: Couldn't parse the JSON response received from the server: b'Access denied because of exceeding access rate'
2026-08-11 13:33:53,921 | ERROR | Error getting candle data for MOQUALITY-EQ: Couldn't parse the JSON response received from the server: b'Access denied because of exceeding access rate'
2026-08-11 13:34:03,212 | ERROR | Error getting candle data for MAHABANK-EQ: Couldn't parse the JSON response received from the server: b'Access denied because of exceeding access rate'
2026-08-11 13:34:09,199 | ERROR | Error getting candle data for TEXINFRA-EQ: Couldn't parse the JSON response received from the server: b'Access denied because of exceeding access rate'
2026-08-11 13:34:22,177 | ERROR | Error getting candle data for SSWL-EQ: Couldn't parse the JSON response received from the server: b'Access denied because of exceeding access rate'
2026-08-11 13:34:39,843 | ERROR | Error getting candle data for GUJENERGY-EQ: Couldn't parse the JSON response received from the server: b'Access denied because of exceeding access rate'
2026-08-11 13:34:43,697 | ERROR | Error getting candle data for SIRCA-EQ: Couldn't parse the JSON response received from the server: b'Access denied because of exceeding access rate'
2026-08-11 13:34:46,631 | ERROR | Error getting candle data for TVSELECT-EQ: Couldn't parse the JSON response received from the server: b'Access denied because of exceeding access rate'
2026-08-11 13:34:48,964 | ERROR | Error getting candle data for TIPSFILMS-EQ: Couldn't parse the JSON response received from the server: b'Access denied because of exceeding access rate'
2026-08-11 13:34:54,235 | ERROR | Error getting candle data for PPLPHARMA-EQ: Couldn't parse the JSON response received from the server: b'Access denied because of exceeding access rate'
2026-08-11 13:35:17,282 | INFO | Fetched 2485 NSE stocks
2026-08-11 13:35:20,704 | ERROR | Error getting candle data for SHAREINDIA-EQ: Couldn't parse the JSON response received from the server: b'Access denied because of exceeding access rate'
2026-08-11 13:35:23,676 | ERROR | Error getting candle data for MUTHOOTCAP-EQ: Couldn't parse the JSON response received from the server: b'Access denied because of exceeding access rate'
2026-08-11 13:35:25,881 | ERROR | Error getting candle data for NAVKARCORP-EQ: Couldn't parse the JSON response received from the server: b'Access denied because of exceeding access rate'
2026-08-11 13:35:28,073 | ERROR | Error getting candle data for MOM30IETF-EQ: Couldn't parse the JSON response received from the server: b'Access denied because of exceeding access rate'
2026-08-11 13:35:31,909 | ERROR | Error getting candle data for UNIONBANK-EQ: Couldn't parse the JSON response received from the server: b'Access denied because of exceeding access rate'
2026-08-11 13:35:43,702 | ERROR | Error getting candle data for DBOL-EQ: Couldn't parse the JSON response received from the server: b'Access denied because of exceeding access rate'
2026-08-11 13:35:47,071 | ERROR | Error getting candle data for UNIENTER-EQ: Couldn't parse the JSON response received from the server: b'Access denied because of exceeding access rate'
2026-08-11 13:35:49,835 | ERROR | Error getting candle data for MAHABANK-EQ: Couldn't parse the JSON response received from the server: b'Access denied because of exceeding access rate'
2026-08-11 13:35:52,732 | ERROR | Error getting candle data for GICHSGFIN-EQ: Couldn't parse the JSON response received from the server: b'Access denied because of exceeding access rate'
2026-08-11 13:36:03,348 | ERROR | Error getting candle data for HPIL-EQ: Couldn't parse the JSON response received from the server: b'Access denied because of exceeding access rate'
2026-08-11 13:36:12,396 | ERROR | Error getting candle data for SUKHJITS-EQ: Couldn't parse the JSON response received from the server: b'Access denied because of exceeding access rate'
2026-08-11 13:36:26,584 | ERROR | Error getting candle data for MOHEALTH-EQ: Couldn't parse the JSON response received from the server: b'Access denied because of exceeding access rate'
2026-08-11 13:36:34,342 | ERROR | Error getting candle data for SIRCA-EQ: Couldn't parse the JSON response received from the server: b'Access denied because of exceeding access rate'
2026-08-11 13:36:39,344 | ERROR | Error getting candle data for TIPSFILMS-EQ: Couldn't parse the JSON response received from the server: b'Access denied because of exceeding access rate'
2026-08-11 13:37:14,050 | INFO | Fetched 2485 NSE stocks
2026-08-11 13:37:22,764 | ERROR | Error getting candle data for NAVKARCORP-EQ: Couldn't parse the JSON response received from the server: b'Access denied because of exceeding access rate'
2026-08-11 13:37:27,039 | ERROR | Error getting candle data for UNIONBANK-EQ: Couldn't parse the JSON response received from the server: b'Access denied because of exceeding access rate'
2026-08-11 13:37:31,289 | ERROR | Error getting candle data for DBOL-EQ: Couldn't parse the JSON response received from the server: b'Access denied because of exceeding access rate'
2026-08-11 13:37:46,110 | ERROR | Error getting candle data for GICHSGFIN-EQ: Couldn't parse the JSON response received from the server: b'Access denied because of exceeding access rate'
2026-08-11 13:38:00,941 | ERROR | Error getting candle data for SUKHJITS-EQ: Couldn't parse the JSON response received from the server: b'Access denied because of exceeding access rate'
2026-08-11 13:38:23,201 | ERROR | Error getting candle data for SIRCA-EQ: Couldn't parse the JSON response received from the server: b'Access denied because of exceeding access rate'
2026-08-11 13:38:28,373 | ERROR | Error getting candle data for TIPSFILMS-EQ: Couldn't parse the JSON response received from the server: b'Access denied because of exceeding access rate'
2026-08-11 13:39:12,934 | INFO | Fetched 2485 NSE stocks
2026-08-11 13:39:21,395 | ERROR | Error getting candle data for NAVKARCORP-EQ: Couldn't parse the JSON response received from the server: b'Access denied because of exceeding access rate'
2026-08-11 13:39:24,004 | ERROR | Error getting candle data for MOM30IETF-EQ: Couldn't parse the JSON response received from the server: b'Access denied because of exceeding access rate'
2026-08-11 13:39:26,229 | ERROR | Error getting candle data for UNIONBANK-EQ: Couldn't parse the JSON response received from the server: b'Access denied because of exceeding access rate'
2026-08-12 10:43:53,119 | INFO | Login successful
2026-08-12 10:44:04,326 | INFO | Fetched 2486 NSE stocks
2026-08-12 10:44:19,994 | ERROR | Error getting candle data for KRBL-EQ: Couldn't parse the JSON response received from the server: b'Access denied because of exceeding access rate'
2026-08-12 10:44:24,103 | ERROR | Error getting candle data for SPORTKING-EQ: Couldn't parse the JSON response received from the server: b'Access denied because of exceeding access rate'
2026-08-12 10:44:29,624 | ERROR | Error getting candle data for INDORAMA-EQ: Couldn't parse the JSON response received from the server: b'Access denied because of exceeding access rate'
2026-08-12 10:44:50,888 | ERROR | Error getting candle data for ESG-EQ: Couldn't parse the JSON response received from the server: b'Access denied because of exceeding access rate'
2026-08-12 10:44:59,887 | ERROR | Error getting candle data for SWSOLAR-EQ: Couldn't parse the JSON response received from the server: b'Access denied because of exceeding access rate'
2026-08-12 10:45:24,261 | ERROR | Error getting candle data for ENIL-EQ: Couldn't parse the JSON response received from the server: b'Access denied because of exceeding access rate'
2026-08-12 10:45:27,988 | ERROR | Error getting candle data for COMMOIETF-EQ: Couldn't parse the JSON response received from the server: b'Access denied because of exceeding access rate'
2026-08-12 10:45:32,931 | ERROR | Error getting candle data for KEC-EQ: Couldn't parse the JSON response received from the server: b'Access denied because of exceeding access rate'
2026-08-12 10:45:37,972 | ERROR | Error getting candle data for MALUPAPER-EQ: Couldn't parse the JSON response received from the server: b'Access denied because of exceeding access rate'
2026-08-12 10:45:42,912 | ERROR | Error getting candle data for EMAMILTD-EQ: Couldn't parse the JSON response received from the server: b'Access denied because of exceeding access rate'
2026-08-12 10:45:47,682 | ERROR | Error getting candle data for BANKADD-EQ: Couldn't parse the JSON response received from the server: b'Access denied because of exceeding access rate'
2026-08-12 10:45:56,663 | ERROR | Error getting candle data for GREENPANEL-EQ: Couldn't parse the JSON response received from the server: b'Access denied because of exceeding access rate'
2026-08-12 10:46:01,883 | ERROR | Error getting candle data for KUANTUM-EQ: Couldn't parse the JSON response received from the server: b'Access denied because of exceeding access rate'
2026-08-12 10:46:10,148 | ERROR | Error getting candle data for IGPL-EQ: Couldn't parse the JSON response received from the server: b'Access denied because of exceeding access rate'
2026-08-12 10:46:38,624 | INFO | Fetched 2486 NSE stocks
2026-08-12 10:46:42,957 | ERROR | Error getting candle data for FINPIPE-EQ: Couldn't parse the JSON response received from the server: b'Access denied because of exceeding access rate'
2026-08-12 10:46:47,095 | ERROR | Error getting candle data for NIFTYBETA-EQ: Couldn't parse the JSON response received from the server: b'Access denied because of exceeding access rate'
2026-08-12 10:46:51,570 | ERROR | Error getting candle data for KRBL-EQ: Couldn't parse the JSON response received from the server: b'Access denied because of exceeding access rate'
2026-08-12 10:46:56,428 | ERROR | Error getting candle data for SPORTKING-EQ: Couldn't parse the JSON response received from the server: b'Access denied because of exceeding access rate'
2026-08-12 10:47:24,877 | ERROR | Error getting candle data for GREAVESCOT-EQ: Couldn't parse the JSON response received from the server: b'Access denied because of exceeding access rate'
2026-08-12 10:47:37,115 | ERROR | Error getting candle data for NPBET-EQ: Couldn't parse the JSON response received from the server: b'Access denied because of exceeding access rate'
2026-08-12 10:47:40,644 | ERROR | Error getting candle data for EKC-EQ: Couldn't parse the JSON response received from the server: b'Access denied because of exceeding access rate'
2026-08-12 10:47:55,592 | ERROR | Error getting candle data for GSEC10IETF-EQ: Couldn't parse the JSON response received from the server: b'Access denied because of exceeding access rate'
2026-08-12 10:48:02,511 | ERROR | Error getting candle data for ENIL-EQ: Couldn't parse the JSON response received from the server: b'Access denied because of exceeding access rate'
2026-08-12 10:48:06,913 | ERROR | Error getting candle data for COMMOIETF-EQ: Couldn't parse the JSON response received from the server: b'Access denied because of exceeding access rate'
2026-08-12 10:48:18,344 | ERROR | Error getting candle data for MALUPAPER-EQ: Couldn't parse the JSON response received from the server: b'Access denied because of exceeding access rate'
2026-08-12 10:48:24,221 | ERROR | Error getting candle data for EMAMILTD-EQ: Couldn't parse the JSON response received from the server: b'Access denied because of exceeding access rate'
2026-08-12 10:48:35,011 | ERROR | Error getting candle data for AERONEU-EQ: Couldn't parse the JSON response received from the server: b'Access denied because of exceeding access rate'
2026-08-12 10:48:51,600 | ERROR | Error getting candle data for CREST-EQ: Couldn't parse the JSON response received from the server: b'Access denied because of exceeding access rate'
2026-08-12 10:48:58,123 | ERROR | Error getting candle data for IGPL-EQ: Couldn't parse the JSON response received from the server: b'Access denied because of exceeding access rate'
2026-08-12 10:49:25,453 | INFO | Fetched 2486 NSE stocks
2026-08-12 10:49:31,023 | ERROR | Error getting candle data for FINPIPE-EQ: Couldn't parse the JSON response received from the server: b'Access denied because of exceeding access rate'
2026-08-12 10:49:35,335 | ERROR | Error getting candle data for NIFTYBETA-EQ: Couldn't parse the JSON response received from the server: b'Access denied because of exceeding access rate'
2026-08-12 10:49:48,780 | ERROR | Error getting candle data for SPORTKING-EQ: Couldn't parse the JSON response received from the server: b'Access denied because of exceeding access rate'
2026-08-12 10:49:55,078 | ERROR | Error getting candle data for INDORAMA-EQ: Couldn't parse the JSON response received from the server: b'Access denied because of exceeding access rate'
2026-08-12 10:50:00,389 | ERROR | Error getting candle data for PETRONET-EQ: Couldn't parse the JSON response received from the server: b'Access denied because of exceeding access rate'
2026-08-12 10:50:20,902 | ERROR | Error getting candle data for ESG-EQ: Couldn't parse the JSON response received from the server: b'Access denied because of exceeding access rate'
2026-08-12 10:50:31,913 | ERROR | Error getting candle data for SWSOLAR-EQ: Couldn't parse the JSON response received from the server: b'Access denied because of exceeding access rate'
2026-08-12 10:50:40,923 | ERROR | Error getting candle data for NPBET-EQ: Couldn't parse the JSON response received from the server: b'Access denied because of exceeding access rate'
2026-08-12 10:51:01,919 | ERROR | Error getting candle data for COMMOIETF-EQ: Couldn't parse the JSON response received from the server: b'Access denied because of exceeding access rate'
2026-08-12 10:51:13,089 | ERROR | Error getting candle data for MALUPAPER-EQ: Couldn't parse the JSON response received from the server: b'Access denied because of exceeding access rate'
2026-08-12 10:51:19,323 | ERROR | Error getting candle data for EMAMILTD-EQ: Couldn't parse the JSON response received from the server: b'Access denied because of exceeding access rate'
2026-08-12 10:51:29,976 | ERROR | Error getting candle data for AERONEU-EQ: Couldn't parse the JSON response received from the server: b'Access denied because of exceeding access rate'
2026-08-12 10:51:35,580 | ERROR | Error getting candle data for GREENPANEL-EQ: Couldn't parse the JSON response received from the server: b'Access denied because of exceeding access rate'
2026-08-12 10:52:16,011 | INFO | Fetched 2486 NSE stocks
2026-08-12 10:52:44,314 | ERROR | Error getting candle data for INDORAMA-EQ: Couldn't parse the JSON response received from the server: b'Access denied because of exceeding access rate'
2026-08-12 10:52:48,923 | ERROR | Error getting candle data for PETRONET-EQ: Couldn't parse the JSON response received from the server: b'Access denied because of exceeding access rate'
2026-08-12 10:53:01,994 | ERROR | Error getting candle data for MCLEODRUSS-EQ: Couldn't parse the JSON response received from the server: b'Access denied because of exceeding access rate'
2026-08-12 10:53:19,196 | ERROR | Error getting candle data for SWSOLAR-EQ: Couldn't parse the JSON response received from the server: b'Access denied because of exceeding access rate'
2026-08-12 10:53:23,682 | ERROR | Error getting candle data for AMBUJACEM-EQ: Couldn't parse the JSON response received from the server: b'Access denied because of exceeding access rate'
2026-08-12 10:53:37,162 | ERROR | Error getting candle data for GSEC10IETF-EQ: Couldn't parse the JSON response received from the server: b'Access denied because of exceeding access rate'
2026-08-12 10:53:48,872 | ERROR | Error getting candle data for COMMOIETF-EQ: Couldn't parse the JSON response received from the server: b'Access denied because of exceeding access rate'
2026-08-12 10:54:19,688 | ERROR | Error getting candle data for GREENPANEL-EQ: Couldn't parse the JSON response received from the server: b'Access denied because of exceeding access rate'
2026-08-12 10:54:27,874 | ERROR | Error getting candle data for CREST-EQ: Couldn't parse the JSON response received from the server: b'Access denied because of exceeding access rate'
2026-08-12 10:54:59,031 | INFO | Fetched 2486 NSE stocks
2026-08-12 10:55:05,873 | ERROR | Error getting candle data for FINPIPE-EQ: Couldn't parse the JSON response received from the server: b'Access denied because of exceeding access rate'
2026-08-12 10:55:23,210 | ERROR | Error getting candle data for SPORTKING-EQ: Couldn't parse the JSON response received from the server: b'Access denied because of exceeding access rate'
2026-08-12 10:55:52,639 | ERROR | Error getting candle data for ESG-EQ: Couldn't parse the JSON response received from the server: b'Access denied because of exceeding access rate'
2026-08-12 10:56:02,153 | ERROR | Error getting candle data for SWSOLAR-EQ: Couldn't parse the JSON response received from the server: b'Access denied because of exceeding access rate'
2026-08-12 10:56:06,362 | ERROR | Error getting candle data for AMBUJACEM-EQ: Couldn't parse the JSON response received from the server: b'Access denied because of exceeding access rate'
2026-08-12 10:56:10,578 | ERROR | Error getting candle data for NPBET-EQ: Couldn't parse the JSON response received from the server: b'Access denied because of exceeding access rate'
2026-08-12 10:56:26,011 | ERROR | Error getting candle data for ENIL-EQ: Couldn't parse the JSON response received from the server: b'Access denied because of exceeding access rate'
2026-08-12 10:56:30,178 | ERROR | Error getting candle data for COMMOIETF-EQ: Couldn't parse the JSON response received from the server: b'Access denied because of exceeding access rate'
2026-08-12 10:56:40,814 | ERROR | Error getting candle data for MALUPAPER-EQ: Couldn't parse the JSON response received from the server: b'Access denied because of exceeding access rate'
2026-08-12 10:56:46,305 | ERROR | Error getting candle data for EMAMILTD-EQ: Couldn't parse the JSON response received from the server: b'Access denied because of exceeding access rate'
2026-08-12 10:56:51,925 | ERROR | Error getting candle data for BANKADD-EQ: Couldn't parse the JSON response received from the server: b'Access denied because of exceeding access rate'
2026-08-12 10:57:00,974 | ERROR | Error getting candle data for GREENPANEL-EQ: Couldn't parse the JSON response received from the server: b'Access denied because of exceeding access rate'
2026-08-12 10:57:08,748 | ERROR | Error getting candle data for CREST-EQ: Couldn't parse the JSON response received from the server: b'Access denied because of exceeding access rate'
2026-08-12 10:57:50,788 | INFO | Fetched 2486 NSE stocks
2026-08-12 10:57:56,504 | ERROR | Error getting candle data for FINPIPE-EQ: Couldn't parse the JSON response received from the server: b'Access denied because of exceeding access rate'
2026-08-12 10:58:33,213 | ERROR | Error getting candle data for MCLEODRUSS-EQ: Couldn't parse the JSON response received from the server: b'Access denied because of exceeding access rate'
2026-08-12 10:58:43,383 | ERROR | Error getting candle data for GREAVESCOT-EQ: Couldn't parse the JSON response received from the server: b'Access denied because of exceeding access rate'
2026-08-12 10:58:47,426 | ERROR | Error getting candle data for SWSOLAR-EQ: Couldn't parse the JSON response received from the server: b'Access denied because of exceeding access rate'
2026-08-12 10:58:55,527 | ERROR | Error getting candle data for NPBET-EQ: Couldn't parse the JSON response received from the server: b'Access denied because of exceeding access rate'
2026-08-12 10:58:59,623 | ERROR | Error getting candle data for EKC-EQ: Couldn't parse the JSON response received from the server: b'Access denied because of exceeding access rate'
2026-08-12 10:59:30,928 | ERROR | Error getting candle data for EMAMILTD-EQ: Couldn't parse the JSON response received from the server: b'Access denied because of exceeding access rate'
2026-08-12 10:59:39,869 | ERROR | Error getting candle data for AERONEU-EQ: Couldn't parse the JSON response received from the server: b'Access denied because of exceeding access rate'
2026-08-12 10:59:45,226 | ERROR | Error getting candle data for GREENPANEL-EQ: Couldn't parse the JSON response received from the server: b'Access denied because of exceeding access rate'
2026-08-12 10:59:58,737 | ERROR | Error getting candle data for IGPL-EQ: Couldn't parse the JSON response received from the server: b'Access denied because of exceeding access rate'
2026-08-12 11:00:30,824 | INFO | Fetched 2486 NSE stocks
2026-08-12 11:00:55,770 | ERROR | Error getting candle data for INDORAMA-EQ: Couldn't parse the JSON response received from the server: b'Access denied because of exceeding access rate'
2026-08-12 11:01:11,487 | ERROR | Error getting candle data for MCLEODRUSS-EQ: Couldn't parse the JSON response received from the server: b'Access denied because of exceeding access rate'
2026-08-12 11:01:22,127 | ERROR | Error getting candle data for GREAVESCOT-EQ: Couldn't parse the JSON response received from the server: b'Access denied because of exceeding access rate'
2026-08-12 11:01:29,981 | ERROR | Error getting candle data for AMBUJACEM-EQ: Couldn't parse the JSON response received from the server: b'Access denied because of exceeding access rate'
2026-08-12 11:01:34,062 | ERROR | Error getting candle data for NPBET-EQ: Couldn't parse the JSON response received from the server: b'Access denied because of exceeding access rate'
2026-08-12 11:01:37,966 | ERROR | Error getting candle data for EKC-EQ: Couldn't parse the JSON response received from the server: b'Access denied because of exceeding access rate'
2026-08-12 11:01:51,950 | ERROR | Error getting candle data for COMMOIETF-EQ: Couldn't parse the JSON response received from the server: b'Access denied because of exceeding access rate'
2026-08-12 11:01:57,088 | ERROR | Error getting candle data for KEC-EQ: Couldn't parse the JSON response received from the server: b'Access denied because of exceeding access rate'
2026-08-12 11:02:02,339 | ERROR | Error getting candle data for MALUPAPER-EQ: Couldn't parse the JSON response received from the server: b'Access denied because of exceeding access rate'
2026-08-12 11:02:22,925 | ERROR | Error getting candle data for GREENPANEL-EQ: Couldn't parse the JSON response received from the server: b'Access denied because of exceeding access rate'
2026-08-12 11:02:26,845 | ERROR | Error getting candle data for KUANTUM-EQ: Couldn't parse the JSON response received from the server: b'Access denied because of exceeding access rate'
2026-08-12 11:02:30,794 | ERROR | Error getting candle data for CREST-EQ: Couldn't parse the JSON response received from the server: b'Access denied because of exceeding access rate'
2026-08-12 11:02:58,452 | INFO | Fetched 2486 NSE stocks
2026-08-12 11:03:12,778 | ERROR | Error getting candle data for KRBL-EQ: Couldn't parse the JSON response received from the server: b'Access denied because of exceeding access rate'
2026-08-12 11:03:23,934 | ERROR | Error getting candle data for INDORAMA-EQ: Couldn't parse the JSON response received from the server: b'Access denied because of exceeding access rate'
2026-08-12 11:03:40,008 | ERROR | Error getting candle data for MCLEODRUSS-EQ: Couldn't parse the JSON response received from the server: b'Access denied because of exceeding access rate'
2026-08-12 11:03:45,553 | ERROR | Error getting candle data for ESG-EQ: Couldn't parse the JSON response received from the server: b'Access denied because of exceeding access rate'
2026-08-12 11:03:54,860 | ERROR | Error getting candle data for SWSOLAR-EQ: Couldn't parse the JSON response received from the server: b'Access denied because of exceeding access rate'
2026-08-12 11:03:58,909 | ERROR | Error getting candle data for AMBUJACEM-EQ: Couldn't parse the JSON response received from the server: b'Access denied because of exceeding access rate'
2026-08-12 11:04:03,230 | ERROR | Error getting candle data for NPBET-EQ: Couldn't parse the JSON response received from the server: b'Access denied because of exceeding access rate'
2026-08-12 11:04:21,722 | ERROR | Error getting candle data for COMMOIETF-EQ: Couldn't parse the JSON response received from the server: b'Access denied because of exceeding access rate'
2026-08-12 11:04:27,700 | ERROR | Error getting candle data for KEC-EQ: Couldn't parse the JSON response received from the server: b'Access denied because of exceeding access rate'
2026-08-12 11:04:34,155 | ERROR | Error getting candle data for MALUPAPER-EQ: Couldn't parse the JSON response received from the server: b'Access denied because of exceeding access rate'
2026-08-12 11:04:39,533 | ERROR | Error getting candle data for EMAMILTD-EQ: Couldn't parse the JSON response received from the server: b'Access denied because of exceeding access rate'
2026-08-12 11:04:58,068 | ERROR | Error getting candle data for KUANTUM-EQ: Couldn't parse the JSON response received from the server: b'Access denied because of exceeding access rate'
2026-08-12 11:05:02,166 | ERROR | Error getting candle data for CREST-EQ: Couldn't parse the JSON response received from the server: b'Access denied because of exceeding access rate'
2026-08-12 11:05:28,153 | INFO | Fetched 2486 NSE stocks
2026-08-12 11:05:33,774 | ERROR | Error getting candle data for FINPIPE-EQ: Couldn't parse the JSON response received from the server: b'Access denied because of exceeding access rate'
2026-08-12 11:05:38,172 | ERROR | Error getting candle data for NIFTYBETA-EQ: Couldn't parse the JSON response received from the server: b'Access denied because of exceeding access rate'
2026-08-12 11:05:43,374 | ERROR | Error getting candle data for KRBL-EQ: Couldn't parse the JSON response received from the server: b'Access denied because of exceeding access rate'
2026-08-12 11:06:25,507 | ERROR | Error getting candle data for SWSOLAR-EQ: Couldn't parse the JSON response received from the server: b'Access denied because of exceeding access rate'
2026-08-12 11:06:33,420 | ERROR | Error getting candle data for NPBET-EQ: Couldn't parse the JSON response received from the server: b'Access denied because of exceeding access rate'
2026-08-12 11:06:37,396 | ERROR | Error getting candle data for EKC-EQ: Couldn't parse the JSON response received from the server: b'Access denied because of exceeding access rate'
2026-08-12 11:06:52,494 | ERROR | Error getting candle data for COMMOIETF-EQ: Couldn't parse the JSON response received from the server: b'Access denied because of exceeding access rate'
2026-08-12 11:07:24,750 | ERROR | Error getting candle data for GREENPANEL-EQ: Couldn't parse the JSON response received from the server: b'Access denied because of exceeding access rate'
2026-08-12 11:07:37,777 | ERROR | Error getting candle data for IGPL-EQ: Couldn't parse the JSON response received from the server: b'Access denied because of exceeding access rate'
2026-08-12 11:08:01,008 | INFO | Fetched 2486 NSE stocks
2026-08-12 11:08:10,225 | ERROR | Error getting candle data for NIFTYBETA-EQ: Couldn't parse the JSON response received from the server: b'Access denied because of exceeding access rate'
2026-08-12 11:08:20,698 | ERROR | Error getting candle data for SPORTKING-EQ: Couldn't parse the JSON response received from the server: b'Access denied because of exceeding access rate'
2026-08-12 11:08:25,952 | ERROR | Error getting candle data for INDORAMA-EQ: Couldn't parse the JSON response received from the server: b'Access denied because of exceeding access rate'
2026-08-12 11:08:43,024 | ERROR | Error getting candle data for MCLEODRUSS-EQ: Couldn't parse the JSON response received from the server: b'Access denied because of exceeding access rate'
2026-08-12 11:08:54,423 | ERROR | Error getting candle data for GREAVESCOT-EQ: Couldn't parse the JSON response received from the server: b'Access denied because of exceeding access rate'
2026-08-12 11:09:28,218 | ERROR | Error getting candle data for ENIL-EQ: HTTPSConnectionPool(host='apiconnect.angelone.in', port=443): Read timed out. (read timeout=7)
2026-08-12 11:09:37,515 | ERROR | Error getting candle data for KEC-EQ: Couldn't parse the JSON response received from the server: b'Access denied because of exceeding access rate'
2026-08-12 11:09:47,930 | ERROR | Error getting candle data for EMAMILTD-EQ: Couldn't parse the JSON response received from the server: b'Access denied because of exceeding access rate'
2026-08-12 11:09:53,066 | ERROR | Error getting candle data for BANKADD-EQ: Couldn't parse the JSON response received from the server: b'Access denied because of exceeding access rate'
2026-08-12 11:09:57,286 | ERROR | Error getting candle data for AERONEU-EQ: Couldn't parse the JSON response received from the server: b'Access denied because of exceeding access rate'
2026-08-12 11:10:10,618 | ERROR | Error getting candle data for KUANTUM-EQ: Couldn't parse the JSON response received from the server: b'Access denied because of exceeding access rate'
2026-08-12 11:10:14,951 | ERROR | Error getting candle data for CREST-EQ: Couldn't parse the JSON response received from the server: b'Access denied because of exceeding access rate'
2026-08-12 11:10:20,164 | ERROR | Error getting candle data for IGPL-EQ: Couldn't parse the JSON response received from the server: b'Access denied because of exceeding access rate'
2026-08-12 11:10:44,383 | INFO | Fetched 2486 NSE stocks
2026-08-12 11:10:49,692 | ERROR | Error getting candle data for FINPIPE-EQ: Couldn't parse the JSON response received from the server: b'Access denied because of exceeding access rate'
2026-08-12 11:11:00,012 | ERROR | Error getting candle data for KRBL-EQ: Couldn't parse the JSON response received from the server: b'Access denied because of exceeding access rate'
2026-08-12 11:11:32,767 | ERROR | Error getting candle data for ESG-EQ: Couldn't parse the JSON response received from the server: b'Access denied because of exceeding access rate'
2026-08-12 11:11:38,296 | ERROR | Error getting candle data for GREAVESCOT-EQ: Couldn't parse the JSON response received from the server: b'Access denied because of exceeding access rate'
2026-08-12 11:11:54,815 | ERROR | Error getting candle data for EKC-EQ: Couldn't parse the JSON response received from the server: b'Access denied because of exceeding access rate'
2026-08-12 11:11:58,860 | ERROR | Error getting candle data for GSEC10IETF-EQ: Couldn't parse the JSON response received from the server: b'Access denied because of exceeding access rate'
2026-08-12 11:12:10,143 | ERROR | Error getting candle data for COMMOIETF-EQ: Couldn't parse the JSON response received from the server: b'Access denied because of exceeding access rate'
2026-08-12 11:12:31,747 | ERROR | Error getting candle data for BANKADD-EQ: Couldn't parse the JSON response received from the server: b'Access denied because of exceeding access rate'
2026-08-12 11:12:35,644 | ERROR | Error getting candle data for AERONEU-EQ: Couldn't parse the JSON response received from the server: b'Access denied because of exceeding access rate'
2026-08-12 11:12:41,106 | ERROR | Error getting candle data for GREENPANEL-EQ: Couldn't parse the JSON response received from the server: b'Access denied because of exceeding access rate'
2026-08-12 11:12:49,179 | ERROR | Error getting candle data for CREST-EQ: Couldn't parse the JSON response received from the server: b'Access denied because of exceeding access rate'
2026-08-12 11:12:54,859 | ERROR | Error getting candle data for IGPL-EQ: Couldn't parse the JSON response received from the server: b'Access denied because of exceeding access rate'
2026-08-12 11:13:27,184 | INFO | Fetched 2486 NSE stocks
2026-08-12 11:13:32,501 | ERROR | Error getting candle data for FINPIPE-EQ: Couldn't parse the JSON response received from the server: b'Access denied because of exceeding access rate'
2026-08-12 11:14:13,982 | ERROR | Error getting candle data for ESG-EQ: Couldn't parse the JSON response received from the server: b'Access denied because of exceeding access rate'
2026-08-12 11:14:19,430 | ERROR | Error getting candle data for GREAVESCOT-EQ: Couldn't parse the JSON response received from the server: b'Access denied because of exceeding access rate'
2026-08-12 11:14:23,680 | ERROR | Error getting candle data for SWSOLAR-EQ: Couldn't parse the JSON response received from the server: b'Access denied because of exceeding access rate'
2026-08-12 11:14:27,596 | ERROR | Error getting candle data for AMBUJACEM-EQ: Couldn't parse the JSON response received from the server: b'Access denied because of exceeding access rate'
2026-08-12 11:14:39,523 | ERROR | Error getting candle data for GSEC10IETF-EQ: Couldn't parse the JSON response received from the server: b'Access denied because of exceeding access rate'
2026-08-12 11:14:51,832 | ERROR | Error getting candle data for COMMOIETF-EQ: Couldn't parse the JSON response received from the server: b'Access denied because of exceeding access rate'
2026-08-12 11:14:57,266 | ERROR | Error getting candle data for KEC-EQ: Couldn't parse the JSON response received from the server: b'Access denied because of exceeding access rate'
2026-08-12 11:15:02,561 | ERROR | Error getting candle data for MALUPAPER-EQ: Couldn't parse the JSON response received from the server: b'Access denied because of exceeding access rate'
2026-08-12 11:15:07,775 | ERROR | Error getting candle data for EMAMILTD-EQ: Couldn't parse the JSON response received from the server: b'Access denied because of exceeding access rate'
2026-08-12 11:15:13,325 | ERROR | Error getting candle data for BANKADD-EQ: Couldn't parse the JSON response received from the server: b'Access denied because of exceeding access rate'
2026-08-12 11:15:17,855 | ERROR | Error getting candle data for AERONEU-EQ: Couldn't parse the JSON response received from the server: b'Access denied because of exceeding access rate'
2026-08-12 11:15:23,488 | ERROR | Error getting candle data for GREENPANEL-EQ: Couldn't parse the JSON response received from the server: b'Access denied because of exceeding access rate'
2026-08-12 11:15:38,156 | ERROR | Error getting candle data for IGPL-EQ: Couldn't parse the JSON response received from the server: b'Access denied because of exceeding access rate'
2026-08-12 11:16:00,587 | INFO | Fetched 2486 NSE stocks
2026-08-12 11:16:05,979 | ERROR | Error getting candle data for FINPIPE-EQ: Couldn't parse the JSON response received from the server: b'Access denied because of exceeding access rate'
2026-08-12 11:16:10,067 | ERROR | Error getting candle data for NIFTYBETA-EQ: Couldn't parse the JSON response received from the server: b'Access denied because of exceeding access rate'
2026-08-12 11:16:16,104 | ERROR | Error getting candle data for KRBL-EQ: Couldn't parse the JSON response received from the server: b'Access denied because of exceeding access rate'
2026-08-12 11:16:21,712 | ERROR | Error getting candle data for SPORTKING-EQ: Couldn't parse the JSON response received from the server: b'Access denied because of exceeding access rate'
2026-08-12 11:16:27,581 | ERROR | Error getting candle data for INDORAMA-EQ: Couldn't parse the JSON response received from the server: b'Access denied because of exceeding access rate'
2026-08-12 11:16:54,616 | ERROR | Error getting candle data for GREAVESCOT-EQ: Couldn't parse the JSON response received from the server: b'Access denied because of exceeding access rate'
2026-08-12 11:16:58,517 | ERROR | Error getting candle data for SWSOLAR-EQ: Couldn't parse the JSON response received from the server: b'Access denied because of exceeding access rate'
2026-08-12 11:17:13,985 | ERROR | Error getting candle data for GSEC10IETF-EQ: Couldn't parse the JSON response received from the server: b'Access denied because of exceeding access rate'
2026-08-12 11:17:25,022 | ERROR | Error getting candle data for COMMOIETF-EQ: Couldn't parse the JSON response received from the server: b'Access denied because of exceeding access rate'
2026-08-12 11:17:35,684 | ERROR | Error getting candle data for MALUPAPER-EQ: Couldn't parse the JSON response received from the server: b'Access denied because of exceeding access rate'
2026-08-12 11:17:41,986 | ERROR | Error getting candle data for EMAMILTD-EQ: Couldn't parse the JSON response received from the server: b'Access denied because of exceeding access rate'
2026-08-12 11:17:47,343 | ERROR | Error getting candle data for BANKADD-EQ: Couldn't parse the JSON response received from the server: b'Access denied because of exceeding access rate'
2026-08-12 11:17:51,417 | ERROR | Error getting candle data for AERONEU-EQ: Couldn't parse the JSON response received from the server: b'Access denied because of exceeding access rate'
2026-08-12 11:17:57,085 | ERROR | Error getting candle data for GREENPANEL-EQ: Couldn't parse the JSON response received from the server: b'Access denied because of exceeding access rate'
2026-08-12 11:18:01,104 | ERROR | Error getting candle data for KUANTUM-EQ: Couldn't parse the JSON response received from the server: b'Access denied because of exceeding access rate'
2026-08-12 11:18:11,077 | ERROR | Error getting candle data for IGPL-EQ: Couldn't parse the JSON response received from the server: b'Access denied because of exceeding access rate'
2026-08-12 11:18:33,151 | INFO | Fetched 2486 NSE stocks
2026-08-12 11:18:38,134 | ERROR | Error getting candle data for FINPIPE-EQ: Couldn't parse the JSON response received from the server: b'Access denied because of exceeding access rate'
2026-08-12 11:18:52,781 | ERROR | Error getting candle data for KRBL-EQ: Couldn't parse the JSON response received from the server: b'Access denied because of exceeding access rate'
2026-08-12 11:19:22,677 | ERROR | Error getting candle data for PETRONET-EQ: Couldn't parse the JSON response received from the server: b'Access denied because of exceeding access rate'
2026-08-12 11:19:40,952 | ERROR | Error getting candle data for MCLEODRUSS-EQ: Couldn't parse the JSON response received from the server: b'Access denied because of exceeding access rate'
2026-08-12 11:19:46,458 | ERROR | Error getting candle data for ESG-EQ: Couldn't parse the JSON response received from the server: b'Access denied because of exceeding access rate'
2026-08-12 11:20:01,034 | ERROR | Error getting candle data for AMBUJACEM-EQ: Couldn't parse the JSON response received from the server: b'Access denied because of exceeding access rate'
2026-08-12 11:20:21,436 | ERROR | Error getting candle data for ENIL-EQ: Couldn't parse the JSON response received from the server: b'Access denied because of exceeding access rate'
2026-08-12 11:20:26,165 | ERROR | Error getting candle data for COMMOIETF-EQ: Couldn't parse the JSON response received from the server: b'Access denied because of exceeding access rate'
2026-08-12 11:20:32,465 | ERROR | Error getting candle data for KEC-EQ: Couldn't parse the JSON response received from the server: b'Access denied because of exceeding access rate'
2026-08-12 11:20:44,551 | ERROR | Error getting candle data for EMAMILTD-EQ: Couldn't parse the JSON response received from the server: b'Access denied because of exceeding access rate'
2026-08-12 11:20:50,380 | ERROR | Error getting candle data for BANKADD-EQ: Couldn't parse the JSON response received from the server: b'Access denied because of exceeding access rate'
2026-08-12 11:21:10,467 | ERROR | Error getting candle data for CREST-EQ: Couldn't parse the JSON response received from the server: b'Access denied because of exceeding access rate'
2026-08-12 11:21:16,875 | ERROR | Error getting candle data for IGPL-EQ: Couldn't parse the JSON response received from the server: b'Access denied because of exceeding access rate'
2026-08-12 11:21:39,544 | INFO | Fetched 2486 NSE stocks
2026-08-12 11:21:45,035 | ERROR | Error getting candle data for FINPIPE-EQ: Couldn't parse the JSON response received from the server: b'Access denied because of exceeding access rate'
2026-08-12 11:22:01,139 | ERROR | Error getting candle data for SPORTKING-EQ: Couldn't parse the JSON response received from the server: b'Access denied because of exceeding access rate'
2026-08-12 11:22:06,757 | ERROR | Error getting candle data for INDORAMA-EQ: Couldn't parse the JSON response received from the server: b'Access denied because of exceeding access rate'
2026-08-12 11:22:11,097 | ERROR | Error getting candle data for PETRONET-EQ: Couldn't parse the JSON response received from the server: b'Access denied because of exceeding access rate'
2026-08-12 11:22:29,266 | ERROR | Error getting candle data for ESG-EQ: Couldn't parse the JSON response received from the server: b'Access denied because of exceeding access rate'
2026-08-12 11:22:35,852 | ERROR | Error getting candle data for GREAVESCOT-EQ: Couldn't parse the JSON response received from the server: b'Access denied because of exceeding access rate'
2026-08-12 11:22:40,802 | ERROR | Error getting candle data for SWSOLAR-EQ: Couldn't parse the JSON response received from the server: b'Access denied because of exceeding access rate'
2026-08-12 11:22:49,305 | ERROR | Error getting candle data for NPBET-EQ: Couldn't parse the JSON response received from the server: b'Access denied because of exceeding access rate'
2026-08-12 11:22:58,281 | ERROR | Error getting candle data for GSEC10IETF-EQ: Couldn't parse the JSON response received from the server: b'Access denied because of exceeding access rate'
2026-08-12 11:23:22,747 | ERROR | Error getting candle data for MALUPAPER-EQ: Couldn't parse the JSON response received from the server: b'Access denied because of exceeding access rate'
2026-08-12 11:23:29,154 | ERROR | Error getting candle data for EMAMILTD-EQ: Couldn't parse the JSON response received from the server: b'Access denied because of exceeding access rate'
2026-08-12 11:23:34,746 | ERROR | Error getting candle data for BANKADD-EQ: Couldn't parse the JSON response received from the server: b'Access denied because of exceeding access rate'
2026-08-12 11:23:39,500 | ERROR | Error getting candle data for AERONEU-EQ: Couldn't parse the JSON response received from the server: b'Access denied because of exceeding access rate'
2026-08-12 11:23:44,488 | ERROR | Error getting candle data for GREENPANEL-EQ: Couldn't parse the JSON response received from the server: b'Access denied because of exceeding access rate'
2026-08-12 11:23:48,731 | ERROR | Error getting candle data for KUANTUM-EQ: Couldn't parse the JSON response received from the server: b'Access denied because of exceeding access rate'
2026-08-12 11:23:52,894 | ERROR | Error getting candle data for CREST-EQ: Couldn't parse the JSON response received from the server: b'Access denied because of exceeding access rate'
2026-08-12 11:24:28,028 | INFO | Fetched 2486 NSE stocks
2026-08-12 11:24:43,702 | ERROR | Error getting candle data for KRBL-EQ: Couldn't parse the JSON response received from the server: b'Access denied because of exceeding access rate'
2026-08-12 11:24:51,010 | ERROR | Error getting candle data for SPORTKING-EQ: Couldn't parse the JSON response received from the server: b'Access denied because of exceeding access rate'
2026-08-12 11:25:01,315 | ERROR | Error getting candle data for PETRONET-EQ: Couldn't parse the JSON response received from the server: b'Access denied because of exceeding access rate'
2026-08-12 11:25:22,135 | ERROR | Error getting candle data for ESG-EQ: Couldn't parse the JSON response received from the server: b'Access denied because of exceeding access rate'
2026-08-12 11:25:28,012 | ERROR | Error getting candle data for GREAVESCOT-EQ: Couldn't parse the JSON response received from the server: b'Access denied because of exceeding access rate'
2026-08-12 11:25:32,668 | ERROR | Error getting candle data for SWSOLAR-EQ: Couldn't parse the JSON response received from the server: b'Access denied because of exceeding access rate'
2026-08-12 11:25:37,791 | ERROR | Error getting candle data for AMBUJACEM-EQ: Couldn't parse the JSON response received from the server: b'Access denied because of exceeding access rate'
2026-08-12 11:25:41,865 | ERROR | Error getting candle data for NPBET-EQ: Couldn't parse the JSON response received from the server: b'Access denied because of exceeding access rate'
2026-08-12 11:25:46,560 | ERROR | Error getting candle data for EKC-EQ: Couldn't parse the JSON response received from the server: b'Access denied because of exceeding access rate'
2026-08-12 11:25:51,842 | ERROR | Error getting candle data for GSEC10IETF-EQ: Couldn't parse the JSON response received from the server: b'Access denied because of exceeding access rate'
2026-08-12 11:25:58,503 | ERROR | Error getting candle data for ENIL-EQ: Couldn't parse the JSON response received from the server: b'Access denied because of exceeding access rate'
2026-08-12 11:26:08,284 | ERROR | Error getting candle data for KEC-EQ: Couldn't parse the JSON response received from the server: b'Access denied because of exceeding access rate'
2026-08-12 11:26:28,481 | ERROR | Error getting candle data for BANKADD-EQ: Couldn't parse the JSON response received from the server: b'Access denied because of exceeding access rate'
2026-08-12 11:26:32,656 | ERROR | Error getting candle data for AERONEU-EQ: Couldn't parse the JSON response received from the server: b'Access denied because of exceeding access rate'
2026-08-12 11:26:38,270 | ERROR | Error getting candle data for GREENPANEL-EQ: Couldn't parse the JSON response received from the server: b'Access denied because of exceeding access rate'
2026-08-12 11:26:51,755 | ERROR | Error getting candle data for IGPL-EQ: Couldn't parse the JSON response received from the server: b'Access denied because of exceeding access rate'
2026-08-12 11:27:25,506 | INFO | Fetched 2486 NSE stocks
2026-08-12 11:27:31,772 | ERROR | Error getting candle data for FINPIPE-EQ: Couldn't parse the JSON response received from the server: b'Access denied because of exceeding access rate'
2026-08-12 11:27:46,895 | ERROR | Error getting candle data for SPORTKING-EQ: Couldn't parse the JSON response received from the server: b'Access denied because of exceeding access rate'
2026-08-12 11:28:19,765 | ERROR | Error getting candle data for GREAVESCOT-EQ: Couldn't parse the JSON response received from the server: b'Access denied because of exceeding access rate'
2026-08-12 11:28:32,536 | ERROR | Error getting candle data for NPBET-EQ: Couldn't parse the JSON response received from the server: b'Access denied because of exceeding access rate'
2026-08-12 11:28:37,109 | ERROR | Error getting candle data for EKC-EQ: Couldn't parse the JSON response received from the server: b'Access denied because of exceeding access rate'
2026-08-12 11:28:41,178 | ERROR | Error getting candle data for GSEC10IETF-EQ: Couldn't parse the JSON response received from the server: b'Access denied because of exceeding access rate'
2026-08-12 11:28:48,261 | ERROR | Error getting candle data for ENIL-EQ: Couldn't parse the JSON response received from the server: b'Access denied because of exceeding access rate'
2026-08-12 11:29:19,217 | ERROR | Error getting candle data for BANKADD-EQ: Couldn't parse the JSON response received from the server: b'Access denied because of exceeding access rate'
2026-08-12 11:29:42,038 | ERROR | Error getting candle data for IGPL-EQ: Couldn't parse the JSON response received from the server: b'Access denied because of exceeding access rate'
2026-08-12 11:30:09,687 | INFO | Fetched 2486 NSE stocks
2026-08-12 11:30:19,106 | ERROR | Error getting candle data for NIFTYBETA-EQ: Couldn't parse the JSON response received from the server: b'Access denied because of exceeding access rate'
2026-08-12 11:30:29,137 | ERROR | Error getting candle data for SPORTKING-EQ: Couldn't parse the JSON response received from the server: b'Access denied because of exceeding access rate'
2026-08-12 11:30:34,304 | ERROR | Error getting candle data for INDORAMA-EQ: Couldn't parse the JSON response received from the server: b'Access denied because of exceeding access rate'
2026-08-12 11:30:38,144 | ERROR | Error getting candle data for PETRONET-EQ: Couldn't parse the JSON response received from the server: b'Access denied because of exceeding access rate'
2026-08-12 11:30:50,011 | ERROR | Error getting candle data for MCLEODRUSS-EQ: Couldn't parse the JSON response received from the server: b'Access denied because of exceeding access rate'
2026-08-12 11:30:55,121 | ERROR | Error getting candle data for ESG-EQ: Couldn't parse the JSON response received from the server: b'Access denied because of exceeding access rate'
2026-08-12 11:31:00,182 | ERROR | Error getting candle data for GREAVESCOT-EQ: Couldn't parse the JSON response received from the server: b'Access denied because of exceeding access rate'
2026-08-12 11:31:08,222 | ERROR | Error getting candle data for AMBUJACEM-EQ: Couldn't parse the JSON response received from the server: b'Access denied because of exceeding access rate'
2026-08-12 11:31:29,703 | ERROR | Error getting candle data for COMMOIETF-EQ: Couldn't parse the JSON response received from the server: b'Access denied because of exceeding access rate'
2026-08-12 11:31:41,920 | ERROR | Error getting candle data for MALUPAPER-EQ: Couldn't parse the JSON response received from the server: b'Access denied because of exceeding access rate'
2026-08-12 11:31:53,871 | ERROR | Error getting candle data for BANKADD-EQ: Couldn't parse the JSON response received from the server: b'Access denied because of exceeding access rate'
2026-08-12 11:31:58,019 | ERROR | Error getting candle data for AERONEU-EQ: Couldn't parse the JSON response received from the server: b'Access denied because of exceeding access rate'
2026-08-12 11:32:07,817 | ERROR | Error getting candle data for KUANTUM-EQ: Couldn't parse the JSON response received from the server: b'Access denied because of exceeding access rate'
2026-08-12 11:32:11,941 | ERROR | Error getting candle data for CREST-EQ: Couldn't parse the JSON response received from the server: b'Access denied because of exceeding access rate'
2026-08-12 11:32:50,884 | INFO | Fetched 2486 NSE stocks
2026-08-12 11:32:59,318 | ERROR | Error getting candle data for FINPIPE-EQ: Couldn't parse the JSON response received from the server: b'Access denied because of exceeding access rate'
2026-08-12 11:33:18,947 | ERROR | Error getting candle data for KRBL-EQ: Couldn't parse the JSON response received from the server: b'Access denied because of exceeding access rate'
2026-08-12 11:33:34,191 | ERROR | Error getting candle data for PETRONET-EQ: Couldn't parse the JSON response received from the server: b'Access denied because of exceeding access rate'
2026-08-12 11:33:58,444 | ERROR | Error getting candle data for ESG-EQ: Couldn't parse the JSON response received from the server: b'Access denied because of exceeding access rate'
2026-08-12 11:34:31,689 | ERROR | Error getting candle data for EKC-EQ: Couldn't parse the JSON response received from the server: b'Access denied because of exceeding access rate'
2026-08-12 11:34:35,657 | ERROR | Error getting candle data for GSEC10IETF-EQ: Couldn't parse the JSON response received from the server: b'Access denied because of exceeding access rate'
2026-08-12 11:34:44,017 | ERROR | Error getting candle data for ENIL-EQ: Couldn't parse the JSON response received from the server: b'Access denied because of exceeding access rate'
2026-08-12 11:34:48,374 | ERROR | Error getting candle data for COMMOIETF-EQ: Couldn't parse the JSON response received from the server: b'Access denied because of exceeding access rate'
2026-08-12 11:35:00,261 | ERROR | Error getting candle data for MALUPAPER-EQ: Couldn't parse the JSON response received from the server: b'Access denied because of exceeding access rate'
2026-08-12 11:35:06,250 | ERROR | Error getting candle data for EMAMILTD-EQ: Couldn't parse the JSON response received from the server: b'Access denied because of exceeding access rate'
2026-08-12 11:35:22,182 | ERROR | Error getting candle data for GREENPANEL-EQ: Couldn't parse the JSON response received from the server: b'Access denied because of exceeding access rate'
2026-08-12 11:35:36,095 | ERROR | Error getting candle data for IGPL-EQ: Couldn't parse the JSON response received from the server: b'Access denied because of exceeding access rate'
2026-08-12 11:36:04,003 | INFO | Fetched 2486 NSE stocks
2026-08-12 11:36:10,662 | ERROR | Error getting candle data for FINPIPE-EQ: Couldn't parse the JSON response received from the server: b'Access denied because of exceeding access rate'
2026-08-12 11:36:49,110 | ERROR | Error getting candle data for MCLEODRUSS-EQ: Couldn't parse the JSON response received from the server: b'Access denied because of exceeding access rate'
2026-08-12 11:37:00,104 | ERROR | Error getting candle data for GREAVESCOT-EQ: Couldn't parse the JSON response received from the server: b'Access denied because of exceeding access rate'
2026-08-12 11:37:08,591 | ERROR | Error getting candle data for AMBUJACEM-EQ: Couldn't parse the JSON response received from the server: b'Access denied because of exceeding access rate'
2026-08-12 11:37:17,086 | ERROR | Error getting candle data for EKC-EQ: Couldn't parse the JSON response received from the server: b'Access denied because of exceeding access rate'
2026-08-12 11:37:21,877 | ERROR | Error getting candle data for GSEC10IETF-EQ: Couldn't parse the JSON response received from the server: b'Access denied because of exceeding access rate'
2026-08-12 11:37:28,835 | ERROR | Error getting candle data for ENIL-EQ: Couldn't parse the JSON response received from the server: b'Access denied because of exceeding access rate'
2026-08-12 11:37:33,033 | ERROR | Error getting candle data for COMMOIETF-EQ: Couldn't parse the JSON response received from the server: b'Access denied because of exceeding access rate'
2026-08-12 11:37:38,421 | ERROR | Error getting candle data for KEC-EQ: Couldn't parse the JSON response received from the server: b'Access denied because of exceeding access rate'
2026-08-12 11:37:43,824 | ERROR | Error getting candle data for MALUPAPER-EQ: Couldn't parse the JSON response received from the server: b'Access denied because of exceeding access rate'
2026-08-12 11:37:56,011 | ERROR | Error getting candle data for BANKADD-EQ: Couldn't parse the JSON response received from the server: b'Access denied because of exceeding access rate'
2026-08-12 11:38:09,977 | ERROR | Error getting candle data for KUANTUM-EQ: Couldn't parse the JSON response received from the server: b'Access denied because of exceeding access rate'
2026-08-12 11:38:47,940 | INFO | Fetched 2486 NSE stocks
2026-08-12 11:39:22,710 | ERROR | Error getting candle data for PETRONET-EQ: Couldn't parse the JSON response received from the server: b'Access denied because of exceeding access rate'
2026-08-12 11:39:35,527 | ERROR | Error getting candle data for MCLEODRUSS-EQ: Couldn't parse the JSON response received from the server: b'Access denied because of exceeding access rate'
2026-08-12 11:39:46,475 | ERROR | Error getting candle data for GREAVESCOT-EQ: Couldn't parse the JSON response received from the server: b'Access denied because of exceeding access rate'
2026-08-12 11:39:50,664 | ERROR | Error getting candle data for SWSOLAR-EQ: Couldn't parse the JSON response received from the server: b'Access denied because of exceeding access rate'
2026-08-12 11:39:50,795 | INFO | OPENED BUY on SWSOLAR-EQ | LTP: 200.45 | Prob: 81.0%
2026-08-12 11:39:58,889 | ERROR | Error getting candle data for NPBET-EQ: Couldn't parse the JSON response received from the server: b'Access denied because of exceeding access rate'
2026-08-12 11:40:02,909 | ERROR | Error getting candle data for EKC-EQ: Couldn't parse the JSON response received from the server: b'Access denied because of exceeding access rate'
2026-08-12 11:40:14,491 | ERROR | Error getting candle data for ENIL-EQ: Couldn't parse the JSON response received from the server: b'Access denied because of exceeding access rate'
2026-08-12 11:40:29,674 | ERROR | Error getting candle data for MALUPAPER-EQ: Couldn't parse the JSON response received from the server: b'Access denied because of exceeding access rate'
2026-08-12 11:40:40,871 | ERROR | Error getting candle data for BANKADD-EQ: Couldn't parse the JSON response received from the server: b'Access denied because of exceeding access rate'
2026-08-12 11:40:44,845 | ERROR | Error getting candle data for AERONEU-EQ: Couldn't parse the JSON response received from the server: b'Access denied because of exceeding access rate'
2026-08-12 11:40:50,153 | ERROR | Error getting candle data for GREENPANEL-EQ: Couldn't parse the JSON response received from the server: b'Access denied because of exceeding access rate'
2026-08-12 11:40:54,147 | ERROR | Error getting candle data for KUANTUM-EQ: Couldn't parse the JSON response received from the server: b'Access denied because of exceeding access rate'
2026-08-12 11:41:43,917 | INFO | Fetched 2486 NSE stocks
2026-08-12 11:41:49,371 | ERROR | Error getting candle data for FINPIPE-EQ: Couldn't parse the JSON response received from the server: b'Access denied because of exceeding access rate'
2026-08-12 11:41:53,404 | ERROR | Error getting candle data for NIFTYBETA-EQ: Couldn't parse the JSON response received from the server: b'Access denied because of exceeding access rate'
2026-08-12 11:41:58,716 | ERROR | Error getting candle data for KRBL-EQ: Couldn't parse the JSON response received from the server: b'Access denied because of exceeding access rate'
2026-08-12 11:41:58,796 | INFO | OPENED BUY on KRBL-EQ | LTP: 368.5 | Prob: 87.0%
2026-08-12 11:42:16,413 | ERROR | Error getting candle data for INDORAMA-EQ: Couldn't parse the JSON response received from the server: b'Access denied because of exceeding access rate'
2026-08-12 11:42:20,508 | ERROR | Error getting candle data for PETRONET-EQ: Couldn't parse the JSON response received from the server: b'Access denied because of exceeding access rate'
2026-08-12 11:42:39,502 | ERROR | Error getting candle data for ESG-EQ: Couldn't parse the JSON response received from the server: b'Access denied because of exceeding access rate'
2026-08-12 11:42:44,914 | INFO | OPENED SELL on GREAVESCOT-EQ | LTP: 193.87 | Prob: 90.0%
2026-08-12 11:42:49,861 | ERROR | Error getting candle data for SWSOLAR-EQ: Couldn't parse the JSON response received from the server: b'Access denied because of exceeding access rate'
2026-08-12 11:42:54,551 | ERROR | Error getting candle data for AMBUJACEM-EQ: Couldn't parse the JSON response received from the server: b'Access denied because of exceeding access rate'
2026-08-12 11:43:14,002 | ERROR | Error getting candle data for ENIL-EQ: Couldn't parse the JSON response received from the server: b'Access denied because of exceeding access rate'
2026-08-12 11:43:23,417 | ERROR | Error getting candle data for KEC-EQ: Couldn't parse the JSON response received from the server: b'Access denied because of exceeding access rate'
2026-08-12 11:43:44,084 | ERROR | Error getting candle data for AERONEU-EQ: Couldn't parse the JSON response received from the server: b'Access denied because of exceeding access rate'
2026-08-12 11:43:57,465 | ERROR | Error getting candle data for KUANTUM-EQ: Couldn't parse the JSON response received from the server: b'Access denied because of exceeding access rate'
2026-08-12 11:44:41,495 | INFO | Fetched 2486 NSE stocks
2026-08-12 11:44:46,777 | ERROR | Error getting candle data for FINPIPE-EQ: Couldn't parse the JSON response received from the server: b'Access denied because of exceeding access rate'
2026-08-12 11:44:51,061 | ERROR | Error getting candle data for NIFTYBETA-EQ: Couldn't parse the JSON response received from the server: b'Access denied because of exceeding access rate'
2026-08-12 11:44:56,818 | INFO | OPENED SELL on KRBL-EQ | LTP: 369.25 | Prob: 94.0%
2026-08-12 11:45:03,538 | ERROR | Error getting candle data for SPORTKING-EQ: Couldn't parse the JSON response received from the server: b'Access denied because of exceeding access rate'
2026-08-12 11:45:12,722 | ERROR | Error getting candle data for PETRONET-EQ: Couldn't parse the JSON response received from the server: b'Access denied because of exceeding access rate'
2026-08-12 11:45:29,640 | ERROR | Error getting candle data for ESG-EQ: Couldn't parse the JSON response received from the server: b'Access denied because of exceeding access rate'
2026-08-12 11:45:34,677 | ERROR | Error getting candle data for GREAVESCOT-EQ: Couldn't parse the JSON response received from the server: b'Access denied because of exceeding access rate'
2026-08-12 11:45:38,470 | ERROR | Error getting candle data for SWSOLAR-EQ: Couldn't parse the JSON response received from the server: b'Access denied because of exceeding access rate'
2026-08-12 11:45:46,111 | ERROR | Error getting candle data for NPBET-EQ: Couldn't parse the JSON response received from the server: b'Access denied because of exceeding access rate'
2026-08-12 11:45:49,982 | ERROR | Error getting candle data for EKC-EQ: Couldn't parse the JSON response received from the server: b'Access denied because of exceeding access rate'
2026-08-12 11:45:53,809 | ERROR | Error getting candle data for GSEC10IETF-EQ: Couldn't parse the JSON response received from the server: b'Access denied because of exceeding access rate'
2026-08-12 11:46:03,977 | ERROR | Error getting candle data for COMMOIETF-EQ: Couldn't parse the JSON response received from the server: b'Access denied because of exceeding access rate'
2026-08-12 11:46:09,510 | ERROR | Error getting candle data for KEC-EQ: Couldn't parse the JSON response received from the server: b'Access denied because of exceeding access rate'
2026-08-12 11:46:19,644 | ERROR | Error getting candle data for EMAMILTD-EQ: Couldn't parse the JSON response received from the server: b'Access denied because of exceeding access rate'
2026-08-12 11:46:24,622 | ERROR | Error getting candle data for BANKADD-EQ: Couldn't parse the JSON response received from the server: b'Access denied because of exceeding access rate'
2026-08-12 11:46:28,464 | ERROR | Error getting candle data for AERONEU-EQ: Couldn't parse the JSON response received from the server: b'Access denied because of exceeding access rate'
2026-08-12 11:46:33,427 | ERROR | Error getting candle data for GREENPANEL-EQ: Couldn't parse the JSON response received from the server: b'Access denied because of exceeding access rate'
2026-08-12 11:46:46,616 | ERROR | Error getting candle data for IGPL-EQ: Couldn't parse the JSON response received from the server: b'Access denied because of exceeding access rate'
2026-08-12 11:47:21,683 | INFO | Fetched 2486 NSE stocks
2026-08-12 11:47:30,878 | ERROR | Error getting candle data for NIFTYBETA-EQ: Couldn't parse the JSON response received from the server: b'Access denied because of exceeding access rate'
2026-08-12 11:47:35,918 | ERROR | Error getting candle data for KRBL-EQ: Couldn't parse the JSON response received from the server: b'Access denied because of exceeding access rate'
2026-08-12 11:47:35,979 | INFO | OPENED BUY on KRBL-EQ | LTP: 368.85 | Prob: 88.0%
2026-08-12 11:47:49,768 | ERROR | Error getting candle data for PETRONET-EQ: Couldn't parse the JSON response received from the server: b'Access denied because of exceeding access rate'
2026-08-12 11:48:00,910 | ERROR | Error getting candle data for MCLEODRUSS-EQ: Couldn't parse the JSON response received from the server: b'Access denied because of exceeding access rate'
2026-08-12 11:48:05,930 | ERROR | Error getting candle data for ESG-EQ: Couldn't parse the JSON response received from the server: b'Access denied because of exceeding access rate'
2026-08-12 11:48:51,504 | ERROR | Error getting candle data for MALUPAPER-EQ: Couldn't parse the JSON response received from the server: b'Access denied because of exceeding access rate'
2026-08-12 11:48:56,656 | ERROR | Error getting candle data for EMAMILTD-EQ: Couldn't parse the JSON response received from the server: b'Access denied because of exceeding access rate'
2026-08-12 11:49:20,421 | INFO | OPENED BUY on CREST-EQ | LTP: 369.05 | Prob: 85.0%
2026-08-12 11:49:55,147 | INFO | Fetched 2486 NSE stocks
2026-08-12 11:50:03,536 | ERROR | Error getting candle data for FINPIPE-EQ: Couldn't parse the JSON response received from the server: b'Access denied because of exceeding access rate'
2026-08-12 11:50:12,779 | ERROR | Error getting candle data for KRBL-EQ: Couldn't parse the JSON response received from the server: b'Access denied because of exceeding access rate'
2026-08-12 11:50:38,444 | ERROR | Error getting candle data for INDORAMA-EQ: Couldn't parse the JSON response received from the server: b'Access denied because of exceeding access rate'
2026-08-12 11:50:38,509 | INFO | OPENED SELL on INDORAMA-EQ | LTP: 59.07 | Prob: 95.0%
2026-08-12 11:50:44,896 | ERROR | Error getting candle data for PETRONET-EQ: Couldn't parse the JSON response received from the server: b'Access denied because of exceeding access rate'
2026-08-12 11:51:02,456 | ERROR | Error getting candle data for MCLEODRUSS-EQ: Couldn't parse the JSON response received from the server: b'Access denied because of exceeding access rate'
2026-08-12 11:51:12,170 | ERROR | Error getting candle data for ESG-EQ: Couldn't parse the JSON response received from the server: b'Access denied because of exceeding access rate'
2026-08-12 11:51:17,333 | INFO | OPENED BUY on GREAVESCOT-EQ | LTP: 193.8 | Prob: 81.0%
2026-08-12 11:51:21,175 | ERROR | Error getting candle data for SWSOLAR-EQ: Couldn't parse the JSON response received from the server: b'Access denied because of exceeding access rate'
2026-08-12 11:51:24,955 | ERROR | Error getting candle data for AMBUJACEM-EQ: Couldn't parse the JSON response received from the server: b'Access denied because of exceeding access rate'
2026-08-12 11:51:29,567 | ERROR | Error getting candle data for NPBET-EQ: Couldn't parse the JSON response received from the server: b'Access denied because of exceeding access rate'
2026-08-12 11:51:33,696 | ERROR | Error getting candle data for EKC-EQ: Couldn't parse the JSON response received from the server: b'Access denied because of exceeding access rate'
2026-08-12 11:51:37,865 | ERROR | Error getting candle data for GSEC10IETF-EQ: Couldn't parse the JSON response received from the server: b'Access denied because of exceeding access rate'
2026-08-12 11:51:44,409 | ERROR | Error getting candle data for ENIL-EQ: Couldn't parse the JSON response received from the server: b'Access denied because of exceeding access rate'
2026-08-12 11:51:54,338 | ERROR | Error getting candle data for KEC-EQ: Couldn't parse the JSON response received from the server: b'Access denied because of exceeding access rate'
2026-08-12 11:52:06,055 | ERROR | Error getting candle data for EMAMILTD-EQ: Couldn't parse the JSON response received from the server: b'Access denied because of exceeding access rate'
2026-08-12 11:52:23,866 | ERROR | Error getting candle data for KUANTUM-EQ: Couldn't parse the JSON response received from the server: b'Access denied because of exceeding access rate'
2026-08-12 11:53:09,614 | INFO | Fetched 2486 NSE stocks
2026-08-12 11:53:28,838 | ERROR | Error getting candle data for SPORTKING-EQ: Couldn't parse the JSON response received from the server: b'Access denied because of exceeding access rate'
2026-08-12 11:53:37,847 | ERROR | Error getting candle data for PETRONET-EQ: Couldn't parse the JSON response received from the server: b'Access denied because of exceeding access rate'
2026-08-12 11:53:50,077 | ERROR | Error getting candle data for MCLEODRUSS-EQ: Couldn't parse the JSON response received from the server: b'Access denied because of exceeding access rate'
2026-08-12 11:53:50,144 | INFO | OPENED SELL on MCLEODRUSS-EQ | LTP: 47.54 | Prob: 98.0%
2026-08-12 11:54:01,093 | ERROR | Error getting candle data for GREAVESCOT-EQ: Couldn't parse the JSON response received from the server: b'Access denied because of exceeding access rate'
2026-08-12 11:54:05,060 | ERROR | Error getting candle data for SWSOLAR-EQ: Couldn't parse the JSON response received from the server: b'Access denied because of exceeding access rate'
2026-08-12 11:54:10,239 | ERROR | Error getting candle data for AMBUJACEM-EQ: Couldn't parse the JSON response received from the server: b'Access denied because of exceeding access rate'
2026-08-12 11:54:21,777 | ERROR | Error getting candle data for GSEC10IETF-EQ: Couldn't parse the JSON response received from the server: b'Access denied because of exceeding access rate'
2026-08-12 11:59:45,843 | ERROR | Error getting depth for ENIL-EQ: ('Connection aborted.', ConnectionResetError(10054, 'An existing connection was forcibly closed by the remote host', None, 10054, None))
2026-08-12 11:59:51,954 | ERROR | Error getting candle data for COMMOIETF-EQ: Couldn't parse the JSON response received from the server: b'Access denied because of exceeding access rate'
2026-08-12 11:59:56,225 | ERROR | Error getting candle data for KEC-EQ: Couldn't parse the JSON response received from the server: b'Access denied because of exceeding access rate'
2026-08-12 12:00:16,598 | ERROR | Error getting candle data for KUANTUM-EQ: Couldn't parse the JSON response received from the server: b'Access denied because of exceeding access rate'
2026-08-12 12:00:19,094 | ERROR | Error getting candle data for CREST-EQ: Couldn't parse the JSON response received from the server: b'Access denied because of exceeding access rate'
2026-08-12 12:00:22,124 | ERROR | Error getting candle data for IGPL-EQ: Couldn't parse the JSON response received from the server: b'Access denied because of exceeding access rate'
2026-08-12 12:00:55,793 | INFO | Fetched 2486 NSE stocks
2026-08-12 12:01:00,549 | ERROR | Error getting candle data for NIFTYBETA-EQ: Couldn't parse the JSON response received from the server: b'Access denied because of exceeding access rate'
2026-08-12 12:01:21,648 | INFO | CLOSED SELL on MCLEODRUSS-EQ | Entry: 47.54 | Exit: 47.38 | PnL: 0.1599999999999966
2026-08-12 12:01:28,610 | ERROR | Error getting candle data for ESG-EQ: Couldn't parse the JSON response received from the server: b'Access denied because of exceeding access rate'
2026-08-12 12:01:38,510 | ERROR | Error getting candle data for SWSOLAR-EQ: Couldn't parse the JSON response received from the server: b'Access denied because of exceeding access rate'
2026-08-12 12:01:38,590 | INFO | OPENED SELL on SWSOLAR-EQ | LTP: 201.28 | Prob: 91.0%
2026-08-12 12:01:42,825 | ERROR | Error getting candle data for AMBUJACEM-EQ: Couldn't parse the JSON response received from the server: b'Access denied because of exceeding access rate'
2026-08-12 12:01:47,144 | ERROR | Error getting candle data for NPBET-EQ: Couldn't parse the JSON response received from the server: b'Access denied because of exceeding access rate'
2026-08-12 12:01:51,648 | ERROR | Error getting candle data for EKC-EQ: Couldn't parse the JSON response received from the server: b'Access denied because of exceeding access rate'
2026-08-12 12:02:03,773 | ERROR | Error getting candle data for ENIL-EQ: Couldn't parse the JSON response received from the server: b'Access denied because of exceeding access rate'
2026-08-12 12:02:08,066 | ERROR | Error getting candle data for COMMOIETF-EQ: Couldn't parse the JSON response received from the server: b'Access denied because of exceeding access rate'
2026-08-12 12:02:30,670 | ERROR | Error getting candle data for BANKADD-EQ: Couldn't parse the JSON response received from the server: b'Access denied because of exceeding access rate'
2026-08-12 12:02:34,947 | ERROR | Error getting candle data for AERONEU-EQ: Couldn't parse the JSON response received from the server: b'Access denied because of exceeding access rate'
2026-08-12 12:02:49,645 | ERROR | Error getting candle data for CREST-EQ: Couldn't parse the JSON response received from the server: b'Access denied because of exceeding access rate'
2026-08-12 12:02:49,743 | INFO | OPENED SELL on CREST-EQ | LTP: 373.0 | Prob: 93.0%
2026-08-12 12:03:30,054 | INFO | Fetched 2486 NSE stocks
2026-08-12 12:03:36,300 | ERROR | Error getting candle data for FINPIPE-EQ: Couldn't parse the JSON response received from the server: b'Access denied because of exceeding access rate'
2026-08-12 12:03:40,929 | ERROR | Error getting candle data for NIFTYBETA-EQ: Couldn't parse the JSON response received from the server: b'Access denied because of exceeding access rate'
2026-08-12 12:03:53,450 | ERROR | Error getting candle data for SPORTKING-EQ: Couldn't parse the JSON response received from the server: b'Access denied because of exceeding access rate'
2026-08-12 12:03:59,652 | ERROR | Error getting candle data for INDORAMA-EQ: Couldn't parse the JSON response received from the server: b'Access denied because of exceeding access rate'
2026-08-12 12:04:04,169 | ERROR | Error getting candle data for PETRONET-EQ: Couldn't parse the JSON response received from the server: b'Access denied because of exceeding access rate'
2026-08-12 12:04:27,196 | ERROR | Error getting candle data for ESG-EQ: Couldn't parse the JSON response received from the server: b'Access denied because of exceeding access rate'
2026-08-12 12:04:33,085 | ERROR | Error getting candle data for GREAVESCOT-EQ: Couldn't parse the JSON response received from the server: b'Access denied because of exceeding access rate'
2026-08-12 12:04:37,473 | ERROR | Error getting candle data for SWSOLAR-EQ: Couldn't parse the JSON response received from the server: b'Access denied because of exceeding access rate'
2026-08-12 12:05:03,254 | ERROR | Error getting candle data for ENIL-EQ: Couldn't parse the JSON response received from the server: b'Access denied because of exceeding access rate'
2026-08-12 12:05:25,089 | ERROR | Error getting candle data for EMAMILTD-EQ: Couldn't parse the JSON response received from the server: b'Access denied because of exceeding access rate'
2026-08-12 12:05:30,477 | ERROR | Error getting candle data for BANKADD-EQ: Couldn't parse the JSON response received from the server: b'Access denied because of exceeding access rate'
2026-08-12 12:05:34,687 | ERROR | Error getting candle data for AERONEU-EQ: Couldn't parse the JSON response received from the server: b'Access denied because of exceeding access rate'
2026-08-12 12:05:34,770 | INFO | OPENED SELL on AERONEU-EQ | LTP: 84.08 | Prob: 92.0%
2026-08-12 12:05:40,205 | ERROR | Error getting candle data for GREENPANEL-EQ: Couldn't parse the JSON response received from the server: b'Access denied because of exceeding access rate'
2026-08-12 12:05:44,237 | ERROR | Error getting candle data for KUANTUM-EQ: Couldn't parse the JSON response received from the server: b'Access denied because of exceeding access rate'
2026-08-12 12:05:54,289 | ERROR | Error getting candle data for IGPL-EQ: Couldn't parse the JSON response received from the server: b'Access denied because of exceeding access rate'
2026-08-12 12:06:24,628 | INFO | Fetched 2486 NSE stocks
2026-08-12 12:06:34,146 | ERROR | Error getting candle data for NIFTYBETA-EQ: Couldn't parse the JSON response received from the server: b'Access denied because of exceeding access rate'
2026-08-12 12:07:19,126 | ERROR | Error getting candle data for GREAVESCOT-EQ: Couldn't parse the JSON response received from the server: b'Access denied because of exceeding access rate'
2026-08-12 12:07:27,759 | INFO | OPENED SELL on AMBUJACEM-EQ | LTP: 419.0 | Prob: 90.0%
2026-08-12 12:07:35,964 | ERROR | Error getting candle data for EKC-EQ: Couldn't parse the JSON response received from the server: b'Access denied because of exceeding access rate'
2026-08-12 12:07:40,025 | ERROR | Error getting candle data for GSEC10IETF-EQ: Couldn't parse the JSON response received from the server: b'Access denied because of exceeding access rate'
2026-08-12 12:07:50,835 | ERROR | Error getting candle data for COMMOIETF-EQ: Couldn't parse the JSON response received from the server: b'Access denied because of exceeding access rate'
2026-08-12 12:07:56,145 | ERROR | Error getting candle data for KEC-EQ: Couldn't parse the JSON response received from the server: b'Access denied because of exceeding access rate'
2026-08-12 12:08:01,520 | ERROR | Error getting candle data for MALUPAPER-EQ: Couldn't parse the JSON response received from the server: b'Access denied because of exceeding access rate'
2026-08-12 12:08:12,372 | ERROR | Error getting candle data for BANKADD-EQ: Couldn't parse the JSON response received from the server: b'Access denied because of exceeding access rate'
2026-08-12 12:08:22,155 | ERROR | Error getting candle data for GREENPANEL-EQ: Couldn't parse the JSON response received from the server: b'Access denied because of exceeding access rate'
2026-08-12 12:08:22,246 | INFO | OPENED SELL on GREENPANEL-EQ | LTP: 178.71 | Prob: 93.0%
2026-08-12 12:08:30,497 | ERROR | Error getting candle data for CREST-EQ: Couldn't parse the JSON response received from the server: b'Access denied because of exceeding access rate'
2026-08-12 12:09:05,584 | INFO | Fetched 2486 NSE stocks
2026-08-12 12:09:21,316 | ERROR | Error getting candle data for KRBL-EQ: Couldn't parse the JSON response received from the server: b'Access denied because of exceeding access rate'
2026-08-12 12:09:27,186 | ERROR | Error getting candle data for SPORTKING-EQ: Couldn't parse the JSON response received from the server: b'Access denied because of exceeding access rate'
2026-08-12 12:09:27,273 | INFO | OPENED SELL on SPORTKING-EQ | LTP: 205.15 | Prob: 91.0%
2026-08-12 12:09:32,666 | ERROR | Error getting candle data for INDORAMA-EQ: Couldn't parse the JSON response received from the server: b'Access denied because of exceeding access rate'
2026-08-12 12:09:36,995 | ERROR | Error getting candle data for PETRONET-EQ: Couldn't parse the JSON response received from the server: b'Access denied because of exceeding access rate'
2026-08-12 12:09:49,959 | ERROR | Error getting candle data for MCLEODRUSS-EQ: Couldn't parse the JSON response received from the server: b'Access denied because of exceeding access rate'
2026-08-12 12:09:55,715 | ERROR | Error getting candle data for ESG-EQ: Couldn't parse the JSON response received from the server: b'Access denied because of exceeding access rate'
2026-08-12 12:10:01,589 | ERROR | Error getting candle data for GREAVESCOT-EQ: Couldn't parse the JSON response received from the server: b'Access denied because of exceeding access rate'
2026-08-12 12:10:06,466 | ERROR | Error getting candle data for SWSOLAR-EQ: Couldn't parse the JSON response received from the server: b'Access denied because of exceeding access rate'
2026-08-12 12:10:11,223 | ERROR | Error getting candle data for AMBUJACEM-EQ: Couldn't parse the JSON response received from the server: b'Access denied because of exceeding access rate'
2026-08-12 12:10:19,902 | ERROR | Error getting candle data for EKC-EQ: Couldn't parse the JSON response received from the server: b'Access denied because of exceeding access rate'
2026-08-12 12:10:35,936 | ERROR | Error getting candle data for COMMOIETF-EQ: Couldn't parse the JSON response received from the server: b'Access denied because of exceeding access rate'
2026-08-12 12:10:41,800 | ERROR | Error getting candle data for KEC-EQ: Couldn't parse the JSON response received from the server: b'Access denied because of exceeding access rate'
2026-08-12 12:10:59,442 | ERROR | Error getting candle data for BANKADD-EQ: Couldn't parse the JSON response received from the server: b'Access denied because of exceeding access rate'
2026-08-12 12:11:03,636 | ERROR | Error getting candle data for AERONEU-EQ: Couldn't parse the JSON response received from the server: b'Access denied because of exceeding access rate'
2026-08-12 12:11:13,808 | INFO | OPENED SELL on KUANTUM-EQ | LTP: 84.92 | Prob: 90.0%
2026-08-12 12:11:23,398 | ERROR | Error getting candle data for IGPL-EQ: Couldn't parse the JSON response received from the server: b'Access denied because of exceeding access rate'
2026-08-12 12:11:45,093 | INFO | Fetched 2486 NSE stocks
2026-08-12 12:11:50,917 | INFO | OPENED BUY on FINPIPE-EQ | LTP: 161.51 | Prob: 79.0%
2026-08-12 12:12:06,474 | INFO | OPENED BUY on SPORTKING-EQ | LTP: 204.75 | Prob: 80.0%
2026-08-12 12:12:29,293 | ERROR | Error getting candle data for MCLEODRUSS-EQ: Couldn't parse the JSON response received from the server: b'Access denied because of exceeding access rate'
2026-08-12 12:12:40,174 | INFO | OPENED SELL on GREAVESCOT-EQ | LTP: 193.88 | Prob: 91.0%
2026-08-12 12:12:52,461 | ERROR | Error getting candle data for NPBET-EQ: Couldn't parse the JSON response received from the server: b'Access denied because of exceeding access rate'
2026-08-12 12:13:17,483 | ERROR | Error getting candle data for KEC-EQ: Couldn't parse the JSON response received from the server: b'Access denied because of exceeding access rate'
2026-08-12 12:13:28,129 | ERROR | Error getting candle data for EMAMILTD-EQ: Couldn't parse the JSON response received from the server: b'Access denied because of exceeding access rate'
2026-08-12 12:15:55,590 | INFO | Fetched 2486 NSE stocks
2026-08-12 12:16:07,508 | ERROR | Error getting candle data for FINPIPE-EQ: Couldn't parse the JSON response received from the server: b'Access denied because of exceeding access rate'
2026-08-12 12:16:07,585 | INFO | OPENED SELL on FINPIPE-EQ | LTP: 161.65 | Prob: 90.0%
2026-08-12 12:16:11,824 | ERROR | Error getting candle data for NIFTYBETA-EQ: Couldn't parse the JSON response received from the server: b'Access denied because of exceeding access rate'
2026-08-12 12:16:17,813 | ERROR | Error getting candle data for KRBL-EQ: Couldn't parse the JSON response received from the server: b'Access denied because of exceeding access rate'
2026-08-12 12:16:23,095 | INFO | OPENED SELL on SPORTKING-EQ | LTP: 205.35 | Prob: 91.0%
2026-08-12 12:16:34,851 | ERROR | Error getting candle data for INDORAMA-EQ: Couldn't parse the JSON response received from the server: b'Access denied because of exceeding access rate'
2026-08-12 12:16:51,957 | ERROR | Error getting candle data for MCLEODRUSS-EQ: Couldn't parse the JSON response received from the server: b'Access denied because of exceeding access rate'
2026-08-12 12:17:00,213 | ERROR | Error getting LTP for SASKEN-EQ: HTTPSConnectionPool(host='apiconnect.angelone.in', port=443): Read timed out. (read timeout=7)
2026-08-12 12:17:04,135 | ERROR | Error getting candle data for ESG-EQ: Couldn't parse the JSON response received from the server: b'Access denied because of exceeding access rate'
2026-08-12 12:17:25,741 | ERROR | Error getting candle data for EKC-EQ: Couldn't parse the JSON response received from the server: b'Access denied because of exceeding access rate'
2026-08-12 12:17:29,704 | ERROR | Error getting candle data for GSEC10IETF-EQ: Couldn't parse the JSON response received from the server: b'Access denied because of exceeding access rate'
2026-08-12 12:17:36,199 | ERROR | Error getting candle data for ENIL-EQ: Couldn't parse the JSON response received from the server: b'Access denied because of exceeding access rate'
2026-08-12 12:17:46,806 | ERROR | Error getting depth for COMMOIETF-EQ: HTTPSConnectionPool(host='apiconnect.angelone.in', port=443): Read timed out. (read timeout=7)
2026-08-12 12:17:58,371 | ERROR | Error getting LTP for SADBHAV-EQ: HTTPSConnectionPool(host='apiconnect.angelone.in', port=443): Read timed out. (read timeout=7)
2026-08-12 12:18:08,304 | ERROR | Error getting LTP for KEC-EQ: HTTPSConnectionPool(host='apiconnect.angelone.in', port=443): Read timed out. (read timeout=7)
2026-08-12 12:18:18,168 | ERROR | Error getting LTP for LANDMARK-EQ: HTTPSConnectionPool(host='apiconnect.angelone.in', port=443): Read timed out. (read timeout=7)
2026-08-12 12:18:32,218 | ERROR | Error getting LTP for MALUPAPER-EQ: HTTPSConnectionPool(host='apiconnect.angelone.in', port=443): Max retries exceeded with url: /rest/secure/angelbroking/order/v1/getLtpData (Caused by ConnectTimeoutError(<HTTPSConnection(host='apiconnect.angelone.in', port=443) at 0x1f8ce59fc50>, 'Connection to apiconnect.angelone.in timed out. (connect timeout=7)'))
2026-08-12 12:18:53,908 | ERROR | Error getting candle data for AERONEU-EQ: Couldn't parse the JSON response received from the server: b'Access denied because of exceeding access rate'
2026-08-12 12:19:12,852 | ERROR | Error getting candle data for IGPL-EQ: Couldn't parse the JSON response received from the server: b'Access denied because of exceeding access rate'
2026-08-12 12:19:42,371 | INFO | Fetched 2486 NSE stocks
2026-08-12 12:19:51,662 | ERROR | Error getting candle data for NIFTYBETA-EQ: Couldn't parse the JSON response received from the server: b'Access denied because of exceeding access rate'
2026-08-12 12:19:56,990 | ERROR | Error getting candle data for KRBL-EQ: Couldn't parse the JSON response received from the server: b'Access denied because of exceeding access rate'
2026-08-12 12:20:07,723 | ERROR | Error getting candle data for INDORAMA-EQ: Couldn't parse the JSON response received from the server: b'Access denied because of exceeding access rate'
2026-08-12 12:20:11,835 | ERROR | Error getting candle data for PETRONET-EQ: Couldn't parse the JSON response received from the server: b'Access denied because of exceeding access rate'
2026-08-12 12:20:35,391 | ERROR | Error getting candle data for GREAVESCOT-EQ: Couldn't parse the JSON response received from the server: b'Access denied because of exceeding access rate'
2026-08-12 12:20:35,526 | INFO | OPENED BUY on GREAVESCOT-EQ | LTP: 193.67 | Prob: 79.0%
2026-08-12 12:20:39,751 | ERROR | Error getting candle data for SWSOLAR-EQ: Couldn't parse the JSON response received from the server: b'Access denied because of exceeding access rate'
2026-08-12 12:20:47,905 | ERROR | Error getting candle data for NPBET-EQ: Couldn't parse the JSON response received from the server: b'Access denied because of exceeding access rate'
2026-08-12 12:20:51,827 | ERROR | Error getting candle data for EKC-EQ: Couldn't parse the JSON response received from the server: b'Access denied because of exceeding access rate'
2026-08-12 12:20:55,764 | ERROR | Error getting candle data for GSEC10IETF-EQ: Couldn't parse the JSON response received from the server: b'Access denied because of exceeding access rate'
2026-08-12 12:21:06,831 | ERROR | Error getting candle data for COMMOIETF-EQ: Couldn't parse the JSON response received from the server: b'Access denied because of exceeding access rate'
2026-08-12 12:21:12,455 | ERROR | Error getting candle data for KEC-EQ: Couldn't parse the JSON response received from the server: b'Access denied because of exceeding access rate'
2026-08-12 12:21:17,661 | ERROR | Error getting candle data for MALUPAPER-EQ: Couldn't parse the JSON response received from the server: b'Access denied because of exceeding access rate'
2026-08-12 12:21:37,139 | ERROR | Error getting candle data for BANKADD-EQ: ('Connection aborted.', ConnectionResetError(10054, 'An existing connection was forcibly closed by the remote host', None, 10054, None))
2026-08-12 12:21:47,529 | ERROR | Error getting LTP for AERONEU-EQ: HTTPSConnectionPool(host='apiconnect.angelone.in', port=443): Read timed out. (read timeout=7)
2026-08-12 12:21:55,845 | ERROR | Error getting LTP for BBL-EQ: HTTPSConnectionPool(host='apiconnect.angelone.in', port=443): Read timed out. (read timeout=7)
2026-08-12 12:22:12,277 | ERROR | Error getting candle data for GREENPANEL-EQ: Couldn't parse the JSON response received from the server: b'Access denied because of exceeding access rate'
2026-08-12 12:22:16,289 | ERROR | Error getting candle data for KUANTUM-EQ: Couldn't parse the JSON response received from the server: b'Access denied because of exceeding access rate'
2026-08-12 12:22:25,876 | ERROR | Error getting candle data for IGPL-EQ: Couldn't parse the JSON response received from the server: b'Access denied because of exceeding access rate'
2026-08-12 12:23:03,378 | INFO | Fetched 2486 NSE stocks
2026-08-12 12:23:12,949 | ERROR | Error getting candle data for NIFTYBETA-EQ: Couldn't parse the JSON response received from the server: b'Access denied because of exceeding access rate'
2026-08-12 12:23:23,942 | ERROR | Error getting candle data for SPORTKING-EQ: Couldn't parse the JSON response received from the server: b'Access denied because of exceeding access rate'
2026-08-12 12:23:39,400 | ERROR | Error getting candle data for PETRONET-EQ: Couldn't parse the JSON response received from the server: b'Access denied because of exceeding access rate'
2026-08-12 12:23:57,114 | ERROR | Error getting candle data for ESG-EQ: Couldn't parse the JSON response received from the server: b'Access denied because of exceeding access rate'
2026-08-12 12:24:02,762 | INFO | OPENED SELL on GREAVESCOT-EQ | LTP: 193.75 | Prob: 90.0%
2026-08-12 12:24:23,431 | ERROR | Error getting candle data for GSEC10IETF-EQ: Couldn't parse the JSON response received from the server: b'Access denied because of exceeding access rate'
2026-08-12 12:24:41,410 | ERROR | Error getting candle data for KEC-EQ: Couldn't parse the JSON response received from the server: b'Access denied because of exceeding access rate'
2026-08-12 12:24:47,357 | ERROR | Error getting candle data for MALUPAPER-EQ: Couldn't parse the JSON response received from the server: b'Access denied because of exceeding access rate'
2026-08-12 12:25:03,659 | ERROR | Error getting candle data for BANKADD-EQ: Couldn't parse the JSON response received from the server: b'Access denied because of exceeding access rate'
2026-08-12 12:25:07,902 | ERROR | Error getting candle data for AERONEU-EQ: Couldn't parse the JSON response received from the server: b'Access denied because of exceeding access rate'
2026-08-12 12:25:21,491 | ERROR | Error getting candle data for CREST-EQ: Couldn't parse the JSON response received from the server: b'Access denied because of exceeding access rate'
2026-08-12 12:25:21,561 | INFO | OPENED BUY on CREST-EQ | LTP: 370.1 | Prob: 90.0%
2026-08-12 12:25:26,942 | ERROR | Error getting candle data for IGPL-EQ: Couldn't parse the JSON response received from the server: b'Access denied because of exceeding access rate'
2026-08-12 12:25:52,641 | INFO | Fetched 2486 NSE stocks
2026-08-12 12:25:58,253 | ERROR | Error getting candle data for FINPIPE-EQ: Couldn't parse the JSON response received from the server: b'Access denied because of exceeding access rate'
2026-08-12 12:25:58,326 | INFO | OPENED BUY on FINPIPE-EQ | LTP: 161.5 | Prob: 80.0%
2026-08-12 12:26:20,054 | INFO | CLOSED SELL on INDORAMA-EQ | Entry: 59.07 | Exit: 58.51 | PnL: 0.5600000000000023
2026-08-12 12:26:24,634 | ERROR | Error getting candle data for PETRONET-EQ: Couldn't parse the JSON response received from the server: b'Access denied because of exceeding access rate'
2026-08-12 12:26:37,506 | INFO | OPENED SELL on MCLEODRUSS-EQ | LTP: 47.45 | Prob: 98.0%
2026-08-12 12:26:48,169 | ERROR | Error getting candle data for GREAVESCOT-EQ: Couldn't parse the JSON response received from the server: b'Access denied because of exceeding access rate'
2026-08-12 12:26:48,258 | INFO | OPENED BUY on GREAVESCOT-EQ | LTP: 193.51 | Prob: 80.0%
2026-08-12 12:26:52,377 | ERROR | Error getting candle data for SWSOLAR-EQ: Couldn't parse the JSON response received from the server: b'Access denied because of exceeding access rate'
2026-08-12 12:26:56,725 | ERROR | Error getting candle data for AMBUJACEM-EQ: Couldn't parse the JSON response received from the server: b'Access denied because of exceeding access rate'
2026-08-12 12:27:00,650 | ERROR | Error getting candle data for NPBET-EQ: Couldn't parse the JSON response received from the server: b'Access denied because of exceeding access rate'
2026-08-12 12:27:05,023 | ERROR | Error getting candle data for EKC-EQ: Couldn't parse the JSON response received from the server: b'Access denied because of exceeding access rate'
2026-08-12 12:27:09,609 | ERROR | Error getting candle data for GSEC10IETF-EQ: Couldn't parse the JSON response received from the server: b'Access denied because of exceeding access rate'
2026-08-12 12:27:21,150 | ERROR | Error getting candle data for COMMOIETF-EQ: Couldn't parse the JSON response received from the server: b'Access denied because of exceeding access rate'
2026-08-12 12:27:27,614 | ERROR | Error getting candle data for KEC-EQ: Couldn't parse the JSON response received from the server: b'Access denied because of exceeding access rate'
2026-08-12 12:27:33,549 | ERROR | Error getting candle data for MALUPAPER-EQ: Couldn't parse the JSON response received from the server: b'Access denied because of exceeding access rate'
2026-08-12 12:27:44,385 | ERROR | Error getting candle data for BANKADD-EQ: Couldn't parse the JSON response received from the server: b'Access denied because of exceeding access rate'
2026-08-12 12:27:48,355 | ERROR | Error getting candle data for AERONEU-EQ: Couldn't parse the JSON response received from the server: b'Access denied because of exceeding access rate'
2026-08-12 12:27:54,383 | ERROR | Error getting candle data for GREENPANEL-EQ: Couldn't parse the JSON response received from the server: b'Access denied because of exceeding access rate'
2026-08-12 12:27:58,411 | ERROR | Error getting candle data for KUANTUM-EQ: Couldn't parse the JSON response received from the server: b'Access denied because of exceeding access rate'
2026-08-12 12:28:34,301 | INFO | Fetched 2486 NSE stocks
2026-08-12 12:28:39,506 | ERROR | Error getting candle data for FINPIPE-EQ: Couldn't parse the JSON response received from the server: b'Access denied because of exceeding access rate'
2026-08-12 12:28:39,587 | INFO | OPENED SELL on FINPIPE-EQ | LTP: 161.6 | Prob: 90.0%
2026-08-12 12:28:49,179 | ERROR | Error getting candle data for KRBL-EQ: Couldn't parse the JSON response received from the server: b'Access denied because of exceeding access rate'
2026-08-12 12:29:00,284 | ERROR | Error getting candle data for INDORAMA-EQ: Couldn't parse the JSON response received from the server: b'Access denied because of exceeding access rate'
2026-08-12 12:29:16,605 | ERROR | Error getting candle data for MCLEODRUSS-EQ: Couldn't parse the JSON response received from the server: b'Access denied because of exceeding access rate'
2026-08-12 12:29:31,865 | ERROR | Error getting candle data for SWSOLAR-EQ: Couldn't parse the JSON response received from the server: b'Access denied because of exceeding access rate'
2026-08-12 12:29:40,268 | ERROR | Error getting candle data for NPBET-EQ: Couldn't parse the JSON response received from the server: b'Access denied because of exceeding access rate'
2026-08-12 12:29:44,204 | ERROR | Error getting candle data for EKC-EQ: Couldn't parse the JSON response received from the server: b'Access denied because of exceeding access rate'
2026-08-12 12:29:48,414 | ERROR | Error getting candle data for GSEC10IETF-EQ: Couldn't parse the JSON response received from the server: b'Access denied because of exceeding access rate'
2026-08-12 12:29:55,150 | ERROR | Error getting candle data for ENIL-EQ: Couldn't parse the JSON response received from the server: b'Access denied because of exceeding access rate'
2026-08-12 12:30:04,583 | ERROR | Error getting candle data for KEC-EQ: Couldn't parse the JSON response received from the server: b'Access denied because of exceeding access rate'
2026-08-12 12:30:16,859 | INFO | OPENED SELL on EMAMILTD-EQ | LTP: 398.5 | Prob: 90.0%
2026-08-12 12:30:22,567 | ERROR | Error getting candle data for BANKADD-EQ: Couldn't parse the JSON response received from the server: b'Access denied because of exceeding access rate'
2026-08-12 12:30:26,983 | ERROR | Error getting candle data for AERONEU-EQ: Couldn't parse the JSON response received from the server: b'Access denied because of exceeding access rate'
2026-08-12 12:30:32,904 | ERROR | Error getting candle data for GREENPANEL-EQ: Couldn't parse the JSON response received from the server: b'Access denied because of exceeding access rate'
2026-08-12 12:30:37,007 | ERROR | Error getting candle data for KUANTUM-EQ: Couldn't parse the JSON response received from the server: b'Access denied because of exceeding access rate'
2026-08-12 12:30:41,464 | ERROR | Error getting candle data for CREST-EQ: Couldn't parse the JSON response received from the server: b'Access denied because of exceeding access rate'
2026-08-12 12:30:47,154 | ERROR | Error getting candle data for IGPL-EQ: Couldn't parse the JSON response received from the server: b'Access denied because of exceeding access rate'
2026-08-12 12:31:11,514 | INFO | Fetched 2486 NSE stocks
2026-08-12 12:31:41,887 | INFO | OPENED SELL on PETRONET-EQ | LTP: 279.55 | Prob: 90.0%
2026-08-12 12:31:58,460 | ERROR | Error getting candle data for ESG-EQ: Couldn't parse the JSON response received from the server: b'Access denied because of exceeding access rate'
2026-08-12 12:32:03,413 | ERROR | Error getting candle data for GREAVESCOT-EQ: Couldn't parse the JSON response received from the server: b'Access denied because of exceeding access rate'
2026-08-12 12:32:19,189 | ERROR | Error getting candle data for EKC-EQ: Couldn't parse the JSON response received from the server: b'Access denied because of exceeding access rate'
2026-08-12 12:32:22,900 | ERROR | Error getting candle data for GSEC10IETF-EQ: Couldn't parse the JSON response received from the server: b'Access denied because of exceeding access rate'
2026-08-12 12:32:29,157 | ERROR | Error getting candle data for ENIL-EQ: Couldn't parse the JSON response received from the server: b'Access denied because of exceeding access rate'
2026-08-12 12:32:32,916 | ERROR | Error getting candle data for COMMOIETF-EQ: Couldn't parse the JSON response received from the server: b'Access denied because of exceeding access rate'
2026-08-12 12:32:38,348 | ERROR | Error getting candle data for KEC-EQ: Couldn't parse the JSON response received from the server: b'Access denied because of exceeding access rate'
2026-08-12 12:32:49,889 | ERROR | Error getting candle data for EMAMILTD-EQ: Couldn't parse the JSON response received from the server: b'Access denied because of exceeding access rate'
2026-08-12 12:32:57,081 | ERROR | Error getting candle data for BANKADD-EQ: Couldn't parse the JSON response received from the server: b'Access denied because of exceeding access rate'
2026-08-12 12:33:02,611 | ERROR | Error getting candle data for AERONEU-EQ: Couldn't parse the JSON response received from the server: b'Access denied because of exceeding access rate'
2026-08-12 12:33:54,121 | INFO | Fetched 2486 NSE stocks
2026-08-12 12:33:59,739 | ERROR | Error getting candle data for FINPIPE-EQ: Couldn't parse the JSON response received from the server: b'Access denied because of exceeding access rate'
2026-08-12 12:34:03,793 | ERROR | Error getting candle data for NIFTYBETA-EQ: Couldn't parse the JSON response received from the server: b'Access denied because of exceeding access rate'
2026-08-12 12:34:24,828 | ERROR | Error getting candle data for PETRONET-EQ: Couldn't parse the JSON response received from the server: b'Access denied because of exceeding access rate'
2026-08-12 12:34:36,807 | ERROR | Error getting candle data for MCLEODRUSS-EQ: Couldn't parse the JSON response received from the server: b'Access denied because of exceeding access rate'
2026-08-12 12:34:47,736 | INFO | OPENED SELL on GREAVESCOT-EQ | LTP: 193.9 | Prob: 90.0%
2026-08-12 12:34:52,930 | ERROR | Error getting candle data for SWSOLAR-EQ: Couldn't parse the JSON response received from the server: b'Access denied because of exceeding access rate'
2026-08-12 12:34:57,269 | ERROR | Error getting candle data for AMBUJACEM-EQ: Couldn't parse the JSON response received from the server: b'Access denied because of exceeding access rate'
2026-08-12 12:35:01,464 | ERROR | Error getting candle data for NPBET-EQ: Couldn't parse the JSON response received from the server: b'Access denied because of exceeding access rate'
2026-08-12 12:35:05,431 | ERROR | Error getting candle data for EKC-EQ: Couldn't parse the JSON response received from the server: b'Access denied because of exceeding access rate'
2026-08-12 12:35:26,197 | ERROR | Error getting candle data for KEC-EQ: Couldn't parse the JSON response received from the server: b'Access denied because of exceeding access rate'
2026-08-12 12:35:31,554 | ERROR | Error getting candle data for MALUPAPER-EQ: Couldn't parse the JSON response received from the server: b'Access denied because of exceeding access rate'
2026-08-12 12:35:42,422 | ERROR | Error getting candle data for BANKADD-EQ: Couldn't parse the JSON response received from the server: b'Access denied because of exceeding access rate'
2026-08-12 12:35:46,763 | ERROR | Error getting candle data for AERONEU-EQ: Couldn't parse the JSON response received from the server: b'Access denied because of exceeding access rate'
2026-08-12 12:35:52,117 | ERROR | Error getting candle data for GREENPANEL-EQ: Couldn't parse the JSON response received from the server: b'Access denied because of exceeding access rate'
2026-08-12 12:35:56,787 | ERROR | Error getting candle data for KUANTUM-EQ: Couldn't parse the JSON response received from the server: b'Access denied because of exceeding access rate'
2026-08-12 12:36:00,901 | ERROR | Error getting candle data for CREST-EQ: Couldn't parse the JSON response received from the server: b'Access denied because of exceeding access rate'
2026-08-12 12:36:31,879 | INFO | Fetched 2486 NSE stocks
2026-08-12 12:36:58,764 | ERROR | Error getting candle data for INDORAMA-EQ: Couldn't parse the JSON response received from the server: b'Access denied because of exceeding access rate'
2026-08-12 12:37:15,323 | ERROR | Error getting candle data for MCLEODRUSS-EQ: Couldn't parse the JSON response received from the server: b'Access denied because of exceeding access rate'
2026-08-12 12:37:31,341 | ERROR | Error getting candle data for SWSOLAR-EQ: Couldn't parse the JSON response received from the server: b'Access denied because of exceeding access rate'
2026-08-12 12:37:39,503 | ERROR | Error getting candle data for NPBET-EQ: Couldn't parse the JSON response received from the server: b'Access denied because of exceeding access rate'
2026-08-12 12:37:43,993 | INFO | OPENED SELL on EKC-EQ | LTP: 112.64 | Prob: 84.0%
2026-08-12 12:37:48,129 | ERROR | Error getting candle data for GSEC10IETF-EQ: Couldn't parse the JSON response received from the server: b'Access denied because of exceeding access rate'
2026-08-12 12:37:55,017 | ERROR | Error getting candle data for ENIL-EQ: Couldn't parse the JSON response received from the server: b'Access denied because of exceeding access rate'
2026-08-12 12:38:05,199 | ERROR | Error getting candle data for KEC-EQ: Couldn't parse the JSON response received from the server: b'Access denied because of exceeding access rate'
2026-08-12 12:38:23,402 | ERROR | Error getting candle data for BANKADD-EQ: Couldn't parse the JSON response received from the server: b'Access denied because of exceeding access rate'
2026-08-12 12:38:27,834 | ERROR | Error getting candle data for AERONEU-EQ: Couldn't parse the JSON response received from the server: b'Access denied because of exceeding access rate'
2026-08-12 12:38:27,929 | INFO | CLOSED SELL on AERONEU-EQ | Entry: 84.08 | Exit: 83.8 | PnL: 0.28000000000000114
2026-08-12 12:38:37,961 | ERROR | Error getting candle data for KUANTUM-EQ: Couldn't parse the JSON response received from the server: b'Access denied because of exceeding access rate'
2026-08-12 12:38:42,338 | ERROR | Error getting candle data for CREST-EQ: Couldn't parse the JSON response received from the server: b'Access denied because of exceeding access rate'
2026-08-12 12:39:10,116 | INFO | Fetched 2486 NSE stocks
2026-08-12 12:39:39,401 | ERROR | Error getting candle data for INDORAMA-EQ: Couldn't parse the JSON response received from the server: b'Access denied because of exceeding access rate'
2026-08-12 12:39:45,678 | ERROR | Error getting candle data for PETRONET-EQ: Couldn't parse the JSON response received from the server: b'Access denied because of exceeding access rate'
2026-08-12 12:39:58,572 | ERROR | Error getting candle data for MCLEODRUSS-EQ: Couldn't parse the JSON response received from the server: b'Access denied because of exceeding access rate'
2026-08-12 12:40:04,410 | ERROR | Error getting candle data for ESG-EQ: Couldn't parse the JSON response received from the server: b'Access denied because of exceeding access rate'
2026-08-12 12:40:10,432 | ERROR | Error getting candle data for GREAVESCOT-EQ: Couldn't parse the JSON response received from the server: b'Access denied because of exceeding access rate'
2026-08-12 12:40:19,077 | ERROR | Error getting candle data for AMBUJACEM-EQ: Couldn't parse the JSON response received from the server: b'Access denied because of exceeding access rate'
2026-08-12 12:40:25,702 | ERROR | Error getting candle data for NPBET-EQ: Couldn't parse the JSON response received from the server: b'Access denied because of exceeding access rate'
2026-08-12 12:40:29,886 | ERROR | Error getting candle data for EKC-EQ: Couldn't parse the JSON response received from the server: b'Access denied because of exceeding access rate'
2026-08-12 12:40:34,365 | ERROR | Error getting candle data for GSEC10IETF-EQ: Couldn't parse the JSON response received from the server: b'Access denied because of exceeding access rate'
2026-08-12 12:40:41,300 | ERROR | Error getting candle data for ENIL-EQ: Couldn't parse the JSON response received from the server: b'Access denied because of exceeding access rate'
2026-08-12 12:41:13,711 | ERROR | Error getting candle data for AERONEU-EQ: Couldn't parse the JSON response received from the server: b'Access denied because of exceeding access rate'
2026-08-12 12:42:01,381 | INFO | Fetched 2486 NSE stocks
2026-08-12 12:42:06,664 | ERROR | Error getting candle data for FINPIPE-EQ: Couldn't parse the JSON response received from the server: b'Access denied because of exceeding access rate'
2026-08-12 12:42:11,262 | ERROR | Error getting candle data for NIFTYBETA-EQ: Couldn't parse the JSON response received from the server: b'Access denied because of exceeding access rate'
2026-08-12 12:42:11,363 | INFO | OPENED SELL on NIFTYBETA-EQ | LTP: 270.0 | Prob: 90.0%
2026-08-12 12:42:16,694 | ERROR | Error getting candle data for KRBL-EQ: Couldn't parse the JSON response received from the server: b'Access denied because of exceeding access rate'
2026-08-12 12:42:27,452 | ERROR | Error getting candle data for INDORAMA-EQ: Couldn't parse the JSON response received from the server: b'Access denied because of exceeding access rate'
2026-08-12 12:42:50,881 | ERROR | Error getting candle data for ESG-EQ: Couldn't parse the JSON response received from the server: b'Access denied because of exceeding access rate'
2026-08-12 12:42:50,982 | INFO | OPENED SELL on ESG-EQ | LTP: 41.96 | Prob: 97.0%
2026-08-12 12:43:00,542 | ERROR | Error getting candle data for SWSOLAR-EQ: Couldn't parse the JSON response received from the server: b'Access denied because of exceeding access rate'
2026-08-12 12:43:04,521 | ERROR | Error getting candle data for AMBUJACEM-EQ: Couldn't parse the JSON response received from the server: b'Access denied because of exceeding access rate'
2026-08-12 12:43:14,822 | ERROR | Error getting candle data for EKC-EQ: Couldn't parse the JSON response received from the server: b'Access denied because of exceeding access rate'
2026-08-12 12:43:26,375 | ERROR | Error getting candle data for ENIL-EQ: Couldn't parse the JSON response received from the server: b'Access denied because of exceeding access rate'
2026-08-12 12:43:42,805 | ERROR | Error getting candle data for MALUPAPER-EQ: Couldn't parse the JSON response received from the server: b'Access denied because of exceeding access rate'
2026-08-12 12:43:53,985 | ERROR | Error getting candle data for BANKADD-EQ: Couldn't parse the JSON response received from the server: b'Access denied because of exceeding access rate'
2026-08-12 12:44:16,932 | ERROR | Error getting candle data for IGPL-EQ: Couldn't parse the JSON response received from the server: b'Access denied because of exceeding access rate'
2026-08-12 12:44:45,136 | INFO | Fetched 2486 NSE stocks
2026-08-12 12:44:50,428 | ERROR | Error getting candle data for FINPIPE-EQ: Couldn't parse the JSON response received from the server: b'Access denied because of exceeding access rate'
2026-08-12 12:44:50,515 | INFO | OPENED BUY on FINPIPE-EQ | LTP: 161.51 | Prob: 81.0%
2026-08-12 12:44:54,885 | INFO | OPENED BUY on NIFTYBETA-EQ | LTP: 269.95 | Prob: 80.0%
2026-08-12 12:45:11,018 | ERROR | Error getting candle data for INDORAMA-EQ: Couldn't parse the JSON response received from the server: b'Access denied because of exceeding access rate'
2026-08-12 12:45:15,110 | INFO | OPENED BUY on PETRONET-EQ | LTP: 279.2 | Prob: 79.0%
2026-08-12 12:45:28,380 | ERROR | Error getting candle data for MCLEODRUSS-EQ: Couldn't parse the JSON response received from the server: b'Access denied because of exceeding access rate'
2026-08-12 12:45:34,327 | ERROR | Error getting candle data for ESG-EQ: Couldn't parse the JSON response received from the server: b'Access denied because of exceeding access rate'
2026-08-12 12:45:34,423 | INFO | CLOSED SELL on ESG-EQ | Entry: 41.96 | Exit: 41.92 | PnL: 0.03999999999999915
2026-08-12 12:45:40,566 | ERROR | Error getting candle data for GREAVESCOT-EQ: Couldn't parse the JSON response received from the server: b'Access denied because of exceeding access rate'
2026-08-12 12:45:40,656 | INFO | OPENED BUY on GREAVESCOT-EQ | LTP: 193.63 | Prob: 80.0%
2026-08-12 12:45:50,058 | ERROR | Error getting candle data for AMBUJACEM-EQ: Couldn't parse the JSON response received from the server: b'Access denied because of exceeding access rate'
2026-08-12 12:45:54,436 | ERROR | Error getting candle data for NPBET-EQ: Couldn't parse the JSON response received from the server: b'Access denied because of exceeding access rate'
2026-08-12 12:45:58,819 | ERROR | Error getting candle data for EKC-EQ: Couldn't parse the JSON response received from the server: b'Access denied because of exceeding access rate'
2026-08-12 12:46:10,197 | ERROR | Error getting candle data for ENIL-EQ: Couldn't parse the JSON response received from the server: b'Access denied because of exceeding access rate'
2026-08-12 12:46:20,364 | ERROR | Error getting candle data for KEC-EQ: Couldn't parse the JSON response received from the server: b'Access denied because of exceeding access rate'
2026-08-12 12:46:26,673 | ERROR | Error getting candle data for MALUPAPER-EQ: Couldn't parse the JSON response received from the server: b'Access denied because of exceeding access rate'
2026-08-12 12:46:32,299 | ERROR | Error getting candle data for EMAMILTD-EQ: Couldn't parse the JSON response received from the server: b'Access denied because of exceeding access rate'
2026-08-12 12:46:42,290 | ERROR | Error getting candle data for AERONEU-EQ: Couldn't parse the JSON response received from the server: b'Access denied because of exceeding access rate'
2026-08-12 12:46:47,574 | ERROR | Error getting candle data for GREENPANEL-EQ: Couldn't parse the JSON response received from the server: b'Access denied because of exceeding access rate'
2026-08-12 12:47:02,123 | ERROR | Error getting candle data for IGPL-EQ: Couldn't parse the JSON response received from the server: b'Access denied because of exceeding access rate'
2026-08-12 12:47:31,254 | INFO | Fetched 2486 NSE stocks
2026-08-12 12:47:36,741 | ERROR | Error getting candle data for FINPIPE-EQ: Couldn't parse the JSON response received from the server: b'Access denied because of exceeding access rate'
2026-08-12 12:47:41,404 | ERROR | Error getting candle data for NIFTYBETA-EQ: Couldn't parse the JSON response received from the server: b'Access denied because of exceeding access rate'
2026-08-12 12:48:02,042 | ERROR | Error getting candle data for PETRONET-EQ: Couldn't parse the JSON response received from the server: b'Access denied because of exceeding access rate'
2026-08-12 12:48:02,119 | INFO | OPENED SELL on PETRONET-EQ | LTP: 279.55 | Prob: 90.0%
2026-08-12 12:48:25,454 | INFO | OPENED SELL on GREAVESCOT-EQ | LTP: 193.86 | Prob: 90.0%
2026-08-12 12:48:37,493 | ERROR | Error getting candle data for NPBET-EQ: Couldn't parse the JSON response received from the server: b'Access denied because of exceeding access rate'
2026-08-12 12:48:45,925 | ERROR | Error getting candle data for GSEC10IETF-EQ: Couldn't parse the JSON response received from the server: b'Access denied because of exceeding access rate'
2026-08-12 12:48:52,770 | ERROR | Error getting candle data for ENIL-EQ: Couldn't parse the JSON response received from the server: b'Access denied because of exceeding access rate'
2026-08-12 12:48:52,858 | INFO | OPENED SELL on ENIL-EQ | LTP: 101.5 | Prob: 94.0%
2026-08-12 12:48:56,691 | ERROR | Error getting candle data for COMMOIETF-EQ: Couldn't parse the JSON response received from the server: b'Access denied because of exceeding access rate'
2026-08-12 12:49:01,946 | ERROR | Error getting candle data for KEC-EQ: Couldn't parse the JSON response received from the server: b'Access denied because of exceeding access rate'
2026-08-12 12:49:08,029 | ERROR | Error getting candle data for MALUPAPER-EQ: Couldn't parse the JSON response received from the server: b'Access denied because of exceeding access rate'
2026-08-12 12:49:13,362 | ERROR | Error getting candle data for EMAMILTD-EQ: Couldn't parse the JSON response received from the server: b'Access denied because of exceeding access rate'
2026-08-12 12:49:36,672 | ERROR | Error getting candle data for CREST-EQ: Couldn't parse the JSON response received from the server: b'Access denied because of exceeding access rate'
2026-08-12 12:50:03,284 | INFO | Fetched 2486 NSE stocks
2026-08-12 12:50:08,661 | ERROR | Error getting candle data for FINPIPE-EQ: Couldn't parse the JSON response received from the server: b'Access denied because of exceeding access rate'
2026-08-12 12:50:08,756 | INFO | OPENED SELL on FINPIPE-EQ | LTP: 161.65 | Prob: 90.0%
2026-08-12 12:50:13,313 | ERROR | Error getting candle data for NIFTYBETA-EQ: Couldn't parse the JSON response received from the server: b'Access denied because of exceeding access rate'
2026-08-12 12:50:18,784 | INFO | OPENED SELL on KRBL-EQ | LTP: 369.05 | Prob: 90.0%
2026-08-12 12:50:30,229 | ERROR | Error getting candle data for INDORAMA-EQ: Couldn't parse the JSON response received from the server: b'Access denied because of exceeding access rate'
2026-08-12 12:50:34,350 | ERROR | Error getting candle data for PETRONET-EQ: Couldn't parse the JSON response received from the server: b'Access denied because of exceeding access rate'
2026-08-12 12:50:46,192 | ERROR | Error getting candle data for MCLEODRUSS-EQ: Couldn't parse the JSON response received from the server: b'Access denied because of exceeding access rate'
2026-08-12 12:50:57,263 | ERROR | Error getting candle data for GREAVESCOT-EQ: Couldn't parse the JSON response received from the server: b'Access denied because of exceeding access rate'
2026-08-12 12:51:09,302 | ERROR | Error getting candle data for NPBET-EQ: Couldn't parse the JSON response received from the server: b'Access denied because of exceeding access rate'
2026-08-12 12:51:13,390 | ERROR | Error getting candle data for EKC-EQ: Couldn't parse the JSON response received from the server: b'Access denied because of exceeding access rate'
2026-08-12 12:51:17,871 | ERROR | Error getting candle data for GSEC10IETF-EQ: Couldn't parse the JSON response received from the server: b'Access denied because of exceeding access rate'
2026-08-12 12:51:24,425 | ERROR | Error getting candle data for ENIL-EQ: Couldn't parse the JSON response received from the server: b'Access denied because of exceeding access rate'
2026-08-12 12:51:28,624 | ERROR | Error getting candle data for COMMOIETF-EQ: Couldn't parse the JSON response received from the server: b'Access denied because of exceeding access rate'
2026-08-12 12:51:40,140 | ERROR | Error getting candle data for MALUPAPER-EQ: Couldn't parse the JSON response received from the server: b'Access denied because of exceeding access rate'
2026-08-12 12:51:50,867 | ERROR | Error getting candle data for BANKADD-EQ: Couldn't parse the JSON response received from the server: b'Access denied because of exceeding access rate'
2026-08-12 12:52:08,198 | ERROR | Error getting candle data for CREST-EQ: Couldn't parse the JSON response received from the server: b'Access denied because of exceeding access rate'
2026-08-12 12:52:13,603 | ERROR | Error getting candle data for IGPL-EQ: Couldn't parse the JSON response received from the server: b'Access denied because of exceeding access rate'
2026-08-12 12:52:50,771 | INFO | Fetched 2486 NSE stocks
2026-08-12 12:53:00,115 | ERROR | Error getting candle data for NIFTYBETA-EQ: Couldn't parse the JSON response received from the server: b'Access denied because of exceeding access rate'
2026-08-12 12:53:06,112 | ERROR | Error getting candle data for KRBL-EQ: Couldn't parse the JSON response received from the server: b'Access denied because of exceeding access rate'
2026-08-12 12:53:18,037 | ERROR | Error getting candle data for INDORAMA-EQ: Couldn't parse the JSON response received from the server: b'Access denied because of exceeding access rate'
2026-08-12 12:53:40,061 | ERROR | Error getting candle data for ESG-EQ: Couldn't parse the JSON response received from the server: b'Access denied because of exceeding access rate'
2026-08-12 12:53:45,658 | ERROR | Error getting candle data for GREAVESCOT-EQ: Couldn't parse the JSON response received from the server: b'Access denied because of exceeding access rate'
2026-08-12 12:53:45,765 | INFO | OPENED BUY on GREAVESCOT-EQ | LTP: 193.69 | Prob: 79.0%
2026-08-12 12:53:53,314 | ERROR | Error getting candle data for AMBUJACEM-EQ: Couldn't parse the JSON response received from the server: b'Access denied because of exceeding access rate'
2026-08-12 12:54:00,792 | ERROR | Error getting candle data for EKC-EQ: Couldn't parse the JSON response received from the server: b'Access denied because of exceeding access rate'
2026-08-12 12:54:29,467 | INFO | OPENED BUY on EMAMILTD-EQ | LTP: 396.35 | Prob: 84.0%
2026-08-12 12:54:34,610 | ERROR | Error getting candle data for BANKADD-EQ: Couldn't parse the JSON response received from the server: b'Access denied because of exceeding access rate'
2026-08-12 12:54:39,098 | ERROR | Error getting candle data for AERONEU-EQ: Couldn't parse the JSON response received from the server: b'Access denied because of exceeding access rate'
2026-08-12 12:54:39,164 | INFO | OPENED SELL on AERONEU-EQ | LTP: 84.08 | Prob: 91.0%
2026-08-12 12:54:48,367 | ERROR | Error getting candle data for KUANTUM-EQ: Couldn't parse the JSON response received from the server: b'Access denied because of exceeding access rate'
2026-08-12 12:54:53,116 | ERROR | Error getting candle data for CREST-EQ: Couldn't parse the JSON response received from the server: b'Access denied because of exceeding access rate'
2026-08-12 12:54:58,167 | ERROR | Error getting candle data for IGPL-EQ: Couldn't parse the JSON response received from the server: b'Access denied because of exceeding access rate'
2026-08-12 12:55:27,345 | INFO | Fetched 2486 NSE stocks
2026-08-12 12:55:36,181 | ERROR | Error getting candle data for NIFTYBETA-EQ: Couldn't parse the JSON response received from the server: b'Access denied because of exceeding access rate'
2026-08-12 12:55:41,886 | INFO | OPENED BUY on KRBL-EQ | LTP: 368.45 | Prob: 80.0%
2026-08-12 12:55:47,097 | ERROR | Error getting candle data for SPORTKING-EQ: Couldn't parse the JSON response received from the server: b'Access denied because of exceeding access rate'
2026-08-12 12:55:52,342 | ERROR | Error getting candle data for INDORAMA-EQ: Couldn't parse the JSON response received from the server: b'Access denied because of exceeding access rate'
2026-08-12 12:55:56,666 | ERROR | Error getting candle data for PETRONET-EQ: Couldn't parse the JSON response received from the server: b'Access denied because of exceeding access rate'
2026-08-12 12:56:08,277 | ERROR | Error getting candle data for MCLEODRUSS-EQ: Couldn't parse the JSON response received from the server: b'Access denied because of exceeding access rate'
2026-08-12 12:56:18,526 | ERROR | Error getting candle data for GREAVESCOT-EQ: Couldn't parse the JSON response received from the server: b'Access denied because of exceeding access rate'
2026-08-12 12:56:18,594 | INFO | OPENED SELL on GREAVESCOT-EQ | LTP: 193.78 | Prob: 90.0%
2026-08-12 12:56:26,269 | ERROR | Error getting candle data for AMBUJACEM-EQ: Couldn't parse the JSON response received from the server: b'Access denied because of exceeding access rate'
2026-08-12 12:56:30,053 | INFO | OPENED SELL on NPBET-EQ | LTP: 282.99 | Prob: 92.0%
2026-08-12 12:56:33,906 | INFO | CLOSED SELL on EKC-EQ | Entry: 112.64 | Exit: 112.51 | PnL: 0.12999999999999545
2026-08-12 12:56:48,668 | ERROR | Error getting candle data for COMMOIETF-EQ: Couldn't parse the JSON response received from the server: b'Access denied because of exceeding access rate'
2026-08-12 12:56:48,731 | INFO | OPENED SELL on COMMOIETF-EQ | LTP: 100.55 | Prob: 92.0%
2026-08-12 12:56:53,880 | ERROR | Error getting candle data for KEC-EQ: Couldn't parse the JSON response received from the server: b'Access denied because of exceeding access rate'
2026-08-12 12:56:59,904 | ERROR | Error getting candle data for MALUPAPER-EQ: Couldn't parse the JSON response received from the server: b'Access denied because of exceeding access rate'
2026-08-12 12:57:05,519 | ERROR | Error getting candle data for EMAMILTD-EQ: Couldn't parse the JSON response received from the server: b'Access denied because of exceeding access rate'
2026-08-12 12:57:14,261 | INFO | CLOSED SELL on AERONEU-EQ | Entry: 84.08 | Exit: 83.7 | PnL: 0.37999999999999545
2026-08-12 12:57:26,768 | ERROR | Error getting candle data for CREST-EQ: Couldn't parse the JSON response received from the server: b'Access denied because of exceeding access rate'
2026-08-12 12:57:31,733 | ERROR | Error getting candle data for IGPL-EQ: Couldn't parse the JSON response received from the server: b'Access denied because of exceeding access rate'
2026-08-12 12:57:52,302 | INFO | Fetched 2486 NSE stocks
2026-08-12 12:57:57,539 | ERROR | Error getting candle data for FINPIPE-EQ: Couldn't parse the JSON response received from the server: b'Access denied because of exceeding access rate'
2026-08-12 12:58:01,762 | ERROR | Error getting candle data for NIFTYBETA-EQ: Couldn't parse the JSON response received from the server: b'Access denied because of exceeding access rate'
2026-08-12 12:58:12,388 | ERROR | Error getting candle data for SPORTKING-EQ: Couldn't parse the JSON response received from the server: b'Access denied because of exceeding access rate'
2026-08-12 12:58:17,348 | ERROR | Error getting candle data for INDORAMA-EQ: Couldn't parse the JSON response received from the server: b'Access denied because of exceeding access rate'
2026-08-12 12:58:17,401 | INFO | OPENED SELL on INDORAMA-EQ | LTP: 59.0 | Prob: 98.0%
2026-08-12 12:58:21,218 | INFO | OPENED BUY on PETRONET-EQ | LTP: 279.3 | Prob: 78.0%
2026-08-12 12:58:32,612 | ERROR | Error getting candle data for MCLEODRUSS-EQ: Couldn't parse the JSON response received from the server: b'Access denied because of exceeding access rate'
2026-08-12 12:58:37,940 | ERROR | Error getting candle data for ESG-EQ: Couldn't parse the JSON response received from the server: b'Access denied because of exceeding access rate'
2026-08-12 12:58:51,148 | ERROR | Error getting candle data for AMBUJACEM-EQ: Couldn't parse the JSON response received from the server: b'Access denied because of exceeding access rate'
2026-08-12 12:59:32,587 | ERROR | Error getting candle data for EMAMILTD-EQ: Couldn't parse the JSON response received from the server: b'Access denied because of exceeding access rate'
2026-08-12 12:59:42,052 | ERROR | Error getting candle data for AERONEU-EQ: Couldn't parse the JSON response received from the server: b'Access denied because of exceeding access rate'
2026-08-12 12:59:47,721 | ERROR | Error getting candle data for GREENPANEL-EQ: Couldn't parse the JSON response received from the server: b'Access denied because of exceeding access rate'
2026-08-12 12:59:56,834 | ERROR | Error getting candle data for CREST-EQ: Couldn't parse the JSON response received from the server: b'Access denied because of exceeding access rate'
2026-08-12 13:00:02,681 | ERROR | Error getting candle data for IGPL-EQ: Couldn't parse the JSON response received from the server: b'Access denied because of exceeding access rate'
2026-08-12 13:00:25,897 | INFO | Fetched 2486 NSE stocks
2026-08-12 13:00:31,252 | ERROR | Error getting candle data for FINPIPE-EQ: Couldn't parse the JSON response received from the server: b'Access denied because of exceeding access rate'
2026-08-12 13:00:35,338 | ERROR | Error getting candle data for NIFTYBETA-EQ: Couldn't parse the JSON response received from the server: b'Access denied because of exceeding access rate'
2026-08-12 13:00:51,660 | ERROR | Error getting candle data for INDORAMA-EQ: Couldn't parse the JSON response received from the server: b'Access denied because of exceeding access rate'
2026-08-12 13:01:08,822 | ERROR | Error getting candle data for MCLEODRUSS-EQ: Couldn't parse the JSON response received from the server: b'Access denied because of exceeding access rate'
2026-08-12 13:01:20,146 | INFO | OPENED BUY on GREAVESCOT-EQ | LTP: 193.71 | Prob: 78.0%
2026-08-12 13:01:24,595 | ERROR | Error getting candle data for SWSOLAR-EQ: Couldn't parse the JSON response received from the server: b'Access denied because of exceeding access rate'
2026-08-12 13:01:28,792 | ERROR | Error getting candle data for AMBUJACEM-EQ: Couldn't parse the JSON response received from the server: b'Access denied because of exceeding access rate'
2026-08-12 13:01:36,844 | ERROR | Error getting candle data for EKC-EQ: Couldn't parse the JSON response received from the server: b'Access denied because of exceeding access rate'
2026-08-12 13:01:41,079 | ERROR | Error getting candle data for GSEC10IETF-EQ: Couldn't parse the JSON response received from the server: b'Access denied because of exceeding access rate'
2026-08-12 13:01:47,663 | ERROR | Error getting candle data for ENIL-EQ: Couldn't parse the JSON response received from the server: b'Access denied because of exceeding access rate'
2026-08-12 13:01:47,740 | INFO | CLOSED SELL on ENIL-EQ | Entry: 101.5 | Exit: 101.31 | PnL: 0.18999999999999773
2026-08-12 13:01:51,787 | ERROR | Error getting candle data for COMMOIETF-EQ: Couldn't parse the JSON response received from the server: b'Access denied because of exceeding access rate'
2026-08-12 13:01:51,871 | INFO | CLOSED SELL on COMMOIETF-EQ | Entry: 100.55 | Exit: 100.47 | PnL: 0.0799999999999983
2026-08-12 13:01:57,269 | ERROR | Error getting candle data for KEC-EQ: Couldn't parse the JSON response received from the server: b'Access denied because of exceeding access rate'
2026-08-12 13:02:08,021 | ERROR | Error getting candle data for EMAMILTD-EQ: Couldn't parse the JSON response received from the server: b'Access denied because of exceeding access rate'
2026-08-12 13:02:27,969 | INFO | CLOSED SELL on KUANTUM-EQ | Entry: 84.92 | Exit: 84.65 | PnL: 0.269999999999996
2026-08-12 13:02:38,047 | INFO | OPENED SELL on IGPL-EQ | LTP: 462.6 | Prob: 89.0%
2026-08-12 13:03:03,815 | INFO | Fetched 2486 NSE stocks
2026-08-12 13:03:09,165 | ERROR | Error getting candle data for FINPIPE-EQ: Couldn't parse the JSON response received from the server: b'Access denied because of exceeding access rate'
2026-08-12 13:03:24,669 | ERROR | Error getting candle data for SPORTKING-EQ: Couldn't parse the JSON response received from the server: b'Access denied because of exceeding access rate'
2026-08-12 13:03:35,718 | INFO | OPENED SELL on PETRONET-EQ | LTP: 279.95 | Prob: 89.0%
2026-08-12 13:03:47,916 | ERROR | Error getting candle data for MCLEODRUSS-EQ: Couldn't parse the JSON response received from the server: b'Access denied because of exceeding access rate'
2026-08-12 13:03:58,564 | ERROR | Error getting candle data for GREAVESCOT-EQ: Couldn't parse the JSON response received from the server: b'Access denied because of exceeding access rate'
2026-08-12 13:04:02,703 | ERROR | Error getting candle data for SWSOLAR-EQ: Couldn't parse the JSON response received from the server: b'Access denied because of exceeding access rate'
2026-08-12 13:04:35,990 | ERROR | Error getting candle data for KEC-EQ: Couldn't parse the JSON response received from the server: b'Access denied because of exceeding access rate'
2026-08-12 13:04:47,866 | ERROR | Error getting candle data for EMAMILTD-EQ: Couldn't parse the JSON response received from the server: b'Access denied because of exceeding access rate'
2026-08-12 13:04:53,221 | ERROR | Error getting candle data for BANKADD-EQ: Couldn't parse the JSON response received from the server: b'Access denied because of exceeding access rate'
2026-08-12 13:04:57,226 | ERROR | Error getting candle data for AERONEU-EQ: Couldn't parse the JSON response received from the server: b'Access denied because of exceeding access rate'
2026-08-12 13:05:07,414 | ERROR | Error getting candle data for KUANTUM-EQ: Couldn't parse the JSON response received from the server: b'Access denied because of exceeding access rate'
2026-08-12 13:05:07,490 | INFO | OPENED SELL on KUANTUM-EQ | LTP: 85.2 | Prob: 94.0%
2026-08-12 13:05:17,256 | INFO | OPENED BUY on IGPL-EQ | LTP: 462.1 | Prob: 80.0%
2026-08-12 13:05:44,292 | INFO | Fetched 2486 NSE stocks
2026-08-12 13:05:50,151 | INFO | OPENED BUY on FINPIPE-EQ | LTP: 161.59 | Prob: 80.0%
2026-08-12 13:05:54,019 | ERROR | Error getting candle data for NIFTYBETA-EQ: Couldn't parse the JSON response received from the server: b'Access denied because of exceeding access rate'
2026-08-12 13:05:59,023 | ERROR | Error getting candle data for KRBL-EQ: Couldn't parse the JSON response received from the server: b'Access denied because of exceeding access rate'
2026-08-12 13:05:59,094 | INFO | OPENED SELL on KRBL-EQ | LTP: 369.3 | Prob: 90.0%
2026-08-12 13:06:09,220 | ERROR | Error getting candle data for INDORAMA-EQ: Couldn't parse the JSON response received from the server: b'Access denied because of exceeding access rate'
2026-08-12 13:06:12,997 | ERROR | Error getting candle data for PETRONET-EQ: Couldn't parse the JSON response received from the server: b'Access denied because of exceeding access rate'
2026-08-12 13:06:29,334 | ERROR | Error getting candle data for ESG-EQ: Couldn't parse the JSON response received from the server: b'Access denied because of exceeding access rate'
2026-08-12 13:06:34,439 | INFO | OPENED SELL on GREAVESCOT-EQ | LTP: 193.77 | Prob: 90.0%
2026-08-12 13:06:38,507 | ERROR | Error getting candle data for SWSOLAR-EQ: Couldn't parse the JSON response received from the server: b'Access denied because of exceeding access rate'
2026-08-12 13:06:42,784 | ERROR | Error getting candle data for AMBUJACEM-EQ: Couldn't parse the JSON response received from the server: b'Access denied because of exceeding access rate'
2026-08-12 13:06:51,249 | ERROR | Error getting candle data for EKC-EQ: Couldn't parse the JSON response received from the server: b'Access denied because of exceeding access rate'
2026-08-12 13:06:55,755 | ERROR | Error getting candle data for GSEC10IETF-EQ: Couldn't parse the JSON response received from the server: b'Access denied because of exceeding access rate'
2026-08-12 13:07:07,462 | ERROR | Error getting candle data for COMMOIETF-EQ: Couldn't parse the JSON response received from the server: b'Access denied because of exceeding access rate'
2026-08-12 13:07:42,863 | ERROR | Error getting candle data for KUANTUM-EQ: Couldn't parse the JSON response received from the server: b'Access denied because of exceeding access rate'
2026-08-12 13:07:52,750 | ERROR | Error getting candle data for IGPL-EQ: Couldn't parse the JSON response received from the server: b'Access denied because of exceeding access rate'
2026-08-12 13:07:52,840 | INFO | OPENED SELL on IGPL-EQ | LTP: 463.2 | Prob: 90.0%
2026-08-12 13:08:23,371 | INFO | Fetched 2486 NSE stocks
2026-08-12 13:08:43,171 | ERROR | Error getting candle data for SPORTKING-EQ: Couldn't parse the JSON response received from the server: b'Access denied because of exceeding access rate'
2026-08-12 13:08:52,825 | ERROR | Error getting candle data for PETRONET-EQ: Couldn't parse the JSON response received from the server: b'Access denied because of exceeding access rate'
2026-08-12 13:09:05,307 | ERROR | Error getting candle data for MCLEODRUSS-EQ: Couldn't parse the JSON response received from the server: b'Access denied because of exceeding access rate'
2026-08-12 13:09:15,992 | INFO | OPENED BUY on GREAVESCOT-EQ | LTP: 193.53 | Prob: 81.0%
2026-08-12 13:09:23,953 | ERROR | Error getting candle data for AMBUJACEM-EQ: Couldn't parse the JSON response received from the server: b'Access denied because of exceeding access rate'
2026-08-12 13:09:32,030 | ERROR | Error getting candle data for EKC-EQ: Couldn't parse the JSON response received from the server: b'Access denied because of exceeding access rate'
2026-08-12 13:09:32,110 | INFO | OPENED SELL on EKC-EQ | LTP: 112.52 | Prob: 86.0%
2026-08-12 13:09:36,317 | ERROR | Error getting candle data for GSEC10IETF-EQ: Couldn't parse the JSON response received from the server: b'Access denied because of exceeding access rate'
2026-08-12 13:09:43,008 | ERROR | Error getting candle data for ENIL-EQ: Couldn't parse the JSON response received from the server: b'Access denied because of exceeding access rate'
2026-08-12 13:09:47,091 | ERROR | Error getting candle data for COMMOIETF-EQ: Couldn't parse the JSON response received from the server: b'Access denied because of exceeding access rate'
2026-08-12 13:10:09,471 | ERROR | Error getting candle data for BANKADD-EQ: Couldn't parse the JSON response received from the server: b'Access denied because of exceeding access rate'
2026-08-12 13:10:13,982 | ERROR | Error getting candle data for AERONEU-EQ: Couldn't parse the JSON response received from the server: b'Access denied because of exceeding access rate'
2026-08-12 13:11:01,469 | INFO | Fetched 2486 NSE stocks
2026-08-12 13:11:06,994 | INFO | OPENED SELL on FINPIPE-EQ | LTP: 161.62 | Prob: 90.0%
2026-08-12 13:11:16,804 | ERROR | Error getting candle data for KRBL-EQ: Couldn't parse the JSON response received from the server: b'Access denied because of exceeding access rate'
2026-08-12 13:11:27,807 | ERROR | Error getting candle data for INDORAMA-EQ: Couldn't parse the JSON response received from the server: b'Access denied because of exceeding access rate'
2026-08-12 13:11:31,796 | ERROR | Error getting candle data for PETRONET-EQ: Couldn't parse the JSON response received from the server: b'Access denied because of exceeding access rate'
2026-08-12 13:11:54,833 | ERROR | Error getting candle data for GREAVESCOT-EQ: Couldn't parse the JSON response received from the server: b'Access denied because of exceeding access rate'
2026-08-12 13:11:58,866 | ERROR | Error getting candle data for SWSOLAR-EQ: Couldn't parse the JSON response received from the server: b'Access denied because of exceeding access rate'
2026-08-12 13:12:11,462 | ERROR | Error getting candle data for EKC-EQ: Couldn't parse the JSON response received from the server: b'Access denied because of exceeding access rate'
2026-08-12 13:12:28,422 | ERROR | Error getting candle data for COMMOIETF-EQ: Couldn't parse the JSON response received from the server: b'Access denied because of exceeding access rate'
2026-08-12 13:12:28,504 | INFO | OPENED SELL on COMMOIETF-EQ | LTP: 100.55 | Prob: 92.0%
2026-08-12 13:12:50,365 | ERROR | Error getting candle data for BANKADD-EQ: Couldn't parse the JSON response received from the server: b'Access denied because of exceeding access rate'
2026-08-12 13:13:00,301 | ERROR | Error getting candle data for GREENPANEL-EQ: Couldn't parse the JSON response received from the server: b'Access denied because of exceeding access rate'
2026-08-12 13:13:14,049 | ERROR | Error getting candle data for IGPL-EQ: Couldn't parse the JSON response received from the server: b'Access denied because of exceeding access rate'
2026-08-12 13:13:54,077 | INFO | Fetched 2486 NSE stocks
2026-08-12 13:14:03,492 | ERROR | Error getting candle data for NIFTYBETA-EQ: Couldn't parse the JSON response received from the server: b'Access denied because of exceeding access rate'
2026-08-12 13:14:14,259 | ERROR | Error getting candle data for SPORTKING-EQ: Couldn't parse the JSON response received from the server: b'Access denied because of exceeding access rate'
2026-08-12 13:14:25,212 | ERROR | Error getting candle data for PETRONET-EQ: Couldn't parse the JSON response received from the server: b'Access denied because of exceeding access rate'
2026-08-12 13:14:43,590 | ERROR | Error getting candle data for ESG-EQ: Couldn't parse the JSON response received from the server: b'Access denied because of exceeding access rate'
2026-08-12 13:14:52,988 | ERROR | Error getting candle data for SWSOLAR-EQ: Couldn't parse the JSON response received from the server: b'Access denied because of exceeding access rate'
2026-08-12 13:14:57,166 | ERROR | Error getting candle data for AMBUJACEM-EQ: Couldn't parse the JSON response received from the server: b'Access denied because of exceeding access rate'
2026-08-12 13:15:34,120 | INFO | OPENED SELL on MALUPAPER-EQ | LTP: 31.86 | Prob: 96.0%
2026-08-12 13:16:38,353 | INFO | Fetched 2486 NSE stocks
2026-08-12 13:16:48,612 | ERROR | Error getting candle data for NIFTYBETA-EQ: Couldn't parse the JSON response received from the server: b'Access denied because of exceeding access rate'
2026-08-12 13:17:00,119 | ERROR | Error getting candle data for KRBL-EQ: Couldn't parse the JSON response received from the server: b'Access denied because of exceeding access rate'
2026-08-12 13:17:11,378 | INFO | CLOSED SELL on INDORAMA-EQ | Entry: 59.0 | Exit: 58.8 | PnL: 0.20000000000000284
2026-08-12 13:17:32,682 | ERROR | Error getting candle data for ESG-EQ: Couldn't parse the JSON response received from the server: b'Access denied because of exceeding access rate'
2026-08-12 13:17:38,672 | ERROR | Error getting candle data for GREAVESCOT-EQ: Couldn't parse the JSON response received from the server: b'Access denied because of exceeding access rate'
2026-08-12 13:17:59,605 | INFO | OPENED BUY on GSEC10IETF-EQ | LTP: 267.0 | Prob: 80.0%
2026-08-12 13:18:06,142 | ERROR | Error getting candle data for ENIL-EQ: Couldn't parse the JSON response received from the server: b'Access denied because of exceeding access rate'
2026-08-12 13:18:10,282 | ERROR | Error getting candle data for COMMOIETF-EQ: Couldn't parse the JSON response received from the server: b'Access denied because of exceeding access rate'
2026-08-12 13:18:32,346 | ERROR | Error getting candle data for BANKADD-EQ: Couldn't parse the JSON response received from the server: b'Access denied because of exceeding access rate'
2026-08-12 13:18:42,259 | ERROR | Error getting candle data for GREENPANEL-EQ: Couldn't parse the JSON response received from the server: b'Access denied because of exceeding access rate'
2026-08-12 13:18:51,224 | ERROR | Error getting candle data for CREST-EQ: Couldn't parse the JSON response received from the server: b'Access denied because of exceeding access rate'
2026-08-12 13:18:56,818 | ERROR | Error getting candle data for IGPL-EQ: Couldn't parse the JSON response received from the server: b'Access denied because of exceeding access rate'
2026-08-12 13:19:29,266 | INFO | Fetched 2486 NSE stocks
2026-08-12 13:19:34,641 | ERROR | Error getting candle data for FINPIPE-EQ: Couldn't parse the JSON response received from the server: b'Access denied because of exceeding access rate'
2026-08-12 13:19:44,107 | ERROR | Error getting candle data for KRBL-EQ: Couldn't parse the JSON response received from the server: b'Access denied because of exceeding access rate'
2026-08-12 13:19:56,674 | ERROR | Error getting candle data for INDORAMA-EQ: Couldn't parse the JSON response received from the server: b'Access denied because of exceeding access rate'
2026-08-12 13:20:12,938 | ERROR | Error getting candle data for MCLEODRUSS-EQ: Couldn't parse the JSON response received from the server: b'Access denied because of exceeding access rate'
2026-08-12 13:20:23,809 | INFO | OPENED SELL on GREAVESCOT-EQ | LTP: 193.83 | Prob: 90.0%
2026-08-12 13:20:28,026 | ERROR | Error getting candle data for SWSOLAR-EQ: Couldn't parse the JSON response received from the server: b'Access denied because of exceeding access rate'
2026-08-12 13:20:32,116 | ERROR | Error getting candle data for AMBUJACEM-EQ: Couldn't parse the JSON response received from the server: b'Access denied because of exceeding access rate'
2026-08-12 13:20:36,184 | ERROR | Error getting candle data for NPBET-EQ: Couldn't parse the JSON response received from the server: b'Access denied because of exceeding access rate'
2026-08-12 13:20:40,264 | ERROR | Error getting candle data for EKC-EQ: Couldn't parse the JSON response received from the server: b'Access denied because of exceeding access rate'
2026-08-12 13:20:44,273 | ERROR | Error getting candle data for GSEC10IETF-EQ: Couldn't parse the JSON response received from the server: b'Access denied because of exceeding access rate'
2026-08-12 13:20:55,562 | ERROR | Error getting candle data for COMMOIETF-EQ: Couldn't parse the JSON response received from the server: b'Access denied because of exceeding access rate'
2026-08-12 13:21:01,168 | ERROR | Error getting candle data for KEC-EQ: Couldn't parse the JSON response received from the server: b'Access denied because of exceeding access rate'
2026-08-12 13:21:06,597 | ERROR | Error getting candle data for MALUPAPER-EQ: Couldn't parse the JSON response received from the server: b'Access denied because of exceeding access rate'
2026-08-12 13:21:12,657 | ERROR | Error getting candle data for EMAMILTD-EQ: Couldn't parse the JSON response received from the server: b'Access denied because of exceeding access rate'
2026-08-12 13:21:19,421 | ERROR | Error getting candle data for AERONEU-EQ: Couldn't parse the JSON response received from the server: b'Access denied because of exceeding access rate'
2026-08-12 13:21:26,438 | ERROR | Error getting candle data for KUANTUM-EQ: Couldn't parse the JSON response received from the server: b'Access denied because of exceeding access rate'
2026-08-12 13:21:29,358 | ERROR | Error getting candle data for CREST-EQ: Couldn't parse the JSON response received from the server: b'Access denied because of exceeding access rate'
2026-08-12 13:21:32,943 | ERROR | Error getting candle data for IGPL-EQ: Couldn't parse the JSON response received from the server: b'Access denied because of exceeding access rate'
2026-08-12 13:21:59,673 | INFO | Fetched 2486 NSE stocks
2026-08-12 13:22:07,013 | ERROR | Error getting candle data for NIFTYBETA-EQ: Couldn't parse the JSON response received from the server: b'Access denied because of exceeding access rate'
2026-08-12 13:22:07,063 | INFO | OPENED SELL on NIFTYBETA-EQ | LTP: 270.03 | Prob: 90.0%
2026-08-12 13:22:19,575 | ERROR | Error getting candle data for PETRONET-EQ: Couldn't parse the JSON response received from the server: b'Access denied because of exceeding access rate'
2026-08-12 13:22:37,856 | ERROR | Error getting candle data for AMBUJACEM-EQ: Couldn't parse the JSON response received from the server: b'Access denied because of exceeding access rate'
2026-08-12 13:22:42,341 | ERROR | Error getting candle data for EKC-EQ: Couldn't parse the JSON response received from the server: b'Access denied because of exceeding access rate'
2026-08-12 13:22:56,467 | INFO | OPENED SELL on KEC-EQ | LTP: 444.95 | Prob: 90.0%
2026-08-12 13:23:05,032 | ERROR | Error getting candle data for EMAMILTD-EQ: Couldn't parse the JSON response received from the server: b'Access denied because of exceeding access rate'
2026-08-12 13:23:08,461 | ERROR | Error getting candle data for BANKADD-EQ: Couldn't parse the JSON response received from the server: b'Access denied because of exceeding access rate'
2026-08-12 13:23:10,933 | ERROR | Error getting candle data for AERONEU-EQ: Couldn't parse the JSON response received from the server: b'Access denied because of exceeding access rate'
2026-08-12 13:23:50,376 | INFO | Fetched 2486 NSE stocks
2026-08-12 13:23:53,486 | ERROR | Error getting candle data for FINPIPE-EQ: Couldn't parse the JSON response received from the server: b'Access denied because of exceeding access rate'
2026-08-12 13:23:53,529 | INFO | OPENED BUY on FINPIPE-EQ | LTP: 161.62 | Prob: 80.0%
2026-08-12 13:23:55,759 | ERROR | Error getting candle data for NIFTYBETA-EQ: Couldn't parse the JSON response received from the server: b'Access denied because of exceeding access rate'
2026-08-12 13:23:58,508 | ERROR | Error getting candle data for KRBL-EQ: Couldn't parse the JSON response received from the server: b'Access denied because of exceeding access rate'
2026-08-12 13:24:04,390 | ERROR | Error getting candle data for INDORAMA-EQ: Couldn't parse the JSON response received from the server: b'Access denied because of exceeding access rate'
2026-08-12 13:24:16,054 | ERROR | Error getting candle data for ESG-EQ: Couldn't parse the JSON response received from the server: b'Access denied because of exceeding access rate'
2026-08-12 13:24:33,965 | ERROR | Error getting candle data for ENIL-EQ: Couldn't parse the JSON response received from the server: b'Access denied because of exceeding access rate'
2026-08-12 13:24:33,991 | INFO | OPENED SELL on ENIL-EQ | LTP: 101.56 | Prob: 94.0%
2026-08-12 13:24:39,374 | INFO | OPENED BUY on KEC-EQ | LTP: 444.4 | Prob: 78.0%
2026-08-12 13:24:48,187 | ERROR | Error getting candle data for BANKADD-EQ: Couldn't parse the JSON response received from the server: b'Access denied because of exceeding access rate'
2026-08-12 13:24:50,423 | ERROR | Error getting candle data for AERONEU-EQ: Couldn't parse the JSON response received from the server: b'Access denied because of exceeding access rate'
2026-08-12 13:24:53,378 | ERROR | Error getting candle data for GREENPANEL-EQ: Couldn't parse the JSON response received from the server: b'Access denied because of exceeding access rate'
2026-08-12 13:24:57,829 | ERROR | Error getting candle data for CREST-EQ: Couldn't parse the JSON response received from the server: b'Access denied because of exceeding access rate'
2026-08-12 13:25:00,887 | ERROR | Error getting candle data for IGPL-EQ: Couldn't parse the JSON response received from the server: b'Access denied because of exceeding access rate'
2026-08-12 13:25:31,880 | INFO | Fetched 2486 NSE stocks
2026-08-12 13:25:34,780 | ERROR | Error getting candle data for FINPIPE-EQ: Couldn't parse the JSON response received from the server: b'Access denied because of exceeding access rate'
2026-08-12 13:25:39,779 | ERROR | Error getting candle data for KRBL-EQ: Couldn't parse the JSON response received from the server: b'Access denied because of exceeding access rate'
2026-08-12 13:25:39,810 | INFO | OPENED BUY on KRBL-EQ | LTP: 368.4 | Prob: 79.0%
2026-08-12 13:25:43,311 | ERROR | Error getting candle data for SPORTKING-EQ: Couldn't parse the JSON response received from the server: b'Access denied because of exceeding access rate'
2026-08-12 13:25:46,896 | INFO | OPENED SELL on INDORAMA-EQ | LTP: 59.12 | Prob: 96.0%
2026-08-12 13:25:49,137 | ERROR | Error getting candle data for PETRONET-EQ: Couldn't parse the JSON response received from the server: b'Access denied because of exceeding access rate'
2026-08-12 13:26:01,535 | ERROR | Error getting candle data for GREAVESCOT-EQ: Couldn't parse the JSON response received from the server: b'Access denied because of exceeding access rate'
2026-08-12 13:26:06,011 | ERROR | Error getting candle data for AMBUJACEM-EQ: Couldn't parse the JSON response received from the server: b'Access denied because of exceeding access rate'
2026-08-12 13:26:06,041 | INFO | OPENED BUY on AMBUJACEM-EQ | LTP: 420.1 | Prob: 80.0%
2026-08-12 13:26:25,403 | ERROR | Error getting candle data for MALUPAPER-EQ: Couldn't parse the JSON response received from the server: b'Access denied because of exceeding access rate'
2026-08-12 13:26:28,283 | ERROR | Error getting candle data for EMAMILTD-EQ: Couldn't parse the JSON response received from the server: b'Access denied because of exceeding access rate'
2026-08-12 13:26:33,282 | ERROR | Error getting candle data for AERONEU-EQ: Couldn't parse the JSON response received from the server: b'Access denied because of exceeding access rate'
2026-08-12 13:26:38,827 | ERROR | Error getting candle data for KUANTUM-EQ: Couldn't parse the JSON response received from the server: b'Access denied because of exceeding access rate'
2026-08-12 13:26:41,139 | ERROR | Error getting candle data for CREST-EQ: Couldn't parse the JSON response received from the server: b'Access denied because of exceeding access rate'
2026-08-12 13:26:44,050 | ERROR | Error getting candle data for IGPL-EQ: Couldn't parse the JSON response received from the server: b'Access denied because of exceeding access rate'
2026-08-12 13:27:16,303 | INFO | Fetched 2486 NSE stocks
2026-08-12 13:27:19,242 | ERROR | Error getting candle data for FINPIPE-EQ: Couldn't parse the JSON response received from the server: b'Access denied because of exceeding access rate'
2026-08-12 13:27:30,822 | ERROR | Error getting candle data for KRBL-EQ: Couldn't parse the JSON response received from the server: b'Access denied because of exceeding access rate'
2026-08-12 13:27:33,563 | ERROR | Error getting candle data for SPORTKING-EQ: Couldn't parse the JSON response received from the server: b'Access denied because of exceeding access rate'
2026-08-12 13:27:38,434 | INFO | OPENED BUY on PETRONET-EQ | LTP: 279.5 | Prob: 80.0%
2026-08-12 13:27:47,603 | ERROR | Error getting candle data for ESG-EQ: Couldn't parse the JSON response received from the server: b'Access denied because of exceeding access rate'
2026-08-12 13:27:50,491 | ERROR | Error getting candle data for GREAVESCOT-EQ: Couldn't parse the JSON response received from the server: b'Access denied because of exceeding access rate'
2026-08-12 13:27:50,537 | INFO | OPENED BUY on GREAVESCOT-EQ | LTP: 193.74 | Prob: 81.0%
2026-08-12 13:28:01,485 | ERROR | Error getting candle data for GSEC10IETF-EQ: Couldn't parse the JSON response received from the server: b'Access denied because of exceeding access rate'
2026-08-12 13:28:23,175 | INFO | OPENED BUY on GREENPANEL-EQ | LTP: 178.82 | Prob: 84.0%
2026-08-12 13:28:25,278 | ERROR | Error getting candle data for KUANTUM-EQ: Couldn't parse the JSON response received from the server: b'Access denied because of exceeding access rate'
2026-08-12 13:28:27,377 | ERROR | Error getting candle data for CREST-EQ: Couldn't parse the JSON response received from the server: b'Access denied because of exceeding access rate'
2026-08-12 13:28:30,209 | ERROR | Error getting candle data for IGPL-EQ: Couldn't parse the JSON response received from the server: b'Access denied because of exceeding access rate'
2026-08-12 13:29:02,285 | INFO | Fetched 2486 NSE stocks
2026-08-12 13:29:05,051 | INFO | OPENED SELL on FINPIPE-EQ | LTP: 161.7 | Prob: 90.0%
2026-08-12 13:29:07,716 | INFO | OPENED BUY on NIFTYBETA-EQ | LTP: 269.68 | Prob: 81.0%
2026-08-12 13:29:18,752 | INFO | OPENED SELL on PETRONET-EQ | LTP: 279.65 | Prob: 90.0%
2026-08-12 13:29:30,560 | ERROR | Error getting candle data for GREAVESCOT-EQ: Couldn't parse the JSON response received from the server: b'Access denied because of exceeding access rate'
2026-08-12 13:29:39,225 | ERROR | Error getting candle data for EKC-EQ: Couldn't parse the JSON response received from the server: b'Access denied because of exceeding access rate'
2026-08-12 13:29:41,437 | ERROR | Error getting candle data for GSEC10IETF-EQ: Couldn't parse the JSON response received from the server: b'Access denied because of exceeding access rate'
2026-08-12 13:29:49,697 | ERROR | Error getting candle data for KEC-EQ: Couldn't parse the JSON response received from the server: b'Access denied because of exceeding access rate'
2026-08-12 13:29:55,299 | ERROR | Error getting candle data for EMAMILTD-EQ: Couldn't parse the JSON response received from the server: b'Access denied because of exceeding access rate'
2026-08-12 13:30:00,187 | ERROR | Error getting candle data for AERONEU-EQ: Couldn't parse the JSON response received from the server: b'Access denied because of exceeding access rate'
2026-08-12 13:30:02,818 | ERROR | Error getting candle data for GREENPANEL-EQ: Couldn't parse the JSON response received from the server: b'Access denied because of exceeding access rate'
2026-08-12 13:30:04,943 | ERROR | Error getting candle data for KUANTUM-EQ: Couldn't parse the JSON response received from the server: b'Access denied because of exceeding access rate'
2026-08-12 13:30:07,070 | ERROR | Error getting candle data for CREST-EQ: Couldn't parse the JSON response received from the server: b'Access denied because of exceeding access rate'
2026-08-12 13:30:35,767 | INFO | Fetched 2486 NSE stocks
2026-08-12 13:30:38,493 | ERROR | Error getting candle data for FINPIPE-EQ: Couldn't parse the JSON response received from the server: b'Access denied because of exceeding access rate'
2026-08-12 13:30:43,531 | ERROR | Error getting candle data for KRBL-EQ: Couldn't parse the JSON response received from the server: b'Access denied because of exceeding access rate'
2026-08-12 13:30:46,404 | ERROR | Error getting candle data for SPORTKING-EQ: Couldn't parse the JSON response received from the server: b'Access denied because of exceeding access rate'
2026-08-12 13:30:49,311 | ERROR | Error getting candle data for INDORAMA-EQ: Couldn't parse the JSON response received from the server: b'Access denied because of exceeding access rate'
2026-08-12 13:30:51,373 | ERROR | Error getting candle data for PETRONET-EQ: Couldn't parse the JSON response received from the server: b'Access denied because of exceeding access rate'
2026-08-12 13:30:57,484 | ERROR | Error getting candle data for MCLEODRUSS-EQ: Couldn't parse the JSON response received from the server: b'Access denied because of exceeding access rate'
2026-08-12 13:31:00,464 | ERROR | Error getting candle data for ESG-EQ: Couldn't parse the JSON response received from the server: b'Access denied because of exceeding access rate'
2026-08-12 13:31:03,487 | ERROR | Error getting candle data for GREAVESCOT-EQ: Couldn't parse the JSON response received from the server: b'Access denied because of exceeding access rate'
2026-08-12 13:31:12,833 | ERROR | Error getting candle data for EKC-EQ: Couldn't parse the JSON response received from the server: b'Access denied because of exceeding access rate'
2026-08-12 13:31:20,583 | ERROR | Error getting candle data for COMMOIETF-EQ: Couldn't parse the JSON response received from the server: b'Access denied because of exceeding access rate'
2026-08-12 13:31:26,167 | ERROR | Error getting candle data for MALUPAPER-EQ: Couldn't parse the JSON response received from the server: b'Access denied because of exceeding access rate'
2026-08-12 13:31:33,889 | ERROR | Error getting candle data for AERONEU-EQ: Couldn't parse the JSON response received from the server: b'Access denied because of exceeding access rate'
2026-08-12 13:31:38,804 | ERROR | Error getting candle data for KUANTUM-EQ: Couldn't parse the JSON response received from the server: b'Access denied because of exceeding access rate'
2026-08-12 13:32:11,856 | INFO | Fetched 2486 NSE stocks
2026-08-12 13:32:24,988 | ERROR | Error getting candle data for INDORAMA-EQ: Couldn't parse the JSON response received from the server: b'Access denied because of exceeding access rate'
2026-08-12 13:32:33,247 | ERROR | Error getting candle data for MCLEODRUSS-EQ: Couldn't parse the JSON response received from the server: b'Access denied because of exceeding access rate'
2026-08-12 13:32:38,856 | INFO | OPENED SELL on GREAVESCOT-EQ | LTP: 193.84 | Prob: 90.0%
2026-08-12 13:32:40,974 | ERROR | Error getting candle data for SWSOLAR-EQ: Couldn't parse the JSON response received from the server: b'Access denied because of exceeding access rate'
2026-08-12 13:32:43,149 | ERROR | Error getting candle data for AMBUJACEM-EQ: Couldn't parse the JSON response received from the server: b'Access denied because of exceeding access rate'
2026-08-12 13:32:43,192 | INFO | OPENED SELL on AMBUJACEM-EQ | LTP: 420.5 | Prob: 90.0%
2026-08-12 13:32:45,293 | ERROR | Error getting candle data for NPBET-EQ: Couldn't parse the JSON response received from the server: b'Access denied because of exceeding access rate'
2026-08-12 13:32:53,108 | ERROR | Error getting candle data for ENIL-EQ: Couldn't parse the JSON response received from the server: b'Access denied because of exceeding access rate'
2026-08-12 13:33:01,580 | ERROR | Error getting candle data for MALUPAPER-EQ: Couldn't parse the JSON response received from the server: b'Access denied because of exceeding access rate'
2026-08-12 13:33:14,587 | ERROR | Error getting candle data for KUANTUM-EQ: Couldn't parse the JSON response received from the server: b'Access denied because of exceeding access rate'
2026-08-12 13:33:37,161 | INFO | Fetched 2486 NSE stocks
2026-08-12 13:34:08,772 | ERROR | Error getting candle data for AMBUJACEM-EQ: Couldn't parse the JSON response received from the server: b'Access denied because of exceeding access rate'
2026-08-12 13:34:08,817 | INFO | OPENED BUY on AMBUJACEM-EQ | LTP: 420.2 | Prob: 80.0%
2026-08-12 13:34:13,079 | ERROR | Error getting candle data for EKC-EQ: Couldn't parse the JSON response received from the server: b'Access denied because of exceeding access rate'
2026-08-12 13:34:13,128 | INFO | CLOSED SELL on EKC-EQ | Entry: 112.52 | Exit: 112.52 | PnL: 0.0
2026-08-12 13:34:20,931 | INFO | CLOSED SELL on COMMOIETF-EQ | Entry: 100.55 | Exit: 100.57 | PnL: -0.01999999999999602
2026-08-12 13:34:24,283 | ERROR | Error getting candle data for KEC-EQ: Couldn't parse the JSON response received from the server: b'Access denied because of exceeding access rate'
2026-08-12 13:34:29,812 | ERROR | Error getting candle data for EMAMILTD-EQ: Couldn't parse the JSON response received from the server: b'Access denied because of exceeding access rate'
2026-08-12 13:34:32,575 | ERROR | Error getting candle data for BANKADD-EQ: Couldn't parse the JSON response received from the server: b'Access denied because of exceeding access rate'
2026-08-12 13:34:37,413 | ERROR | Error getting candle data for GREENPANEL-EQ: Couldn't parse the JSON response received from the server: b'Access denied because of exceeding access rate'
2026-08-12 13:34:39,462 | ERROR | Error getting candle data for KUANTUM-EQ: Couldn't parse the JSON response received from the server: b'Access denied because of exceeding access rate'
2026-08-12 13:34:39,511 | INFO | CLOSED SELL on KUANTUM-EQ | Entry: 85.2 | Exit: 84.5 | PnL: 0.7000000000000028
2026-08-12 13:34:44,334 | ERROR | Error getting candle data for IGPL-EQ: Couldn't parse the JSON response received from the server: b'Access denied because of exceeding access rate'
2026-08-12 13:35:09,364 | INFO | Fetched 2486 NSE stocks
2026-08-12 13:35:14,199 | ERROR | Error getting candle data for NIFTYBETA-EQ: Couldn't parse the JSON response received from the server: b'Access denied because of exceeding access rate'
2026-08-12 13:35:14,235 | INFO | OPENED SELL on NIFTYBETA-EQ | LTP: 269.92 | Prob: 90.0%
2026-08-12 13:35:17,186 | INFO | OPENED SELL on KRBL-EQ | LTP: 369.0 | Prob: 90.0%
2026-08-12 13:35:24,730 | ERROR | Error getting candle data for PETRONET-EQ: Couldn't parse the JSON response received from the server: b'Access denied because of exceeding access rate'
2026-08-12 13:35:30,844 | ERROR | Error getting candle data for MCLEODRUSS-EQ: Couldn't parse the JSON response received from the server: b'Access denied because of exceeding access rate'
2026-08-12 13:35:33,697 | ERROR | Error getting candle data for ESG-EQ: Couldn't parse the JSON response received from the server: b'Access denied because of exceeding access rate'
2026-08-12 13:35:45,826 | ERROR | Error getting candle data for EKC-EQ: Couldn't parse the JSON response received from the server: b'Access denied because of exceeding access rate'
2026-08-12 13:35:51,373 | ERROR | Error getting candle data for ENIL-EQ: Couldn't parse the JSON response received from the server: b'Access denied because of exceeding access rate'
2026-08-12 13:35:53,474 | ERROR | Error getting candle data for COMMOIETF-EQ: Couldn't parse the JSON response received from the server: b'Access denied because of exceeding access rate'
2026-08-12 13:35:59,089 | ERROR | Error getting candle data for MALUPAPER-EQ: Couldn't parse the JSON response received from the server: b'Access denied because of exceeding access rate'
2026-08-12 13:36:04,824 | ERROR | Error getting candle data for BANKADD-EQ: Couldn't parse the JSON response received from the server: b'Access denied because of exceeding access rate'
2026-08-12 13:36:09,857 | ERROR | Error getting candle data for GREENPANEL-EQ: Couldn't parse the JSON response received from the server: b'Access denied because of exceeding access rate'
2026-08-12 13:36:12,053 | INFO | OPENED SELL on KUANTUM-EQ | LTP: 85.0 | Prob: 93.0%
2026-08-12 13:36:14,260 | ERROR | Error getting candle data for CREST-EQ: Couldn't parse the JSON response received from the server: b'Access denied because of exceeding access rate'
2026-08-12 13:36:34,514 | INFO | Fetched 2486 NSE stocks
2026-08-12 13:36:37,241 | ERROR | Error getting candle data for FINPIPE-EQ: Couldn't parse the JSON response received from the server: b'Access denied because of exceeding access rate'
2026-08-12 13:36:37,286 | INFO | OPENED BUY on FINPIPE-EQ | LTP: 161.62 | Prob: 80.0%
2026-08-12 13:36:47,787 | ERROR | Error getting candle data for INDORAMA-EQ: Couldn't parse the JSON response received from the server: b'Access denied because of exceeding access rate'
2026-08-12 13:36:49,867 | ERROR | Error getting candle data for PETRONET-EQ: Couldn't parse the JSON response received from the server: b'Access denied because of exceeding access rate'
2026-08-12 13:36:56,126 | ERROR | Error getting candle data for MCLEODRUSS-EQ: Couldn't parse the JSON response received from the server: b'Access denied because of exceeding access rate'
2026-08-12 13:36:58,879 | ERROR | Error getting candle data for ESG-EQ: Couldn't parse the JSON response received from the server: b'Access denied because of exceeding access rate'
2026-08-12 13:37:01,686 | ERROR | Error getting candle data for GREAVESCOT-EQ: Couldn't parse the JSON response received from the server: b'Access denied because of exceeding access rate'
2026-08-12 13:37:01,739 | INFO | OPENED BUY on GREAVESCOT-EQ | LTP: 193.57 | Prob: 80.0%
2026-08-12 13:37:06,057 | INFO | OPENED SELL on AMBUJACEM-EQ | LTP: 420.4 | Prob: 91.0%
2026-08-12 13:37:24,113 | ERROR | Error getting candle data for MALUPAPER-EQ: Couldn't parse the JSON response received from the server: b'Access denied because of exceeding access rate'
2026-08-12 13:37:26,903 | ERROR | Error getting candle data for EMAMILTD-EQ: Couldn't parse the JSON response received from the server: b'Access denied because of exceeding access rate'
2026-08-12 13:37:29,639 | ERROR | Error getting candle data for BANKADD-EQ: Couldn't parse the JSON response received from the server: b'Access denied because of exceeding access rate'
2026-08-12 13:37:34,480 | ERROR | Error getting candle data for GREENPANEL-EQ: Couldn't parse the JSON response received from the server: b'Access denied because of exceeding access rate'
2026-08-12 13:37:36,649 | ERROR | Error getting candle data for KUANTUM-EQ: Couldn't parse the JSON response received from the server: b'Access denied because of exceeding access rate'
2026-08-12 13:37:36,689 | INFO | CLOSED SELL on KUANTUM-EQ | Entry: 85.0 | Exit: 84.26 | PnL: 0.7399999999999949
2026-08-12 13:37:43,394 | ERROR | Error getting candle data for IGPL-EQ: Couldn't parse the JSON response received from the server: b'Access denied because of exceeding access rate'
2026-08-12 13:37:43,437 | INFO | OPENED BUY on IGPL-EQ | LTP: 462.0 | Prob: 80.0%
2026-08-12 13:37:59,698 | INFO | Fetched 2486 NSE stocks
2026-08-12 13:38:15,526 | ERROR | Error getting candle data for PETRONET-EQ: Couldn't parse the JSON response received from the server: b'Access denied because of exceeding access rate'
2026-08-12 13:38:21,878 | ERROR | Error getting candle data for MCLEODRUSS-EQ: Couldn't parse the JSON response received from the server: b'Access denied because of exceeding access rate'
2026-08-12 13:38:31,926 | ERROR | Error getting candle data for AMBUJACEM-EQ: Couldn't parse the JSON response received from the server: b'Access denied because of exceeding access rate'
2026-08-12 13:38:31,957 | INFO | OPENED BUY on AMBUJACEM-EQ | LTP: 420.05 | Prob: 81.0%
2026-08-12 13:38:34,080 | ERROR | Error getting candle data for NPBET-EQ: Couldn't parse the JSON response received from the server: b'Access denied because of exceeding access rate'
2026-08-12 13:38:44,019 | ERROR | Error getting candle data for COMMOIETF-EQ: Couldn't parse the JSON response received from the server: b'Access denied because of exceeding access rate'
2026-08-12 13:38:52,399 | ERROR | Error getting candle data for EMAMILTD-EQ: Couldn't parse the JSON response received from the server: b'Access denied because of exceeding access rate'
2026-08-12 13:38:55,281 | ERROR | Error getting candle data for BANKADD-EQ: Couldn't parse the JSON response received from the server: b'Access denied because of exceeding access rate'
2026-08-12 13:38:55,324 | INFO | OPENED SELL on BANKADD-EQ | LTP: 59.01 | Prob: 97.0%
2026-08-12 13:38:57,439 | ERROR | Error getting candle data for AERONEU-EQ: Couldn't parse the JSON response received from the server: b'Access denied because of exceeding access rate'
2026-08-12 13:39:02,422 | ERROR | Error getting candle data for KUANTUM-EQ: Couldn't parse the JSON response received from the server: b'Access denied because of exceeding access rate'
2026-08-12 13:39:08,349 | ERROR | Error getting candle data for IGPL-EQ: Couldn't parse the JSON response received from the server: b'Access denied because of exceeding access rate'
2026-08-12 13:39:25,221 | INFO | Fetched 2486 NSE stocks
2026-08-12 13:39:32,917 | ERROR | Error getting candle data for KRBL-EQ: Couldn't parse the JSON response received from the server: b'Access denied because of exceeding access rate'
2026-08-12 13:39:32,976 | INFO | OPENED BUY on KRBL-EQ | LTP: 368.15 | Prob: 80.0%
2026-08-12 13:39:35,920 | ERROR | Error getting candle data for SPORTKING-EQ: Couldn't parse the JSON response received from the server: b'Access denied because of exceeding access rate'
2026-08-12 13:39:38,651 | ERROR | Error getting candle data for INDORAMA-EQ: Couldn't parse the JSON response received from the server: b'Access denied because of exceeding access rate'
2026-08-12 13:39:53,056 | ERROR | Error getting candle data for GREAVESCOT-EQ: Couldn't parse the JSON response received from the server: b'Access denied because of exceeding access rate'
2026-08-12 13:39:55,065 | ERROR | Error getting candle data for SWSOLAR-EQ: Couldn't parse the JSON response received from the server: b'Access denied because of exceeding access rate'
2026-08-12 13:39:57,166 | ERROR | Error getting candle data for AMBUJACEM-EQ: Couldn't parse the JSON response received from the server: b'Access denied because of exceeding access rate'
2026-08-12 13:40:07,075 | ERROR | Error getting candle data for ENIL-EQ: Couldn't parse the JSON response received from the server: b'Access denied because of exceeding access rate'
2026-08-12 13:40:16,342 | ERROR | Error getting candle data for MALUPAPER-EQ: Couldn't parse the JSON response received from the server: b'Access denied because of exceeding access rate'
2026-08-12 13:40:19,151 | ERROR | Error getting candle data for EMAMILTD-EQ: Couldn't parse the JSON response received from the server: b'Access denied because of exceeding access rate'
2026-08-12 13:40:22,177 | ERROR | Error getting candle data for BANKADD-EQ: Couldn't parse the JSON response received from the server: b'Access denied because of exceeding access rate'
2026-08-12 13:40:24,650 | ERROR | Error getting candle data for AERONEU-EQ: Couldn't parse the JSON response received from the server: b'Access denied because of exceeding access rate'
2026-08-12 13:40:27,715 | ERROR | Error getting candle data for GREENPANEL-EQ: Couldn't parse the JSON response received from the server: b'Access denied because of exceeding access rate'
2026-08-12 13:40:29,952 | ERROR | Error getting candle data for KUANTUM-EQ: Couldn't parse the JSON response received from the server: b'Access denied because of exceeding access rate'
2026-08-12 13:40:29,994 | INFO | OPENED SELL on KUANTUM-EQ | LTP: 85.0 | Prob: 93.0%
2026-08-12 13:40:32,125 | ERROR | Error getting candle data for CREST-EQ: Couldn't parse the JSON response received from the server: b'Access denied because of exceeding access rate'
2026-08-12 13:40:53,442 | INFO | Fetched 2486 NSE stocks
2026-08-12 13:40:56,165 | ERROR | Error getting candle data for FINPIPE-EQ: Couldn't parse the JSON response received from the server: b'Access denied because of exceeding access rate'
2026-08-12 13:40:56,191 | INFO | OPENED SELL on FINPIPE-EQ | LTP: 161.68 | Prob: 90.0%
2026-08-12 13:41:05,692 | ERROR | Error getting candle data for NIFTYBETA-EQ: Couldn't parse the JSON response received from the server: b'Access denied because of exceeding access rate'
2026-08-12 13:41:14,506 | ERROR | Error getting candle data for INDORAMA-EQ: Couldn't parse the JSON response received from the server: b'Access denied because of exceeding access rate'
2026-08-12 13:41:14,547 | INFO | CLOSED SELL on INDORAMA-EQ | Entry: 59.12 | Exit: 58.5 | PnL: 0.6199999999999974
2026-08-12 13:41:25,600 | ERROR | Error getting candle data for ESG-EQ: Couldn't parse the JSON response received from the server: b'Access denied because of exceeding access rate'
2026-08-12 13:41:33,096 | ERROR | Error getting candle data for AMBUJACEM-EQ: Couldn't parse the JSON response received from the server: b'Access denied because of exceeding access rate'
2026-08-12 13:41:35,263 | ERROR | Error getting candle data for NPBET-EQ: Couldn't parse the JSON response received from the server: b'Access denied because of exceeding access rate'
2026-08-12 13:41:37,395 | ERROR | Error getting candle data for EKC-EQ: Couldn't parse the JSON response received from the server: b'Access denied because of exceeding access rate'
2026-08-12 13:41:39,701 | ERROR | Error getting candle data for GSEC10IETF-EQ: Couldn't parse the JSON response received from the server: b'Access denied because of exceeding access rate'
2026-08-12 13:41:51,729 | ERROR | Error getting candle data for MALUPAPER-EQ: Couldn't parse the JSON response received from the server: b'Access denied because of exceeding access rate'
2026-08-12 13:41:54,598 | INFO | OPENED SELL on EMAMILTD-EQ | LTP: 397.6 | Prob: 90.0%
2026-08-12 13:42:26,527 | INFO | Fetched 2486 NSE stocks
2026-08-12 13:42:29,462 | ERROR | Error getting candle data for FINPIPE-EQ: Couldn't parse the JSON response received from the server: b'Access denied because of exceeding access rate'
2026-08-12 13:42:34,606 | ERROR | Error getting candle data for KRBL-EQ: Couldn't parse the JSON response received from the server: b'Access denied because of exceeding access rate'
2026-08-12 13:42:40,435 | ERROR | Error getting candle data for INDORAMA-EQ: Couldn't parse the JSON response received from the server: b'Access denied because of exceeding access rate'
2026-08-12 13:42:42,529 | ERROR | Error getting candle data for PETRONET-EQ: Couldn't parse the JSON response received from the server: b'Access denied because of exceeding access rate'
2026-08-12 13:42:59,237 | ERROR | Error getting candle data for AMBUJACEM-EQ: Couldn't parse the JSON response received from the server: b'Access denied because of exceeding access rate'
2026-08-12 13:43:03,554 | ERROR | Error getting candle data for EKC-EQ: Couldn't parse the JSON response received from the server: b'Access denied because of exceeding access rate'
2026-08-12 13:43:14,660 | ERROR | Error getting candle data for KEC-EQ: Couldn't parse the JSON response received from the server: b'Access denied because of exceeding access rate'
2026-08-12 13:43:17,379 | ERROR | Error getting candle data for MALUPAPER-EQ: Couldn't parse the JSON response received from the server: b'Access denied because of exceeding access rate'
2026-08-12 13:43:20,188 | INFO | OPENED BUY on EMAMILTD-EQ | LTP: 397.45 | Prob: 80.0%
2026-08-12 13:43:30,097 | ERROR | Error getting candle data for KUANTUM-EQ: Couldn't parse the JSON response received from the server: b'Access denied because of exceeding access rate'
2026-08-12 13:43:32,481 | ERROR | Error getting candle data for CREST-EQ: Couldn't parse the JSON response received from the server: b'Access denied because of exceeding access rate'
2026-08-12 13:43:35,980 | INFO | OPENED SELL on IGPL-EQ | LTP: 463.1 | Prob: 90.0%
2026-08-12 13:43:53,996 | INFO | Fetched 2486 NSE stocks
2026-08-12 13:44:02,172 | ERROR | Error getting candle data for KRBL-EQ: Couldn't parse the JSON response received from the server: b'Access denied because of exceeding access rate'
2026-08-12 13:44:19,964 | ERROR | Error getting candle data for ESG-EQ: Couldn't parse the JSON response received from the server: b'Access denied because of exceeding access rate'
2026-08-12 13:44:25,850 | ERROR | Error getting candle data for SWSOLAR-EQ: Couldn't parse the JSON response received from the server: b'Access denied because of exceeding access rate'
2026-08-12 13:44:25,894 | INFO | OPENED BUY on SWSOLAR-EQ | LTP: 202.45 | Prob: 81.0%
2026-08-12 13:44:32,761 | ERROR | Error getting candle data for NPBET-EQ: Couldn't parse the JSON response received from the server: b'Access denied because of exceeding access rate'
2026-08-12 13:44:42,422 | INFO | CLOSED SELL on ENIL-EQ | Entry: 101.56 | Exit: 101.3 | PnL: 0.2600000000000051
2026-08-12 13:44:45,133 | INFO | OPENED SELL on COMMOIETF-EQ | LTP: 100.58 | Prob: 92.0%
2026-08-12 13:44:52,355 | ERROR | Error getting candle data for MALUPAPER-EQ: Couldn't parse the JSON response received from the server: b'Access denied because of exceeding access rate'
2026-08-12 13:45:00,945 | ERROR | Error getting candle data for BANKADD-EQ: Couldn't parse the JSON response received from the server: b'Access denied because of exceeding access rate'
2026-08-12 13:45:10,599 | ERROR | Error getting candle data for KUANTUM-EQ: Couldn't parse the JSON response received from the server: b'Access denied because of exceeding access rate'
2026-08-12 13:45:13,468 | ERROR | Error getting candle data for CREST-EQ: Couldn't parse the JSON response received from the server: b'Access denied because of exceeding access rate'
2026-08-12 13:45:17,320 | INFO | OPENED BUY on IGPL-EQ | LTP: 462.0 | Prob: 80.0%
2026-08-12 13:45:40,809 | INFO | Fetched 2486 NSE stocks
2026-08-12 13:45:44,611 | INFO | OPENED BUY on FINPIPE-EQ | LTP: 161.63 | Prob: 80.0%
2026-08-12 13:45:47,402 | ERROR | Error getting candle data for NIFTYBETA-EQ: Couldn't parse the JSON response received from the server: b'Access denied because of exceeding access rate'
2026-08-12 13:45:51,124 | ERROR | Error getting candle data for KRBL-EQ: Couldn't parse the JSON response received from the server: b'Access denied because of exceeding access rate'
2026-08-12 13:45:54,920 | ERROR | Error getting candle data for SPORTKING-EQ: Couldn't parse the JSON response received from the server: b'Access denied because of exceeding access rate'
2026-08-12 13:46:11,183 | ERROR | Error getting candle data for MCLEODRUSS-EQ: Couldn't parse the JSON response received from the server: b'Access denied because of exceeding access rate'
2026-08-12 13:46:14,834 | ERROR | Error getting candle data for ESG-EQ: Couldn't parse the JSON response received from the server: b'Access denied because of exceeding access rate'
2026-08-12 13:46:14,886 | INFO | OPENED SELL on ESG-EQ | LTP: 41.94 | Prob: 97.0%
2026-08-12 13:46:22,143 | ERROR | Error getting candle data for SWSOLAR-EQ: Couldn't parse the JSON response received from the server: b'Access denied because of exceeding access rate'
2026-08-12 13:46:24,979 | ERROR | Error getting candle data for AMBUJACEM-EQ: Couldn't parse the JSON response received from the server: b'Access denied because of exceeding access rate'
2026-08-12 13:46:30,727 | ERROR | Error getting candle data for EKC-EQ: Couldn't parse the JSON response received from the server: b'Access denied because of exceeding access rate'
2026-08-12 13:46:33,517 | ERROR | Error getting candle data for GSEC10IETF-EQ: Couldn't parse the JSON response received from the server: b'Access denied because of exceeding access rate'
2026-08-12 13:46:38,182 | ERROR | Error getting candle data for ENIL-EQ: Couldn't parse the JSON response received from the server: b'Access denied because of exceeding access rate'
2026-08-12 13:46:41,094 | ERROR | Error getting candle data for COMMOIETF-EQ: Couldn't parse the JSON response received from the server: b'Access denied because of exceeding access rate'
2026-08-12 13:46:44,838 | ERROR | Error getting candle data for KEC-EQ: Couldn't parse the JSON response received from the server: b'Access denied because of exceeding access rate'
2026-08-12 13:46:44,888 | INFO | OPENED SELL on KEC-EQ | LTP: 444.9 | Prob: 90.0%
2026-08-12 13:46:48,679 | ERROR | Error getting candle data for MALUPAPER-EQ: Couldn't parse the JSON response received from the server: b'Access denied because of exceeding access rate'
2026-08-12 13:46:52,458 | ERROR | Error getting candle data for EMAMILTD-EQ: Couldn't parse the JSON response received from the server: b'Access denied because of exceeding access rate'
2026-08-12 13:46:56,177 | ERROR | Error getting candle data for BANKADD-EQ: Couldn't parse the JSON response received from the server: b'Access denied because of exceeding access rate'
2026-08-12 13:46:59,214 | ERROR | Error getting candle data for AERONEU-EQ: Couldn't parse the JSON response received from the server: b'Access denied because of exceeding access rate'
2026-08-12 13:47:05,731 | INFO | CLOSED SELL on KUANTUM-EQ | Entry: 85.0 | Exit: 84.75 | PnL: 0.25
2026-08-12 13:47:26,772 | INFO | Fetched 2486 NSE stocks
2026-08-12 13:47:29,602 | ERROR | Error getting candle data for FINPIPE-EQ: Couldn't parse the JSON response received from the server: b'Access denied because of exceeding access rate'
2026-08-12 13:47:31,842 | ERROR | Error getting candle data for NIFTYBETA-EQ: Couldn't parse the JSON response received from the server: b'Access denied because of exceeding access rate'
2026-08-12 13:47:31,866 | INFO | OPENED BUY on NIFTYBETA-EQ | LTP: 269.68 | Prob: 80.0%
2026-08-12 13:47:34,742 | ERROR | Error getting candle data for KRBL-EQ: Couldn't parse the JSON response received from the server: b'Access denied because of exceeding access rate'
2026-08-12 13:47:37,715 | INFO | OPENED BUY on SPORTKING-EQ | LTP: 205.3 | Prob: 81.0%
2026-08-12 13:47:40,935 | ERROR | Error getting candle data for INDORAMA-EQ: Couldn't parse the JSON response received from the server: b'Access denied because of exceeding access rate'
2026-08-12 13:47:43,208 | ERROR | Error getting candle data for PETRONET-EQ: Couldn't parse the JSON response received from the server: b'Access denied because of exceeding access rate'
2026-08-12 13:47:49,455 | ERROR | Error getting candle data for MCLEODRUSS-EQ: Couldn't parse the JSON response received from the server: b'Access denied because of exceeding access rate'
2026-08-12 13:47:52,237 | ERROR | Error getting candle data for ESG-EQ: Couldn't parse the JSON response received from the server: b'Access denied because of exceeding access rate'
2026-08-12 13:47:55,051 | ERROR | Error getting candle data for GREAVESCOT-EQ: Couldn't parse the JSON response received from the server: b'Access denied because of exceeding access rate'
2026-08-12 13:47:57,207 | ERROR | Error getting candle data for SWSOLAR-EQ: Couldn't parse the JSON response received from the server: b'Access denied because of exceeding access rate'
2026-08-12 13:47:59,348 | ERROR | Error getting candle data for AMBUJACEM-EQ: Couldn't parse the JSON response received from the server: b'Access denied because of exceeding access rate'
2026-08-12 13:48:03,776 | INFO | OPENED SELL on EKC-EQ | LTP: 112.65 | Prob: 84.0%
2026-08-12 13:48:11,759 | ERROR | Error getting candle data for COMMOIETF-EQ: Couldn't parse the JSON response received from the server: b'Access denied because of exceeding access rate'
2026-08-12 13:48:14,645 | ERROR | Error getting candle data for KEC-EQ: Couldn't parse the JSON response received from the server: b'Access denied because of exceeding access rate'
2026-08-12 13:48:20,284 | INFO | OPENED SELL on EMAMILTD-EQ | LTP: 397.6 | Prob: 90.0%
2026-08-12 13:48:28,673 | ERROR | Error getting candle data for AERONEU-EQ: Couldn't parse the JSON response received from the server: b'Access denied because of exceeding access rate'
2026-08-12 13:48:35,849 | ERROR | Error getting candle data for CREST-EQ: Couldn't parse the JSON response received from the server: b'Access denied because of exceeding access rate'
2026-08-12 13:48:38,654 | ERROR | Error getting candle data for IGPL-EQ: Couldn't parse the JSON response received from the server: b'Access denied because of exceeding access rate'
2026-08-12 13:48:55,097 | INFO | Fetched 2486 NSE stocks
2026-08-12 13:48:59,965 | ERROR | Error getting candle data for NIFTYBETA-EQ: Couldn't parse the JSON response received from the server: b'Access denied because of exceeding access rate'
2026-08-12 13:49:02,716 | INFO | OPENED SELL on KRBL-EQ | LTP: 368.8 | Prob: 90.0%
2026-08-12 13:49:16,454 | ERROR | Error getting candle data for MCLEODRUSS-EQ: Couldn't parse the JSON response received from the server: b'Access denied because of exceeding access rate'
2026-08-12 13:49:24,091 | INFO | OPENED SELL on SWSOLAR-EQ | LTP: 202.57 | Prob: 90.0%
2026-08-12 13:49:30,558 | ERROR | Error getting candle data for EKC-EQ: Couldn't parse the JSON response received from the server: b'Access denied because of exceeding access rate'
2026-08-12 13:49:44,111 | ERROR | Error getting candle data for MALUPAPER-EQ: Couldn't parse the JSON response received from the server: b'Access denied because of exceeding access rate'
2026-08-12 13:49:46,875 | ERROR | Error getting candle data for EMAMILTD-EQ: Couldn't parse the JSON response received from the server: b'Access denied because of exceeding access rate'
2026-08-12 13:49:46,918 | INFO | OPENED BUY on EMAMILTD-EQ | LTP: 397.0 | Prob: 80.0%
2026-08-12 13:49:49,640 | ERROR | Error getting candle data for BANKADD-EQ: Couldn't parse the JSON response received from the server: b'Access denied because of exceeding access rate'
2026-08-12 13:49:51,726 | ERROR | Error getting candle data for AERONEU-EQ: Couldn't parse the JSON response received from the server: b'Access denied because of exceeding access rate'
2026-08-12 13:49:54,438 | ERROR | Error getting candle data for GREENPANEL-EQ: Couldn't parse the JSON response received from the server: b'Access denied because of exceeding access rate'
2026-08-12 13:50:17,968 | INFO | Fetched 2486 NSE stocks
2026-08-12 13:50:20,699 | ERROR | Error getting candle data for FINPIPE-EQ: Couldn't parse the JSON response received from the server: b'Access denied because of exceeding access rate'
2026-08-12 13:50:26,609 | ERROR | Error getting candle data for KRBL-EQ: Couldn't parse the JSON response received from the server: b'Access denied because of exceeding access rate'
2026-08-12 13:50:32,846 | ERROR | Error getting candle data for INDORAMA-EQ: Couldn't parse the JSON response received from the server: b'Access denied because of exceeding access rate'
2026-08-12 13:50:35,388 | INFO | OPENED BUY on PETRONET-EQ | LTP: 279.5 | Prob: 80.0%
2026-08-12 13:50:41,454 | ERROR | Error getting candle data for MCLEODRUSS-EQ: Couldn't parse the JSON response received from the server: b'Access denied because of exceeding access rate'
2026-08-12 13:50:47,067 | ERROR | Error getting candle data for GREAVESCOT-EQ: Couldn't parse the JSON response received from the server: b'Access denied because of exceeding access rate'
2026-08-12 13:50:53,568 | ERROR | Error getting candle data for NPBET-EQ: Couldn't parse the JSON response received from the server: b'Access denied because of exceeding access rate'
2026-08-12 13:51:04,730 | ERROR | Error getting candle data for COMMOIETF-EQ: Couldn't parse the JSON response received from the server: b'Access denied because of exceeding access rate'
2026-08-12 13:51:08,244 | ERROR | Error getting candle data for KEC-EQ: Couldn't parse the JSON response received from the server: b'Access denied because of exceeding access rate'
2026-08-12 13:51:17,294 | ERROR | Error getting candle data for BANKADD-EQ: Couldn't parse the JSON response received from the server: b'Access denied because of exceeding access rate'
2026-08-12 13:51:19,665 | ERROR | Error getting candle data for AERONEU-EQ: Couldn't parse the JSON response received from the server: b'Access denied because of exceeding access rate'
2026-08-12 13:51:26,771 | ERROR | Error getting candle data for CREST-EQ: Couldn't parse the JSON response received from the server: b'Access denied because of exceeding access rate'
2026-08-12 13:51:44,656 | INFO | Fetched 2486 NSE stocks
2026-08-12 13:51:50,356 | ERROR | Error getting candle data for NIFTYBETA-EQ: Couldn't parse the JSON response received from the server: b'Access denied because of exceeding access rate'
2026-08-12 13:51:50,403 | INFO | OPENED SELL on NIFTYBETA-EQ | LTP: 269.97 | Prob: 90.0%
2026-08-12 13:51:58,877 | ERROR | Error getting candle data for INDORAMA-EQ: Couldn't parse the JSON response received from the server: b'Access denied because of exceeding access rate'
2026-08-12 13:52:01,051 | ERROR | Error getting candle data for PETRONET-EQ: Couldn't parse the JSON response received from the server: b'Access denied because of exceeding access rate'
2026-08-12 13:52:12,971 | INFO | OPENED SELL on GREAVESCOT-EQ | LTP: 193.77 | Prob: 90.0%
2026-08-12 13:52:15,166 | INFO | OPENED BUY on SWSOLAR-EQ | LTP: 202.4 | Prob: 81.0%
2026-08-12 13:52:32,514 | INFO | OPENED BUY on KEC-EQ | LTP: 444.55 | Prob: 79.0%
2026-08-12 13:52:36,324 | ERROR | Error getting candle data for MALUPAPER-EQ: Couldn't parse the JSON response received from the server: b'Access denied because of exceeding access rate'
2026-08-12 13:52:42,031 | ERROR | Error getting candle data for BANKADD-EQ: Couldn't parse the JSON response received from the server: b'Access denied because of exceeding access rate'
2026-08-12 13:52:47,064 | ERROR | Error getting candle data for GREENPANEL-EQ: Couldn't parse the JSON response received from the server: b'Access denied because of exceeding access rate'
2026-08-12 13:52:49,221 | INFO | OPENED SELL on KUANTUM-EQ | LTP: 85.03 | Prob: 91.0%
2026-08-12 13:52:54,121 | ERROR | Error getting candle data for IGPL-EQ: Couldn't parse the JSON response received from the server: b'Access denied because of exceeding access rate'
2026-08-12 13:52:54,146 | INFO | OPENED SELL on IGPL-EQ | LTP: 463.9 | Prob: 92.0%
2026-08-12 13:53:18,027 | INFO | Fetched 2486 NSE stocks
2026-08-12 13:53:22,750 | ERROR | Error getting candle data for NIFTYBETA-EQ: Couldn't parse the JSON response received from the server: b'Access denied because of exceeding access rate'
2026-08-12 13:53:25,530 | ERROR | Error getting candle data for KRBL-EQ: Couldn't parse the JSON response received from the server: b'Access denied because of exceeding access rate'
2026-08-12 13:53:28,348 | ERROR | Error getting candle data for SPORTKING-EQ: Couldn't parse the JSON response received from the server: b'Access denied because of exceeding access rate'
2026-08-12 13:53:33,312 | ERROR | Error getting candle data for PETRONET-EQ: Couldn't parse the JSON response received from the server: b'Access denied because of exceeding access rate'
2026-08-12 13:53:53,603 | ERROR | Error getting candle data for EKC-EQ: Couldn't parse the JSON response received from the server: b'Access denied because of exceeding access rate'
2026-08-12 13:53:53,645 | INFO | CLOSED SELL on EKC-EQ | Entry: 112.65 | Exit: 112.52 | PnL: 0.13000000000000966
2026-08-12 13:53:55,756 | ERROR | Error getting candle data for GSEC10IETF-EQ: Couldn't parse the JSON response received from the server: b'Access denied because of exceeding access rate'
2026-08-12 13:53:59,220 | ERROR | Error getting candle data for ENIL-EQ: Couldn't parse the JSON response received from the server: b'Access denied because of exceeding access rate'
2026-08-12 13:54:01,234 | ERROR | Error getting candle data for COMMOIETF-EQ: Couldn't parse the JSON response received from the server: b'Access denied because of exceeding access rate'
2026-08-12 13:54:04,048 | ERROR | Error getting candle data for KEC-EQ: Couldn't parse the JSON response received from the server: b'Access denied because of exceeding access rate'
2026-08-12 13:54:04,091 | INFO | OPENED SELL on KEC-EQ | LTP: 444.8 | Prob: 90.0%
2026-08-12 13:54:22,054 | INFO | OPENED SELL on AERONEU-EQ | LTP: 83.89 | Prob: 91.0%
2026-08-12 13:54:27,052 | ERROR | Error getting candle data for KUANTUM-EQ: Couldn't parse the JSON response received from the server: b'Access denied because of exceeding access rate'
2026-08-12 13:54:29,455 | ERROR | Error getting candle data for CREST-EQ: Couldn't parse the JSON response received from the server: b'Access denied because of exceeding access rate'
2026-08-12 13:54:47,744 | INFO | Fetched 2486 NSE stocks
2026-08-12 13:54:50,535 | ERROR | Error getting candle data for FINPIPE-EQ: Couldn't parse the JSON response received from the server: b'Access denied because of exceeding access rate'
2026-08-12 13:54:52,638 | ERROR | Error getting candle data for NIFTYBETA-EQ: Couldn't parse the JSON response received from the server: b'Access denied because of exceeding access rate'
2026-08-12 13:54:58,304 | ERROR | Error getting candle data for SPORTKING-EQ: Couldn't parse the JSON response received from the server: b'Access denied because of exceeding access rate'
2026-08-12 13:55:01,199 | ERROR | Error getting candle data for INDORAMA-EQ: Couldn't parse the JSON response received from the server: b'Access denied because of exceeding access rate'
2026-08-12 13:55:15,556 | ERROR | Error getting candle data for ESG-EQ: Couldn't parse the JSON response received from the server: b'Access denied because of exceeding access rate'
2026-08-12 13:55:18,318 | INFO | OPENED BUY on GREAVESCOT-EQ | LTP: 193.65 | Prob: 81.0%
2026-08-12 13:55:20,596 | INFO | OPENED SELL on SWSOLAR-EQ | LTP: 202.67 | Prob: 90.0%
2026-08-12 13:55:22,796 | ERROR | Error getting candle data for AMBUJACEM-EQ: Couldn't parse the JSON response received from the server: b'Access denied because of exceeding access rate'
2026-08-12 13:55:25,052 | ERROR | Error getting candle data for NPBET-EQ: Couldn't parse the JSON response received from the server: b'Access denied because of exceeding access rate'
2026-08-12 13:55:35,114 | ERROR | Error getting candle data for COMMOIETF-EQ: Couldn't parse the JSON response received from the server: b'Access denied because of exceeding access rate'
2026-08-12 13:55:40,749 | ERROR | Error getting candle data for MALUPAPER-EQ: Couldn't parse the JSON response received from the server: b'Access denied because of exceeding access rate'
2026-08-12 13:55:43,604 | ERROR | Error getting candle data for EMAMILTD-EQ: Couldn't parse the JSON response received from the server: b'Access denied because of exceeding access rate'
2026-08-12 13:55:47,354 | ERROR | Error getting candle data for BANKADD-EQ: Couldn't parse the JSON response received from the server: b'Access denied because of exceeding access rate'
2026-08-12 13:55:49,848 | ERROR | Error getting candle data for AERONEU-EQ: Couldn't parse the JSON response received from the server: b'Access denied because of exceeding access rate'
2026-08-12 13:55:52,779 | ERROR | Error getting candle data for GREENPANEL-EQ: Couldn't parse the JSON response received from the server: b'Access denied because of exceeding access rate'
2026-08-12 13:55:54,829 | ERROR | Error getting candle data for KUANTUM-EQ: Couldn't parse the JSON response received from the server: b'Access denied because of exceeding access rate'
2026-08-12 13:55:59,814 | INFO | OPENED BUY on IGPL-EQ | LTP: 461.65 | Prob: 84.0%
2026-08-12 13:56:17,312 | INFO | Fetched 2486 NSE stocks
2026-08-12 13:56:19,957 | ERROR | Error getting candle data for FINPIPE-EQ: Couldn't parse the JSON response received from the server: b'Access denied because of exceeding access rate'
2026-08-12 13:56:27,740 | INFO | OPENED SELL on SPORTKING-EQ | LTP: 205.66 | Prob: 90.0%
2026-08-12 13:56:30,652 | ERROR | Error getting candle data for INDORAMA-EQ: Couldn't parse the JSON response received from the server: b'Access denied because of exceeding access rate'
2026-08-12 13:56:32,925 | ERROR | Error getting candle data for PETRONET-EQ: Couldn't parse the JSON response received from the server: b'Access denied because of exceeding access rate'
2026-08-12 13:56:32,970 | INFO | OPENED SELL on PETRONET-EQ | LTP: 279.6 | Prob: 90.0%
2026-08-12 13:56:39,145 | ERROR | Error getting candle data for MCLEODRUSS-EQ: Couldn't parse the JSON response received from the server: b'Access denied because of exceeding access rate'
2026-08-12 13:56:44,858 | ERROR | Error getting candle data for GREAVESCOT-EQ: Couldn't parse the JSON response received from the server: b'Access denied because of exceeding access rate'
2026-08-12 13:56:44,902 | INFO | OPENED SELL on GREAVESCOT-EQ | LTP: 193.7 | Prob: 90.0%
2026-08-12 13:56:53,564 | ERROR | Error getting candle data for EKC-EQ: Couldn't parse the JSON response received from the server: b'Access denied because of exceeding access rate'
2026-08-12 13:56:55,628 | ERROR | Error getting candle data for GSEC10IETF-EQ: Couldn't parse the JSON response received from the server: b'Access denied because of exceeding access rate'
2026-08-12 13:57:01,136 | ERROR | Error getting candle data for COMMOIETF-EQ: Couldn't parse the JSON response received from the server: b'Access denied because of exceeding access rate'
2026-08-12 13:57:04,030 | ERROR | Error getting candle data for KEC-EQ: Couldn't parse the JSON response received from the server: b'Access denied because of exceeding access rate'
2026-08-12 13:57:10,018 | INFO | OPENED SELL on EMAMILTD-EQ | LTP: 397.85 | Prob: 90.0%
2026-08-12 13:57:14,887 | ERROR | Error getting candle data for AERONEU-EQ: Couldn't parse the JSON response received from the server: b'Access denied because of exceeding access rate'
2026-08-12 13:57:17,704 | ERROR | Error getting candle data for GREENPANEL-EQ: Couldn't parse the JSON response received from the server: b'Access denied because of exceeding access rate'
2026-08-12 13:57:50,683 | INFO | Fetched 2486 NSE stocks
2026-08-12 13:57:53,551 | ERROR | Error getting candle data for FINPIPE-EQ: Couldn't parse the JSON response received from the server: b'Access denied because of exceeding access rate'
2026-08-12 13:58:01,376 | ERROR | Error getting candle data for SPORTKING-EQ: Couldn't parse the JSON response received from the server: b'Access denied because of exceeding access rate'
2026-08-12 13:58:01,413 | INFO | OPENED BUY on SPORTKING-EQ | LTP: 205.46 | Prob: 81.0%
2026-08-12 13:58:27,769 | ERROR | Error getting candle data for EKC-EQ: Couldn't parse the JSON response received from the server: b'Access denied because of exceeding access rate'
2026-08-12 13:58:27,818 | INFO | OPENED SELL on EKC-EQ | LTP: 112.8 | Prob: 85.0%
2026-08-12 13:58:29,845 | ERROR | Error getting candle data for GSEC10IETF-EQ: Couldn't parse the JSON response received from the server: b'Access denied because of exceeding access rate'
2026-08-12 13:58:35,860 | INFO | CLOSED SELL on COMMOIETF-EQ | Entry: 100.58 | Exit: 100.51 | PnL: 0.06999999999999318
2026-08-12 13:58:38,752 | ERROR | Error getting candle data for KEC-EQ: Couldn't parse the JSON response received from the server: b'Access denied because of exceeding access rate'
2026-08-12 13:58:38,786 | INFO | OPENED BUY on KEC-EQ | LTP: 444.2 | Prob: 79.0%
2026-08-12 13:58:41,742 | ERROR | Error getting candle data for MALUPAPER-EQ: Couldn't parse the JSON response received from the server: b'Access denied because of exceeding access rate'
2026-08-12 13:58:47,269 | ERROR | Error getting candle data for BANKADD-EQ: Couldn't parse the JSON response received from the server: b'Access denied because of exceeding access rate'
2026-08-12 13:58:52,104 | ERROR | Error getting candle data for GREENPANEL-EQ: Couldn't parse the JSON response received from the server: b'Access denied because of exceeding access rate'
2026-08-12 13:58:54,244 | ERROR | Error getting candle data for KUANTUM-EQ: Couldn't parse the JSON response received from the server: b'Access denied because of exceeding access rate'
2026-08-12 13:58:56,657 | ERROR | Error getting candle data for CREST-EQ: Couldn't parse the JSON response received from the server: b'Access denied because of exceeding access rate'
2026-08-12 13:59:27,265 | INFO | Fetched 2486 NSE stocks
2026-08-12 13:59:32,093 | ERROR | Error getting candle data for NIFTYBETA-EQ: Couldn't parse the JSON response received from the server: b'Access denied because of exceeding access rate'
2026-08-12 13:59:37,633 | ERROR | Error getting candle data for SPORTKING-EQ: Couldn't parse the JSON response received from the server: b'Access denied because of exceeding access rate'
2026-08-12 13:59:42,802 | ERROR | Error getting candle data for PETRONET-EQ: Couldn't parse the JSON response received from the server: b'Access denied because of exceeding access rate'
2026-08-12 13:59:48,916 | ERROR | Error getting candle data for MCLEODRUSS-EQ: Couldn't parse the JSON response received from the server: b'Access denied because of exceeding access rate'
2026-08-12 13:59:54,566 | ERROR | Error getting candle data for GREAVESCOT-EQ: Couldn't parse the JSON response received from the server: b'Access denied because of exceeding access rate'
2026-08-12 14:00:01,120 | ERROR | Error getting candle data for NPBET-EQ: Couldn't parse the JSON response received from the server: b'Access denied because of exceeding access rate'
2026-08-12 14:00:08,824 | ERROR | Error getting candle data for ENIL-EQ: Couldn't parse the JSON response received from the server: b'Access denied because of exceeding access rate'
2026-08-12 14:00:10,916 | ERROR | Error getting candle data for COMMOIETF-EQ: Couldn't parse the JSON response received from the server: b'Access denied because of exceeding access rate'
2026-08-12 14:00:13,704 | ERROR | Error getting candle data for KEC-EQ: Couldn't parse the JSON response received from the server: b'Access denied because of exceeding access rate'
2026-08-12 14:00:13,746 | INFO | OPENED SELL on KEC-EQ | LTP: 444.65 | Prob: 90.0%
2026-08-12 14:00:16,491 | ERROR | Error getting candle data for MALUPAPER-EQ: Couldn't parse the JSON response received from the server: b'Access denied because of exceeding access rate'
2026-08-12 14:00:19,353 | INFO | OPENED BUY on EMAMILTD-EQ | LTP: 397.3 | Prob: 80.0%
2026-08-12 14:00:22,173 | ERROR | Error getting candle data for BANKADD-EQ: Couldn't parse the JSON response received from the server: b'Access denied because of exceeding access rate'
2026-08-12 14:00:27,939 | ERROR | Error getting candle data for GREENPANEL-EQ: Couldn't parse the JSON response received from the server: b'Access denied because of exceeding access rate'
2026-08-12 14:00:30,184 | ERROR | Error getting candle data for KUANTUM-EQ: Couldn't parse the JSON response received from the server: b'Access denied because of exceeding access rate'
2026-08-12 14:00:32,314 | ERROR | Error getting candle data for CREST-EQ: Couldn't parse the JSON response received from the server: b'Access denied because of exceeding access rate'
2026-08-12 14:00:35,040 | INFO | OPENED SELL on IGPL-EQ | LTP: 464.2 | Prob: 95.0%
2026-08-12 14:00:54,307 | INFO | Fetched 2486 NSE stocks
2026-08-12 14:00:56,886 | ERROR | Error getting candle data for FINPIPE-EQ: Couldn't parse the JSON response received from the server: b'Access denied because of exceeding access rate'
2026-08-12 14:00:59,046 | ERROR | Error getting candle data for NIFTYBETA-EQ: Couldn't parse the JSON response received from the server: b'Access denied because of exceeding access rate'
2026-08-12 14:01:04,673 | ERROR | Error getting candle data for SPORTKING-EQ: Couldn't parse the JSON response received from the server: b'Access denied because of exceeding access rate'
2026-08-12 14:01:07,456 | ERROR | Error getting candle data for INDORAMA-EQ: Couldn't parse the JSON response received from the server: b'Access denied because of exceeding access rate'
2026-08-12 14:01:09,546 | ERROR | Error getting candle data for PETRONET-EQ: Couldn't parse the JSON response received from the server: b'Access denied because of exceeding access rate'
2026-08-12 14:01:23,473 | INFO | OPENED BUY on SWSOLAR-EQ | LTP: 202.49 | Prob: 81.0%
2026-08-12 14:01:25,536 | ERROR | Error getting candle data for AMBUJACEM-EQ: Couldn't parse the JSON response received from the server: b'Access denied because of exceeding access rate'
2026-08-12 14:01:38,702 | ERROR | Error getting candle data for COMMOIETF-EQ: Couldn't parse the JSON response received from the server: b'Access denied because of exceeding access rate'
2026-08-12 14:01:41,415 | ERROR | Error getting candle data for KEC-EQ: Couldn't parse the JSON response received from the server: b'Access denied because of exceeding access rate'
2026-08-12 14:01:41,459 | INFO | OPENED BUY on KEC-EQ | LTP: 444.2 | Prob: 80.0%
2026-08-12 14:01:44,164 | ERROR | Error getting candle data for MALUPAPER-EQ: Couldn't parse the JSON response received from the server: b'Access denied because of exceeding access rate'
2026-08-12 14:01:49,691 | ERROR | Error getting candle data for BANKADD-EQ: Couldn't parse the JSON response received from the server: b'Access denied because of exceeding access rate'
2026-08-12 14:01:54,563 | ERROR | Error getting candle data for GREENPANEL-EQ: Couldn't parse the JSON response received from the server: b'Access denied because of exceeding access rate'
2026-08-12 14:01:58,888 | ERROR | Error getting candle data for CREST-EQ: Couldn't parse the JSON response received from the server: b'Access denied because of exceeding access rate'
2026-08-12 14:02:01,708 | ERROR | Error getting candle data for IGPL-EQ: Couldn't parse the JSON response received from the server: b'Access denied because of exceeding access rate'
2026-08-12 14:02:21,619 | INFO | Fetched 2486 NSE stocks
2026-08-12 14:02:24,267 | ERROR | Error getting candle data for FINPIPE-EQ: Couldn't parse the JSON response received from the server: b'Access denied because of exceeding access rate'
2026-08-12 14:02:29,165 | INFO | OPENED BUY on KRBL-EQ | LTP: 368.6 | Prob: 79.0%
2026-08-12 14:02:34,724 | ERROR | Error getting candle data for INDORAMA-EQ: Couldn't parse the JSON response received from the server: b'Access denied because of exceeding access rate'
2026-08-12 14:02:43,297 | ERROR | Error getting candle data for MCLEODRUSS-EQ: Couldn't parse the JSON response received from the server: b'Access denied because of exceeding access rate'
2026-08-12 14:02:46,183 | ERROR | Error getting candle data for ESG-EQ: Couldn't parse the JSON response received from the server: b'Access denied because of exceeding access rate'
2026-08-12 14:02:48,957 | ERROR | Error getting candle data for GREAVESCOT-EQ: Couldn't parse the JSON response received from the server: b'Access denied because of exceeding access rate'
2026-08-12 14:02:51,067 | ERROR | Error getting candle data for SWSOLAR-EQ: Couldn't parse the JSON response received from the server: b'Access denied because of exceeding access rate'
2026-08-12 14:02:55,396 | ERROR | Error getting candle data for NPBET-EQ: Couldn't parse the JSON response received from the server: b'Access denied because of exceeding access rate'
2026-08-12 14:02:57,471 | ERROR | Error getting candle data for EKC-EQ: Couldn't parse the JSON response received from the server: b'Access denied because of exceeding access rate'
2026-08-12 14:02:59,528 | ERROR | Error getting candle data for GSEC10IETF-EQ: Couldn't parse the JSON response received from the server: b'Access denied because of exceeding access rate'
2026-08-12 14:03:03,048 | ERROR | Error getting candle data for ENIL-EQ: Couldn't parse the JSON response received from the server: b'Access denied because of exceeding access rate'
2026-08-12 14:03:05,170 | INFO | OPENED SELL on COMMOIETF-EQ | LTP: 100.63 | Prob: 93.0%
2026-08-12 14:03:10,481 | ERROR | Error getting candle data for MALUPAPER-EQ: Couldn't parse the JSON response received from the server: b'Access denied because of exceeding access rate'
2026-08-12 14:03:13,235 | INFO | OPENED SELL on EMAMILTD-EQ | LTP: 397.5 | Prob: 90.0%
2026-08-12 14:03:25,167 | ERROR | Error getting candle data for CREST-EQ: Couldn't parse the JSON response received from the server: b'Access denied because of exceeding access rate'
2026-08-12 14:03:45,996 | INFO | Fetched 2486 NSE stocks
2026-08-12 14:03:48,839 | ERROR | Error getting candle data for FINPIPE-EQ: Couldn't parse the JSON response received from the server: b'Access denied because of exceeding access rate'
2026-08-12 14:03:48,888 | INFO | OPENED SELL on FINPIPE-EQ | LTP: 161.6 | Prob: 90.0%
2026-08-12 14:03:50,989 | ERROR | Error getting candle data for NIFTYBETA-EQ: Couldn't parse the JSON response received from the server: b'Access denied because of exceeding access rate'
2026-08-12 14:03:53,706 | ERROR | Error getting candle data for KRBL-EQ: Couldn't parse the JSON response received from the server: b'Access denied because of exceeding access rate'
2026-08-12 14:03:59,824 | ERROR | Error getting candle data for INDORAMA-EQ: Couldn't parse the JSON response received from the server: b'Access denied because of exceeding access rate'
2026-08-12 14:04:02,013 | ERROR | Error getting candle data for PETRONET-EQ: Couldn't parse the JSON response received from the server: b'Access denied because of exceeding access rate'
2026-08-12 14:04:14,540 | ERROR | Error getting candle data for GREAVESCOT-EQ: Couldn't parse the JSON response received from the server: b'Access denied because of exceeding access rate'
2026-08-12 14:04:31,260 | ERROR | Error getting candle data for ENIL-EQ: Couldn't parse the JSON response received from the server: b'Access denied because of exceeding access rate'
2026-08-12 14:04:34,720 | ERROR | Error getting candle data for COMMOIETF-EQ: Couldn't parse the JSON response received from the server: b'Access denied because of exceeding access rate'
2026-08-12 14:04:41,079 | ERROR | Error getting candle data for MALUPAPER-EQ: Couldn't parse the JSON response received from the server: b'Access denied because of exceeding access rate'
2026-08-12 14:04:44,087 | ERROR | Error getting candle data for EMAMILTD-EQ: Couldn't parse the JSON response received from the server: b'Access denied because of exceeding access rate'
2026-08-12 14:04:44,128 | INFO | OPENED BUY on EMAMILTD-EQ | LTP: 397.3 | Prob: 80.0%
2026-08-12 14:04:52,897 | ERROR | Error getting candle data for GREENPANEL-EQ: Couldn't parse the JSON response received from the server: b'Access denied because of exceeding access rate'
2026-08-12 14:04:55,358 | ERROR | Error getting candle data for KUANTUM-EQ: Couldn't parse the JSON response received from the server: b'Access denied because of exceeding access rate'
2026-08-12 14:04:59,877 | ERROR | Error getting candle data for CREST-EQ: Couldn't parse the JSON response received from the server: b'Access denied because of exceeding access rate'
2026-08-12 14:05:21,317 | INFO | Fetched 2486 NSE stocks
2026-08-12 14:05:25,883 | ERROR | Error getting candle data for FINPIPE-EQ: Couldn't parse the JSON response received from the server: b'Access denied because of exceeding access rate'
2026-08-12 14:05:25,939 | INFO | OPENED BUY on FINPIPE-EQ | LTP: 161.55 | Prob: 81.0%
2026-08-12 14:05:29,020 | ERROR | Error getting candle data for NIFTYBETA-EQ: Couldn't parse the JSON response received from the server: b'Access denied because of exceeding access rate'
2026-08-12 14:05:59,953 | ERROR | Error getting candle data for ESG-EQ: Couldn't parse the JSON response received from the server: b'Access denied because of exceeding access rate'
2026-08-12 14:06:10,072 | ERROR | Error getting candle data for AMBUJACEM-EQ: Couldn't parse the JSON response received from the server: b'Access denied because of exceeding access rate'
2026-08-12 14:06:19,222 | ERROR | Error getting candle data for GSEC10IETF-EQ: Couldn't parse the JSON response received from the server: b'Access denied because of exceeding access rate'
2026-08-12 14:06:27,318 | ERROR | Error getting candle data for COMMOIETF-EQ: Couldn't parse the JSON response received from the server: b'Access denied because of exceeding access rate'
2026-08-12 14:06:39,422 | INFO | OPENED SELL on EMAMILTD-EQ | LTP: 397.85 | Prob: 90.0%
2026-08-12 14:06:43,592 | ERROR | Error getting candle data for BANKADD-EQ: Couldn't parse the JSON response received from the server: b'Access denied because of exceeding access rate'
2026-08-12 14:06:53,551 | ERROR | Error getting candle data for KUANTUM-EQ: Couldn't parse the JSON response received from the server: b'Access denied because of exceeding access rate'
2026-08-12 14:07:00,561 | ERROR | Error getting candle data for IGPL-EQ: Couldn't parse the JSON response received from the server: b'Access denied because of exceeding access rate'
2026-08-12 14:07:17,206 | INFO | Fetched 2486 NSE stocks
2026-08-12 14:07:33,119 | ERROR | Error getting candle data for SPORTKING-EQ: Couldn't parse the JSON response received from the server: b'Access denied because of exceeding access rate'
2026-08-12 14:07:37,756 | ERROR | Error getting candle data for INDORAMA-EQ: Couldn't parse the JSON response received from the server: b'Access denied because of exceeding access rate'
2026-08-12 14:07:40,845 | INFO | OPENED BUY on PETRONET-EQ | LTP: 279.6 | Prob: 80.0%
2026-08-12 14:08:00,844 | ERROR | Error getting candle data for SWSOLAR-EQ: Couldn't parse the JSON response received from the server: b'Access denied because of exceeding access rate'
2026-08-12 14:08:25,751 | ERROR | Error getting candle data for MALUPAPER-EQ: Couldn't parse the JSON response received from the server: b'Access denied because of exceeding access rate'
2026-08-12 14:08:29,105 | ERROR | Error getting candle data for EMAMILTD-EQ: Couldn't parse the JSON response received from the server: b'Access denied because of exceeding access rate'
2026-08-12 14:08:32,485 | ERROR | Error getting candle data for BANKADD-EQ: Couldn't parse the JSON response received from the server: b'Access denied because of exceeding access rate'
2026-08-12 14:08:34,960 | ERROR | Error getting candle data for AERONEU-EQ: Couldn't parse the JSON response received from the server: b'Access denied because of exceeding access rate'
2026-08-12 14:08:40,861 | INFO | CLOSED SELL on KUANTUM-EQ | Entry: 85.03 | Exit: 84.75 | PnL: 0.28000000000000114
2026-08-12 14:09:03,094 | INFO | Fetched 2486 NSE stocks
2026-08-12 14:09:08,989 | ERROR | Error getting candle data for NIFTYBETA-EQ: Couldn't parse the JSON response received from the server: b'Access denied because of exceeding access rate'
2026-08-12 14:09:09,031 | INFO | OPENED BUY on NIFTYBETA-EQ | LTP: 269.53 | Prob: 81.0%
2026-08-12 14:09:37,832 | ERROR | Error getting candle data for GREAVESCOT-EQ: Couldn't parse the JSON response received from the server: b'Access denied because of exceeding access rate'
2026-08-12 14:09:40,376 | ERROR | Error getting candle data for SWSOLAR-EQ: Couldn't parse the JSON response received from the server: b'Access denied because of exceeding access rate'
2026-08-12 14:09:40,413 | INFO | OPENED SELL on SWSOLAR-EQ | LTP: 202.68 | Prob: 90.0%
2026-08-12 14:09:42,937 | ERROR | Error getting candle data for AMBUJACEM-EQ: Couldn't parse the JSON response received from the server: b'Access denied because of exceeding access rate'
2026-08-12 14:09:42,983 | INFO | OPENED SELL on AMBUJACEM-EQ | LTP: 419.9 | Prob: 91.0%
2026-08-12 14:09:48,057 | ERROR | Error getting candle data for EKC-EQ: Couldn't parse the JSON response received from the server: b'Access denied because of exceeding access rate'
2026-08-12 14:09:50,595 | ERROR | Error getting candle data for GSEC10IETF-EQ: Couldn't parse the JSON response received from the server: b'Access denied because of exceeding access rate'
2026-08-12 14:09:57,273 | ERROR | Error getting candle data for COMMOIETF-EQ: Couldn't parse the JSON response received from the server: b'Access denied because of exceeding access rate'
2026-08-12 14:10:00,653 | ERROR | Error getting candle data for KEC-EQ: Couldn't parse the JSON response received from the server: b'Access denied because of exceeding access rate'
2026-08-12 14:10:13,144 | ERROR | Error getting candle data for AERONEU-EQ: Couldn't parse the JSON response received from the server: b'Access denied because of exceeding access rate'
2026-08-12 14:10:19,864 | INFO | OPENED SELL on KUANTUM-EQ | LTP: 85.0 | Prob: 94.0%
2026-08-12 14:10:25,894 | ERROR | Error getting candle data for IGPL-EQ: Couldn't parse the JSON response received from the server: b'Access denied because of exceeding access rate'
2026-08-12 14:10:41,902 | INFO | Fetched 2486 NSE stocks
2026-08-12 14:11:00,942 | ERROR | Error getting LTP for FINPIPE-EQ: HTTPSConnectionPool(host='apiconnect.angelone.in', port=443): Read timed out. (read timeout=7)
2026-08-12 14:11:32,561 | ERROR | Error getting candle data for MCLEODRUSS-EQ: Couldn't parse the JSON response received from the server: b'Access denied because of exceeding access rate'
2026-08-12 14:11:39,245 | ERROR | Error getting candle data for GREAVESCOT-EQ: Couldn't parse the JSON response received from the server: b'Access denied because of exceeding access rate'
2026-08-12 14:11:41,786 | INFO | OPENED BUY on SWSOLAR-EQ | LTP: 202.38 | Prob: 81.0%
2026-08-12 14:11:49,315 | ERROR | Error getting candle data for EKC-EQ: Couldn't parse the JSON response received from the server: b'Access denied because of exceeding access rate'
2026-08-12 14:11:51,859 | ERROR | Error getting candle data for GSEC10IETF-EQ: Couldn't parse the JSON response received from the server: b'Access denied because of exceeding access rate'
2026-08-12 14:12:17,612 | INFO | CLOSED SELL on AERONEU-EQ | Entry: 83.89 | Exit: 83.6 | PnL: 0.29000000000000625
2026-08-12 14:12:31,078 | ERROR | Error getting candle data for IGPL-EQ: Couldn't parse the JSON response received from the server: b'Access denied because of exceeding access rate'
2026-08-12 14:12:51,374 | INFO | Fetched 2486 NSE stocks
2026-08-12 14:13:17,892 | ERROR | Error getting candle data for MCLEODRUSS-EQ: Couldn't parse the JSON response received from the server: b'Access denied because of exceeding access rate'
2026-08-12 14:13:26,952 | ERROR | Error getting candle data for GREAVESCOT-EQ: Couldn't parse the JSON response received from the server: b'Access denied because of exceeding access rate'
2026-08-12 14:13:26,997 | INFO | OPENED BUY on GREAVESCOT-EQ | LTP: 193.7 | Prob: 79.0%
2026-08-12 14:13:30,192 | ERROR | Error getting candle data for SWSOLAR-EQ: Couldn't parse the JSON response received from the server: b'Access denied because of exceeding access rate'
2026-08-12 14:13:36,554 | ERROR | Error getting candle data for NPBET-EQ: Couldn't parse the JSON response received from the server: b'Access denied because of exceeding access rate'
2026-08-12 14:13:47,329 | ERROR | Error getting candle data for ENIL-EQ: Couldn't parse the JSON response received from the server: b'Access denied because of exceeding access rate'
2026-08-12 14:13:50,170 | INFO | CLOSED SELL on COMMOIETF-EQ | Entry: 100.63 | Exit: 100.46 | PnL: 0.1700000000000017
2026-08-12 14:13:57,820 | ERROR | Error getting candle data for MALUPAPER-EQ: Couldn't parse the JSON response received from the server: b'Access denied because of exceeding access rate'
2026-08-12 14:13:57,893 | INFO | CLOSED SELL on MALUPAPER-EQ | Entry: 31.86 | Exit: 31.57 | PnL: 0.28999999999999915
2026-08-12 14:14:12,639 | ERROR | Error getting candle data for GREENPANEL-EQ: Couldn't parse the JSON response received from the server: b'Access denied because of exceeding access rate'
2026-08-12 14:14:24,818 | ERROR | Error getting candle data for CREST-EQ: Couldn't parse the JSON response received from the server: b'Access denied because of exceeding access rate'
2026-08-12 14:14:28,772 | ERROR | Error getting candle data for IGPL-EQ: Couldn't parse the JSON response received from the server: b'Access denied because of exceeding access rate'
2026-08-12 14:15:02,200 | INFO | Fetched 2486 NSE stocks
2026-08-12 14:15:16,262 | ERROR | Error getting LTP for DGCONTENT-EQ: HTTPSConnectionPool(host='apiconnect.angelone.in', port=443): Max retries exceeded with url: /rest/secure/angelbroking/order/v1/getLtpData (Caused by ConnectTimeoutError(<HTTPSConnection(host='apiconnect.angelone.in', port=443) at 0x1f8ce59ed50>, 'Connection to apiconnect.angelone.in timed out. (connect timeout=7)'))
2026-08-12 14:15:41,235 | ERROR | Error getting candle data for PETRONET-EQ: Couldn't parse the JSON response received from the server: b'Access denied because of exceeding access rate'
2026-08-12 14:15:47,220 | ERROR | Error getting candle data for MCLEODRUSS-EQ: Couldn't parse the JSON response received from the server: b'Access denied because of exceeding access rate'
2026-08-12 14:15:52,871 | INFO | OPENED SELL on GREAVESCOT-EQ | LTP: 193.75 | Prob: 90.0%
2026-08-12 14:15:54,891 | ERROR | Error getting candle data for SWSOLAR-EQ: Couldn't parse the JSON response received from the server: b'Access denied because of exceeding access rate'
2026-08-12 14:15:56,953 | INFO | OPENED BUY on AMBUJACEM-EQ | LTP: 419.8 | Prob: 80.0%
2026-08-12 14:15:58,946 | INFO | OPENED BUY on NPBET-EQ | LTP: 283.0 | Prob: 80.0%
2026-08-12 14:16:00,960 | ERROR | Error getting candle data for EKC-EQ: Couldn't parse the JSON response received from the server: b'Access denied because of exceeding access rate'
2026-08-12 14:16:06,584 | ERROR | Error getting candle data for ENIL-EQ: Couldn't parse the JSON response received from the server: b'Access denied because of exceeding access rate'
2026-08-12 14:16:16,768 | ERROR | Error getting candle data for EMAMILTD-EQ: Couldn't parse the JSON response received from the server: b'Access denied because of exceeding access rate'
2026-08-12 14:16:26,333 | ERROR | Error getting candle data for KUANTUM-EQ: Couldn't parse the JSON response received from the server: b'Access denied because of exceeding access rate'
2026-08-12 14:16:31,173 | ERROR | Error getting candle data for IGPL-EQ: Couldn't parse the JSON response received from the server: b'Access denied because of exceeding access rate'
2026-08-12 14:16:57,857 | INFO | Fetched 2486 NSE stocks
2026-08-12 14:17:00,558 | ERROR | Error getting candle data for FINPIPE-EQ: Couldn't parse the JSON response received from the server: b'Access denied because of exceeding access rate'
2026-08-12 14:17:02,646 | ERROR | Error getting candle data for NIFTYBETA-EQ: Couldn't parse the JSON response received from the server: b'Access denied because of exceeding access rate'
2026-08-12 14:17:05,440 | ERROR | Error getting candle data for KRBL-EQ: Couldn't parse the JSON response received from the server: b'Access denied because of exceeding access rate'
2026-08-12 14:17:13,443 | INFO | OPENED SELL on PETRONET-EQ | LTP: 279.6 | Prob: 90.0%
2026-08-12 14:17:19,574 | ERROR | Error getting candle data for MCLEODRUSS-EQ: Couldn't parse the JSON response received from the server: b'Access denied because of exceeding access rate'
2026-08-12 14:17:25,435 | ERROR | Error getting candle data for GREAVESCOT-EQ: Couldn't parse the JSON response received from the server: b'Access denied because of exceeding access rate'
2026-08-12 14:17:27,550 | ERROR | Error getting candle data for SWSOLAR-EQ: Couldn't parse the JSON response received from the server: b'Access denied because of exceeding access rate'
2026-08-12 14:17:29,723 | INFO | OPENED SELL on AMBUJACEM-EQ | LTP: 420.15 | Prob: 90.0%
2026-08-12 14:17:40,197 | INFO | OPENED SELL on ENIL-EQ | LTP: 101.49 | Prob: 95.0%
2026-08-12 14:17:45,067 | ERROR | Error getting candle data for KEC-EQ: Couldn't parse the JSON response received from the server: b'Access denied because of exceeding access rate'
2026-08-12 14:17:58,761 | ERROR | Error getting candle data for GREENPANEL-EQ: Couldn't parse the JSON response received from the server: b'Access denied because of exceeding access rate'
2026-08-12 14:18:01,078 | ERROR | Error getting candle data for KUANTUM-EQ: Couldn't parse the JSON response received from the server: b'Access denied because of exceeding access rate'
2026-08-12 14:18:33,556 | INFO | Fetched 2486 NSE stocks
2026-08-12 14:18:36,181 | ERROR | Error getting candle data for FINPIPE-EQ: Couldn't parse the JSON response received from the server: b'Access denied because of exceeding access rate'
2026-08-12 14:18:36,228 | INFO | OPENED SELL on FINPIPE-EQ | LTP: 161.6 | Prob: 90.0%
2026-08-12 14:18:41,101 | INFO | OPENED SELL on KRBL-EQ | LTP: 368.7 | Prob: 90.0%
2026-08-12 14:18:43,759 | ERROR | Error getting candle data for SPORTKING-EQ: Couldn't parse the JSON response received from the server: b'Access denied because of exceeding access rate'
2026-08-12 14:18:46,341 | ERROR | Error getting candle data for INDORAMA-EQ: Couldn't parse the JSON response received from the server: b'Access denied because of exceeding access rate'
2026-08-12 14:18:48,320 | ERROR | Error getting candle data for PETRONET-EQ: Couldn't parse the JSON response received from the server: b'Access denied because of exceeding access rate'
2026-08-12 14:18:48,363 | INFO | OPENED BUY on PETRONET-EQ | LTP: 279.55 | Prob: 80.0%
2026-08-12 14:18:54,297 | ERROR | Error getting candle data for MCLEODRUSS-EQ: Couldn't parse the JSON response received from the server: b'Access denied because of exceeding access rate'
2026-08-12 14:18:57,354 | ERROR | Error getting candle data for ESG-EQ: Couldn't parse the JSON response received from the server: b'Access denied because of exceeding access rate'
2026-08-12 14:19:00,095 | ERROR | Error getting candle data for GREAVESCOT-EQ: Couldn't parse the JSON response received from the server: b'Access denied because of exceeding access rate'
2026-08-12 14:19:08,420 | ERROR | Error getting candle data for EKC-EQ: Couldn't parse the JSON response received from the server: b'Access denied because of exceeding access rate'
2026-08-12 14:19:21,703 | ERROR | Error getting candle data for MALUPAPER-EQ: Couldn't parse the JSON response received from the server: b'Access denied because of exceeding access rate'
2026-08-12 14:19:34,259 | ERROR | Error getting candle data for KUANTUM-EQ: Couldn't parse the JSON response received from the server: b'Access denied because of exceeding access rate'
2026-08-12 14:19:39,053 | ERROR | Error getting candle data for IGPL-EQ: Couldn't parse the JSON response received from the server: b'Access denied because of exceeding access rate'
2026-08-12 14:20:03,336 | INFO | Fetched 2486 NSE stocks
2026-08-12 14:20:06,168 | INFO | OPENED BUY on FINPIPE-EQ | LTP: 161.54 | Prob: 80.0%
2026-08-12 14:20:08,295 | ERROR | Error getting candle data for NIFTYBETA-EQ: Couldn't parse the JSON response received from the server: b'Access denied because of exceeding access rate'
2026-08-12 14:20:16,589 | ERROR | Error getting candle data for INDORAMA-EQ: Couldn't parse the JSON response received from the server: b'Access denied because of exceeding access rate'
2026-08-12 14:20:18,697 | ERROR | Error getting candle data for PETRONET-EQ: Couldn't parse the JSON response received from the server: b'Access denied because of exceeding access rate'
2026-08-12 14:20:30,127 | ERROR | Error getting candle data for GREAVESCOT-EQ: Couldn't parse the JSON response received from the server: b'Access denied because of exceeding access rate'
2026-08-12 14:20:32,479 | ERROR | Error getting candle data for SWSOLAR-EQ: Couldn't parse the JSON response received from the server: b'Access denied because of exceeding access rate'
2026-08-12 14:20:34,537 | ERROR | Error getting candle data for AMBUJACEM-EQ: Couldn't parse the JSON response received from the server: b'Access denied because of exceeding access rate'
2026-08-12 14:20:36,583 | ERROR | Error getting candle data for NPBET-EQ: Couldn't parse the JSON response received from the server: b'Access denied because of exceeding access rate'
2026-08-12 14:20:38,558 | ERROR | Error getting candle data for EKC-EQ: Couldn't parse the JSON response received from the server: b'Access denied because of exceeding access rate'
2026-08-12 14:20:40,633 | ERROR | Error getting candle data for GSEC10IETF-EQ: Couldn't parse the JSON response received from the server: b'Access denied because of exceeding access rate'
2026-08-12 14:20:49,051 | ERROR | Error getting candle data for KEC-EQ: Couldn't parse the JSON response received from the server: b'Access denied because of exceeding access rate'
2026-08-12 14:20:51,718 | ERROR | Error getting candle data for MALUPAPER-EQ: Couldn't parse the JSON response received from the server: b'Access denied because of exceeding access rate'
2026-08-12 14:20:54,407 | ERROR | Error getting candle data for EMAMILTD-EQ: Couldn't parse the JSON response received from the server: b'Access denied because of exceeding access rate'
2026-08-12 14:20:57,141 | ERROR | Error getting candle data for BANKADD-EQ: Couldn't parse the JSON response received from the server: b'Access denied because of exceeding access rate'
2026-08-12 14:21:10,516 | ERROR | Error getting candle data for IGPL-EQ: Couldn't parse the JSON response received from the server: b'Access denied because of exceeding access rate'
2026-08-12 14:21:35,774 | INFO | Fetched 2486 NSE stocks
2026-08-12 14:21:40,502 | ERROR | Error getting candle data for NIFTYBETA-EQ: Couldn't parse the JSON response received from the server: b'Access denied because of exceeding access rate'
2026-08-12 14:21:40,523 | INFO | OPENED SELL on NIFTYBETA-EQ | LTP: 269.98 | Prob: 90.0%
2026-08-12 14:21:43,272 | ERROR | Error getting candle data for KRBL-EQ: Couldn't parse the JSON response received from the server: b'Access denied because of exceeding access rate'
2026-08-12 14:21:48,733 | ERROR | Error getting candle data for INDORAMA-EQ: Couldn't parse the JSON response received from the server: b'Access denied because of exceeding access rate'
2026-08-12 14:21:50,748 | ERROR | Error getting candle data for PETRONET-EQ: Couldn't parse the JSON response received from the server: b'Access denied because of exceeding access rate'
2026-08-12 14:21:59,358 | ERROR | Error getting candle data for ESG-EQ: Couldn't parse the JSON response received from the server: b'Access denied because of exceeding access rate'
2026-08-12 14:22:04,157 | INFO | OPENED SELL on SWSOLAR-EQ | LTP: 202.54 | Prob: 90.0%
2026-08-12 14:22:06,161 | ERROR | Error getting candle data for AMBUJACEM-EQ: Couldn't parse the JSON response received from the server: b'Access denied because of exceeding access rate'
2026-08-12 14:22:10,408 | INFO | CLOSED SELL on EKC-EQ | Entry: 112.8 | Exit: 112.55 | PnL: 0.25
2026-08-12 14:22:18,141 | INFO | OPENED SELL on COMMOIETF-EQ | LTP: 100.56 | Prob: 92.0%
2026-08-12 14:22:29,116 | ERROR | Error getting candle data for BANKADD-EQ: Couldn't parse the JSON response received from the server: b'Access denied because of exceeding access rate'
2026-08-12 14:22:31,205 | ERROR | Error getting candle data for AERONEU-EQ: Couldn't parse the JSON response received from the server: b'Access denied because of exceeding access rate'
2026-08-12 14:22:35,911 | ERROR | Error getting candle data for KUANTUM-EQ: Couldn't parse the JSON response received from the server: b'Access denied because of exceeding access rate'
2026-08-12 14:22:37,945 | ERROR | Error getting candle data for CREST-EQ: Couldn't parse the JSON response received from the server: b'Access denied because of exceeding access rate'
2026-08-12 14:23:08,047 | INFO | Fetched 2486 NSE stocks
2026-08-12 14:23:12,775 | ERROR | Error getting candle data for NIFTYBETA-EQ: Couldn't parse the JSON response received from the server: b'Access denied because of exceeding access rate'
2026-08-12 14:23:12,816 | INFO | OPENED BUY on NIFTYBETA-EQ | LTP: 269.76 | Prob: 80.0%
2026-08-12 14:23:15,603 | ERROR | Error getting candle data for KRBL-EQ: Couldn't parse the JSON response received from the server: b'Access denied because of exceeding access rate'
2026-08-12 14:23:30,788 | ERROR | Error getting candle data for MCLEODRUSS-EQ: Couldn't parse the JSON response received from the server: b'Access denied because of exceeding access rate'
2026-08-12 14:23:39,956 | ERROR | Error getting candle data for GREAVESCOT-EQ: Couldn't parse the JSON response received from the server: b'Access denied because of exceeding access rate'
2026-08-12 14:23:42,389 | ERROR | Error getting candle data for SWSOLAR-EQ: Couldn't parse the JSON response received from the server: b'Access denied because of exceeding access rate'
2026-08-12 14:23:45,345 | ERROR | Error getting candle data for AMBUJACEM-EQ: Couldn't parse the JSON response received from the server: b'Access denied because of exceeding access rate'
2026-08-12 14:23:47,612 | ERROR | Error getting candle data for NPBET-EQ: Couldn't parse the JSON response received from the server: b'Access denied because of exceeding access rate'
2026-08-12 14:23:49,984 | ERROR | Error getting candle data for EKC-EQ: Couldn't parse the JSON response received from the server: b'Access denied because of exceeding access rate'
2026-08-12 14:23:52,157 | ERROR | Error getting candle data for GSEC10IETF-EQ: Couldn't parse the JSON response received from the server: b'Access denied because of exceeding access rate'
2026-08-12 14:24:04,301 | ERROR | Error getting candle data for COMMOIETF-EQ: Couldn't parse the JSON response received from the server: b'Access denied because of exceeding access rate'
2026-08-12 14:24:04,354 | INFO | CLOSED SELL on COMMOIETF-EQ | Entry: 100.56 | Exit: 100.54 | PnL: 0.01999999999999602
2026-08-12 14:24:09,914 | ERROR | Error getting candle data for MALUPAPER-EQ: Couldn't parse the JSON response received from the server: b'Access denied because of exceeding access rate'
2026-08-12 14:24:22,928 | ERROR | Error getting candle data for KUANTUM-EQ: Couldn't parse the JSON response received from the server: b'Access denied because of exceeding access rate'
2026-08-12 14:25:05,019 | INFO | Fetched 2486 NSE stocks
2026-08-12 14:25:18,551 | ERROR | Error getting candle data for FINPIPE-EQ: HTTPSConnectionPool(host='apiconnect.angelone.in', port=443): Read timed out. (read timeout=7)
2026-08-12 14:25:20,922 | ERROR | Error getting candle data for NIFTYBETA-EQ: Couldn't parse the JSON response received from the server: b'Access denied because of exceeding access rate'
2026-08-12 14:25:31,836 | ERROR | Error getting candle data for SPORTKING-EQ: Couldn't parse the JSON response received from the server: b'Access denied because of exceeding access rate'
2026-08-12 14:25:34,985 | ERROR | Error getting candle data for INDORAMA-EQ: Couldn't parse the JSON response received from the server: b'Access denied because of exceeding access rate'
2026-08-12 14:25:38,364 | ERROR | Error getting candle data for PETRONET-EQ: Couldn't parse the JSON response received from the server: b'Access denied because of exceeding access rate'
2026-08-12 14:25:44,549 | ERROR | Error getting candle data for MCLEODRUSS-EQ: Couldn't parse the JSON response received from the server: b'Access denied because of exceeding access rate'
2026-08-12 14:25:47,403 | ERROR | Error getting candle data for ESG-EQ: Couldn't parse the JSON response received from the server: b'Access denied because of exceeding access rate'
2026-08-12 14:25:50,151 | ERROR | Error getting candle data for GREAVESCOT-EQ: Couldn't parse the JSON response received from the server: b'Access denied because of exceeding access rate'
2026-08-12 14:25:52,368 | ERROR | Error getting candle data for SWSOLAR-EQ: Couldn't parse the JSON response received from the server: b'Access denied because of exceeding access rate'
2026-08-12 14:25:54,428 | ERROR | Error getting candle data for AMBUJACEM-EQ: Couldn't parse the JSON response received from the server: b'Access denied because of exceeding access rate'
2026-08-12 14:25:58,725 | ERROR | Error getting candle data for EKC-EQ: Couldn't parse the JSON response received from the server: b'Access denied because of exceeding access rate'
2026-08-12 14:26:00,798 | ERROR | Error getting candle data for GSEC10IETF-EQ: Couldn't parse the JSON response received from the server: b'Access denied because of exceeding access rate'
2026-08-12 14:26:06,936 | INFO | OPENED SELL on COMMOIETF-EQ | LTP: 100.62 | Prob: 92.0%
2026-08-12 14:26:12,591 | ERROR | Error getting candle data for MALUPAPER-EQ: Couldn't parse the JSON response received from the server: b'Access denied because of exceeding access rate'
2026-08-12 14:26:25,601 | INFO | CLOSED SELL on KUANTUM-EQ | Entry: 85.0 | Exit: 84.95 | PnL: 0.04999999999999716
2026-08-12 14:26:27,789 | ERROR | Error getting candle data for CREST-EQ: Couldn't parse the JSON response received from the server: b'Access denied because of exceeding access rate'
2026-08-12 14:26:30,635 | ERROR | Error getting candle data for IGPL-EQ: Couldn't parse the JSON response received from the server: b'Access denied because of exceeding access rate'
2026-08-12 14:27:00,813 | INFO | Fetched 2486 NSE stocks
2026-08-12 14:27:03,557 | INFO | OPENED SELL on FINPIPE-EQ | LTP: 161.66 | Prob: 90.0%
2026-08-12 14:27:05,745 | INFO | OPENED SELL on NIFTYBETA-EQ | LTP: 270.02 | Prob: 90.0%
2026-08-12 14:27:16,534 | INFO | OPENED SELL on PETRONET-EQ | LTP: 279.6 | Prob: 90.0%
2026-08-12 14:27:25,850 | ERROR | Error getting candle data for ESG-EQ: Couldn't parse the JSON response received from the server: b'Access denied because of exceeding access rate'
2026-08-12 14:27:31,022 | INFO | OPENED BUY on SWSOLAR-EQ | LTP: 202.23 | Prob: 80.0%
2026-08-12 14:27:33,120 | ERROR | Error getting candle data for AMBUJACEM-EQ: Couldn't parse the JSON response received from the server: b'Access denied because of exceeding access rate'
2026-08-12 14:27:35,319 | ERROR | Error getting candle data for NPBET-EQ: Couldn't parse the JSON response received from the server: b'Access denied because of exceeding access rate'
2026-08-12 14:27:37,448 | ERROR | Error getting candle data for EKC-EQ: Couldn't parse the JSON response received from the server: b'Access denied because of exceeding access rate'
2026-08-12 14:27:51,758 | ERROR | Error getting candle data for KEC-EQ: Couldn't parse the JSON response received from the server: b'Access denied because of exceeding access rate'
2026-08-12 14:27:54,546 | ERROR | Error getting candle data for MALUPAPER-EQ: Couldn't parse the JSON response received from the server: b'Access denied because of exceeding access rate'
2026-08-12 14:27:57,430 | ERROR | Error getting candle data for EMAMILTD-EQ: Couldn't parse the JSON response received from the server: b'Access denied because of exceeding access rate'
2026-08-12 14:28:05,344 | ERROR | Error getting candle data for GREENPANEL-EQ: Couldn't parse the JSON response received from the server: b'Access denied because of exceeding access rate'
2026-08-12 14:28:07,444 | ERROR | Error getting candle data for KUANTUM-EQ: Couldn't parse the JSON response received from the server: b'Access denied because of exceeding access rate'
2026-08-12 14:28:09,575 | ERROR | Error getting candle data for CREST-EQ: Couldn't parse the JSON response received from the server: b'Access denied because of exceeding access rate'
2026-08-12 14:28:47,196 | INFO | Fetched 2486 NSE stocks
2026-08-12 14:28:52,913 | ERROR | Error getting candle data for NIFTYBETA-EQ: Couldn't parse the JSON response received from the server: b'Access denied because of exceeding access rate'
2026-08-12 14:28:55,757 | ERROR | Error getting candle data for KRBL-EQ: Couldn't parse the JSON response received from the server: b'Access denied because of exceeding access rate'
2026-08-12 14:29:13,559 | INFO | OPENED BUY on PETRONET-EQ | LTP: 279.55 | Prob: 80.0%
2026-08-12 14:29:29,989 | ERROR | Error getting candle data for AMBUJACEM-EQ: Couldn't parse the JSON response received from the server: b'Access denied because of exceeding access rate'
2026-08-12 14:29:51,009 | ERROR | Error getting depth for GSEC10IETF-EQ: HTTPSConnectionPool(host='apiconnect.angelone.in', port=443): Max retries exceeded with url: /rest/secure/angelbroking/order/v1/getLtpData (Caused by ConnectTimeoutError(<HTTPSConnection(host='apiconnect.angelone.in', port=443) at 0x1f8ce59ec10>, 'Connection to apiconnect.angelone.in timed out. (connect timeout=7)'))
2026-08-12 14:29:58,649 | ERROR | Error getting candle data for ENIL-EQ: Couldn't parse the JSON response received from the server: b'Access denied because of exceeding access rate'
2026-08-12 14:30:06,514 | ERROR | Error getting candle data for MALUPAPER-EQ: Couldn't parse the JSON response received from the server: b'Access denied because of exceeding access rate'
2026-08-12 14:30:09,260 | ERROR | Error getting candle data for EMAMILTD-EQ: Couldn't parse the JSON response received from the server: b'Access denied because of exceeding access rate'
2026-08-12 14:30:09,301 | INFO | OPENED BUY on EMAMILTD-EQ | LTP: 397.7 | Prob: 80.0%
2026-08-12 14:30:12,045 | ERROR | Error getting candle data for BANKADD-EQ: Couldn't parse the JSON response received from the server: b'Access denied because of exceeding access rate'
2026-08-12 14:30:16,995 | ERROR | Error getting candle data for GREENPANEL-EQ: Couldn't parse the JSON response received from the server: b'Access denied because of exceeding access rate'
2026-08-12 14:30:19,139 | ERROR | Error getting candle data for KUANTUM-EQ: Couldn't parse the JSON response received from the server: b'Access denied because of exceeding access rate'
2026-08-12 14:30:40,955 | INFO | Fetched 2486 NSE stocks
2026-08-12 14:30:49,322 | INFO | OPENED BUY on KRBL-EQ | LTP: 368.7 | Prob: 79.0%
2026-08-12 14:30:54,747 | ERROR | Error getting candle data for INDORAMA-EQ: Couldn't parse the JSON response received from the server: b'Access denied because of exceeding access rate'
2026-08-12 14:30:56,896 | ERROR | Error getting candle data for PETRONET-EQ: Couldn't parse the JSON response received from the server: b'Access denied because of exceeding access rate'
2026-08-12 14:30:56,938 | INFO | OPENED SELL on PETRONET-EQ | LTP: 279.8 | Prob: 90.0%
2026-08-12 14:31:03,346 | ERROR | Error getting candle data for MCLEODRUSS-EQ: Couldn't parse the JSON response received from the server: b'Access denied because of exceeding access rate'
2026-08-12 14:31:12,847 | INFO | OPENED SELL on SWSOLAR-EQ | LTP: 202.48 | Prob: 90.0%
2026-08-12 14:31:23,503 | ERROR | Error getting candle data for EKC-EQ: Couldn't parse the JSON response received from the server: b'Access denied because of exceeding access rate'
2026-08-12 14:31:29,376 | ERROR | Error getting candle data for ENIL-EQ: Couldn't parse the JSON response received from the server: b'Access denied because of exceeding access rate'
2026-08-12 14:31:34,194 | ERROR | Error getting candle data for KEC-EQ: Couldn't parse the JSON response received from the server: b'Access denied because of exceeding access rate'
2026-08-12 14:31:42,908 | ERROR | Error getting candle data for BANKADD-EQ: Couldn't parse the JSON response received from the server: b'Access denied because of exceeding access rate'
2026-08-12 14:31:49,478 | ERROR | Error getting candle data for GREENPANEL-EQ: Couldn't parse the JSON response received from the server: b'Access denied because of exceeding access rate'
2026-08-12 14:31:51,593 | ERROR | Error getting candle data for KUANTUM-EQ: Couldn't parse the JSON response received from the server: b'Access denied because of exceeding access rate'
2026-08-12 14:31:51,637 | INFO | OPENED SELL on KUANTUM-EQ | LTP: 84.96 | Prob: 92.0%
2026-08-12 14:31:54,013 | ERROR | Error getting candle data for CREST-EQ: Couldn't parse the JSON response received from the server: b'Access denied because of exceeding access rate'
2026-08-12 14:32:12,547 | INFO | Fetched 2486 NSE stocks
2026-08-12 14:32:17,381 | ERROR | Error getting candle data for NIFTYBETA-EQ: Couldn't parse the JSON response received from the server: b'Access denied because of exceeding access rate'
2026-08-12 14:32:20,204 | INFO | OPENED SELL on KRBL-EQ | LTP: 368.75 | Prob: 90.0%
2026-08-12 14:32:23,068 | ERROR | Error getting candle data for SPORTKING-EQ: Couldn't parse the JSON response received from the server: b'Access denied because of exceeding access rate'
2026-08-12 14:32:27,942 | ERROR | Error getting candle data for PETRONET-EQ: Couldn't parse the JSON response received from the server: b'Access denied because of exceeding access rate'
2026-08-12 14:32:34,217 | ERROR | Error getting candle data for MCLEODRUSS-EQ: Couldn't parse the JSON response received from the server: b'Access denied because of exceeding access rate'
2026-08-12 14:32:42,119 | ERROR | Error getting candle data for SWSOLAR-EQ: Couldn't parse the JSON response received from the server: b'Access denied because of exceeding access rate'
2026-08-12 14:32:44,161 | ERROR | Error getting candle data for AMBUJACEM-EQ: Couldn't parse the JSON response received from the server: b'Access denied because of exceeding access rate'
2026-08-12 14:32:46,236 | ERROR | Error getting candle data for NPBET-EQ: Couldn't parse the JSON response received from the server: b'Access denied because of exceeding access rate'
2026-08-12 14:32:48,262 | ERROR | Error getting candle data for EKC-EQ: Couldn't parse the JSON response received from the server: b'Access denied because of exceeding access rate'
2026-08-12 14:32:50,398 | ERROR | Error getting candle data for GSEC10IETF-EQ: Couldn't parse the JSON response received from the server: b'Access denied because of exceeding access rate'
2026-08-12 14:32:54,691 | ERROR | Error getting candle data for ENIL-EQ: Couldn't parse the JSON response received from the server: b'Access denied because of exceeding access rate'
2026-08-12 14:33:02,500 | ERROR | Error getting candle data for MALUPAPER-EQ: Couldn't parse the JSON response received from the server: b'Access denied because of exceeding access rate'
2026-08-12 14:33:13,431 | ERROR | Error getting candle data for GREENPANEL-EQ: Couldn't parse the JSON response received from the server: b'Access denied because of exceeding access rate'
2026-08-12 14:33:15,455 | ERROR | Error getting candle data for KUANTUM-EQ: Couldn't parse the JSON response received from the server: b'Access denied because of exceeding access rate'
2026-08-12 14:33:20,472 | ERROR | Error getting candle data for IGPL-EQ: Couldn't parse the JSON response received from the server: b'Access denied because of exceeding access rate'
2026-08-12 14:33:41,979 | INFO | Fetched 2486 NSE stocks
2026-08-12 14:33:48,296 | ERROR | Error getting candle data for FINPIPE-EQ: Couldn't parse the JSON response received from the server: b'Access denied because of exceeding access rate'
2026-08-12 14:33:52,125 | ERROR | Error getting candle data for NIFTYBETA-EQ: Couldn't parse the JSON response received from the server: b'Access denied because of exceeding access rate'
2026-08-12 14:34:04,552 | ERROR | Error getting candle data for SPORTKING-EQ: Couldn't parse the JSON response received from the server: b'Access denied because of exceeding access rate'
2026-08-12 14:34:09,479 | ERROR | Error getting candle data for PETRONET-EQ: Couldn't parse the JSON response received from the server: b'Access denied because of exceeding access rate'
2026-08-12 14:34:15,710 | ERROR | Error getting candle data for MCLEODRUSS-EQ: Couldn't parse the JSON response received from the server: b'Access denied because of exceeding access rate'
2026-08-12 14:34:23,513 | ERROR | Error getting candle data for SWSOLAR-EQ: Couldn't parse the JSON response received from the server: b'Access denied because of exceeding access rate'
2026-08-12 14:34:27,749 | ERROR | Error getting candle data for NPBET-EQ: Couldn't parse the JSON response received from the server: b'Access denied because of exceeding access rate'
2026-08-12 14:34:29,943 | INFO | OPENED SELL on EKC-EQ | LTP: 112.7 | Prob: 83.0%
2026-08-12 14:34:37,749 | ERROR | Error getting candle data for COMMOIETF-EQ: Couldn't parse the JSON response received from the server: b'Access denied because of exceeding access rate'
2026-08-12 14:34:46,192 | ERROR | Error getting candle data for EMAMILTD-EQ: Couldn't parse the JSON response received from the server: b'Access denied because of exceeding access rate'
2026-08-12 14:34:46,236 | INFO | OPENED SELL on EMAMILTD-EQ | LTP: 397.95 | Prob: 90.0%
2026-08-12 14:34:58,068 | INFO | OPENED SELL on CREST-EQ | LTP: 368.0 | Prob: 91.0%
2026-08-12 14:35:00,884 | ERROR | Error getting candle data for IGPL-EQ: Couldn't parse the JSON response received from the server: b'Access denied because of exceeding access rate'
2026-08-12 14:35:24,337 | INFO | Fetched 2486 NSE stocks
2026-08-12 14:35:37,244 | ERROR | Error getting candle data for KRBL-EQ: Couldn't parse the JSON response received from the server: b'Access denied because of exceeding access rate'
2026-08-12 14:35:40,033 | ERROR | Error getting candle data for SPORTKING-EQ: Couldn't parse the JSON response received from the server: b'Access denied because of exceeding access rate'
2026-08-12 14:35:42,823 | ERROR | Error getting candle data for INDORAMA-EQ: Couldn't parse the JSON response received from the server: b'Access denied because of exceeding access rate'
2026-08-12 14:35:54,795 | ERROR | Error getting candle data for ESG-EQ: Couldn't parse the JSON response received from the server: b'Access denied because of exceeding access rate'
2026-08-12 14:35:59,761 | ERROR | Error getting candle data for SWSOLAR-EQ: Couldn't parse the JSON response received from the server: b'Access denied because of exceeding access rate'
2026-08-12 14:36:01,909 | ERROR | Error getting candle data for AMBUJACEM-EQ: Couldn't parse the JSON response received from the server: b'Access denied because of exceeding access rate'
2026-08-12 14:36:07,532 | INFO | CLOSED SELL on EKC-EQ | Entry: 112.7 | Exit: 112.52 | PnL: 0.18000000000000682
2026-08-12 14:36:18,296 | ERROR | Error getting candle data for KEC-EQ: Couldn't parse the JSON response received from the server: b'Access denied because of exceeding access rate'
2026-08-12 14:36:21,126 | ERROR | Error getting candle data for MALUPAPER-EQ: Couldn't parse the JSON response received from the server: b'Access denied because of exceeding access rate'
2026-08-12 14:36:26,727 | ERROR | Error getting candle data for BANKADD-EQ: Couldn't parse the JSON response received from the server: b'Access denied because of exceeding access rate'
2026-08-12 14:36:35,860 | ERROR | Error getting candle data for CREST-EQ: Couldn't parse the JSON response received from the server: b'Access denied because of exceeding access rate'
2026-08-12 14:36:59,003 | INFO | Fetched 2486 NSE stocks
2026-08-12 14:37:02,079 | ERROR | Error getting candle data for FINPIPE-EQ: Couldn't parse the JSON response received from the server: b'Access denied because of exceeding access rate'
2026-08-12 14:37:02,121 | INFO | OPENED BUY on FINPIPE-EQ | LTP: 161.58 | Prob: 80.0%
2026-08-12 14:37:04,244 | ERROR | Error getting candle data for NIFTYBETA-EQ: Couldn't parse the JSON response received from the server: b'Access denied because of exceeding access rate'
2026-08-12 14:37:09,855 | ERROR | Error getting candle data for SPORTKING-EQ: Couldn't parse the JSON response received from the server: b'Access denied because of exceeding access rate'
2026-08-12 14:37:12,910 | ERROR | Error getting candle data for INDORAMA-EQ: Couldn't parse the JSON response received from the server: b'Access denied because of exceeding access rate'
2026-08-12 14:37:27,781 | ERROR | Error getting candle data for GREAVESCOT-EQ: Couldn't parse the JSON response received from the server: b'Access denied because of exceeding access rate'
2026-08-12 14:37:29,992 | ERROR | Error getting candle data for SWSOLAR-EQ: Couldn't parse the JSON response received from the server: b'Access denied because of exceeding access rate'
2026-08-12 14:37:35,028 | ERROR | Error getting candle data for NPBET-EQ: Couldn't parse the JSON response received from the server: b'Access denied because of exceeding access rate'
2026-08-12 14:37:37,548 | ERROR | Error getting candle data for EKC-EQ: Couldn't parse the JSON response received from the server: b'Access denied because of exceeding access rate'
2026-08-12 14:37:43,776 | ERROR | Error getting candle data for ENIL-EQ: Couldn't parse the JSON response received from the server: b'Access denied because of exceeding access rate'
2026-08-12 14:37:45,996 | ERROR | Error getting candle data for COMMOIETF-EQ: Couldn't parse the JSON response received from the server: b'Access denied because of exceeding access rate'
2026-08-12 14:37:46,031 | INFO | CLOSED SELL on COMMOIETF-EQ | Entry: 100.62 | Exit: 100.57 | PnL: 0.05000000000001137
2026-08-12 14:37:53,718 | ERROR | Error getting candle data for MALUPAPER-EQ: Couldn't parse the JSON response received from the server: b'Access denied because of exceeding access rate'
2026-08-12 14:37:56,788 | ERROR | Error getting candle data for EMAMILTD-EQ: Couldn't parse the JSON response received from the server: b'Access denied because of exceeding access rate'
2026-08-12 14:38:02,958 | ERROR | Error getting candle data for AERONEU-EQ: Couldn't parse the JSON response received from the server: b'Access denied because of exceeding access rate'
2026-08-12 14:38:33,743 | INFO | Fetched 2486 NSE stocks
2026-08-12 14:38:36,502 | ERROR | Error getting candle data for FINPIPE-EQ: Couldn't parse the JSON response received from the server: b'Access denied because of exceeding access rate'
2026-08-12 14:38:41,540 | ERROR | Error getting candle data for KRBL-EQ: Couldn't parse the JSON response received from the server: b'Access denied because of exceeding access rate'
2026-08-12 14:38:55,429 | ERROR | Error getting candle data for MCLEODRUSS-EQ: Couldn't parse the JSON response received from the server: b'Access denied because of exceeding access rate'
2026-08-12 14:38:58,236 | ERROR | Error getting candle data for ESG-EQ: Couldn't parse the JSON response received from the server: b'Access denied because of exceeding access rate'
2026-08-12 14:39:00,917 | ERROR | Error getting candle data for GREAVESCOT-EQ: Couldn't parse the JSON response received from the server: b'Access denied because of exceeding access rate'
2026-08-12 14:39:03,604 | ERROR | Error getting candle data for SWSOLAR-EQ: Couldn't parse the JSON response received from the server: b'Access denied because of exceeding access rate'
2026-08-12 14:39:08,109 | ERROR | Error getting candle data for NPBET-EQ: Couldn't parse the JSON response received from the server: b'Access denied because of exceeding access rate'
2026-08-12 14:39:10,180 | ERROR | Error getting candle data for EKC-EQ: Couldn't parse the JSON response received from the server: b'Access denied because of exceeding access rate'
2026-08-12 14:39:16,760 | ERROR | Error getting candle data for ENIL-EQ: Couldn't parse the JSON response received from the server: b'Access denied because of exceeding access rate'
2026-08-12 14:39:24,927 | ERROR | Error getting candle data for MALUPAPER-EQ: Couldn't parse the JSON response received from the server: b'Access denied because of exceeding access rate'
2026-08-12 14:39:28,645 | ERROR | Error getting candle data for EMAMILTD-EQ: Couldn't parse the JSON response received from the server: b'Access denied because of exceeding access rate'
2026-08-12 14:39:36,166 | ERROR | Error getting candle data for GREENPANEL-EQ: Couldn't parse the JSON response received from the server: b'Access denied because of exceeding access rate'
2026-08-12 14:39:38,305 | INFO | CLOSED SELL on KUANTUM-EQ | Entry: 84.96 | Exit: 84.95 | PnL: 0.009999999999990905
2026-08-12 14:39:40,389 | ERROR | Error getting candle data for CREST-EQ: Couldn't parse the JSON response received from the server: b'Access denied because of exceeding access rate'
2026-08-12 14:39:43,104 | ERROR | Error getting candle data for IGPL-EQ: Couldn't parse the JSON response received from the server: b'Access denied because of exceeding access rate'
2026-08-12 14:40:03,246 | INFO | Fetched 2486 NSE stocks
2026-08-12 14:40:05,874 | ERROR | Error getting candle data for FINPIPE-EQ: Couldn't parse the JSON response received from the server: b'Access denied because of exceeding access rate'
2026-08-12 14:40:07,967 | ERROR | Error getting candle data for NIFTYBETA-EQ: Couldn't parse the JSON response received from the server: b'Access denied because of exceeding access rate'
2026-08-12 14:40:24,547 | ERROR | Error getting candle data for MCLEODRUSS-EQ: Couldn't parse the JSON response received from the server: b'Access denied because of exceeding access rate'
2026-08-12 14:40:27,343 | ERROR | Error getting candle data for ESG-EQ: Couldn't parse the JSON response received from the server: b'Access denied because of exceeding access rate'
2026-08-12 14:40:30,069 | ERROR | Error getting candle data for GREAVESCOT-EQ: Couldn't parse the JSON response received from the server: b'Access denied because of exceeding access rate'
2026-08-12 14:40:32,244 | INFO | OPENED BUY on SWSOLAR-EQ | LTP: 202.51 | Prob: 79.0%
2026-08-12 14:40:36,531 | ERROR | Error getting candle data for NPBET-EQ: Couldn't parse the JSON response received from the server: b'Access denied because of exceeding access rate'
2026-08-12 14:40:38,666 | ERROR | Error getting candle data for EKC-EQ: Couldn't parse the JSON response received from the server: b'Access denied because of exceeding access rate'
2026-08-12 14:40:40,701 | ERROR | Error getting candle data for GSEC10IETF-EQ: Couldn't parse the JSON response received from the server: b'Access denied because of exceeding access rate'
2026-08-12 14:40:44,062 | ERROR | Error getting candle data for ENIL-EQ: Couldn't parse the JSON response received from the server: b'Access denied because of exceeding access rate'
2026-08-12 14:40:46,143 | ERROR | Error getting candle data for COMMOIETF-EQ: Couldn't parse the JSON response received from the server: b'Access denied because of exceeding access rate'
2026-08-12 14:40:48,886 | ERROR | Error getting candle data for KEC-EQ: Couldn't parse the JSON response received from the server: b'Access denied because of exceeding access rate'
2026-08-12 14:40:57,189 | ERROR | Error getting candle data for BANKADD-EQ: Couldn't parse the JSON response received from the server: b'Access denied because of exceeding access rate'
2026-08-12 14:41:04,183 | ERROR | Error getting candle data for KUANTUM-EQ: Couldn't parse the JSON response received from the server: b'Access denied because of exceeding access rate'
2026-08-12 14:41:09,117 | ERROR | Error getting candle data for IGPL-EQ: Couldn't parse the JSON response received from the server: b'Access denied because of exceeding access rate'
2026-08-12 14:41:38,638 | INFO | Fetched 2486 NSE stocks
2026-08-12 14:41:43,450 | ERROR | Error getting candle data for NIFTYBETA-EQ: Couldn't parse the JSON response received from the server: b'Access denied because of exceeding access rate'
2026-08-12 14:41:49,009 | ERROR | Error getting candle data for SPORTKING-EQ: Couldn't parse the JSON response received from the server: b'Access denied because of exceeding access rate'
2026-08-12 14:41:51,862 | ERROR | Error getting candle data for INDORAMA-EQ: Couldn't parse the JSON response received from the server: b'Access denied because of exceeding access rate'
2026-08-12 14:41:53,998 | ERROR | Error getting candle data for PETRONET-EQ: Couldn't parse the JSON response received from the server: b'Access denied because of exceeding access rate'
2026-08-12 14:42:01,037 | ERROR | Error getting candle data for MCLEODRUSS-EQ: Couldn't parse the JSON response received from the server: b'Access denied because of exceeding access rate'
2026-08-12 14:42:03,958 | ERROR | Error getting candle data for ESG-EQ: Couldn't parse the JSON response received from the server: b'Access denied because of exceeding access rate'
2026-08-12 14:42:09,987 | ERROR | Error getting candle data for SWSOLAR-EQ: Couldn't parse the JSON response received from the server: b'Access denied because of exceeding access rate'
2026-08-12 14:42:10,034 | INFO | OPENED SELL on SWSOLAR-EQ | LTP: 202.67 | Prob: 90.0%
2026-08-12 14:42:26,560 | ERROR | Error getting candle data for KEC-EQ: Couldn't parse the JSON response received from the server: b'Access denied because of exceeding access rate'
2026-08-12 14:42:26,581 | INFO | OPENED SELL on KEC-EQ | LTP: 443.5 | Prob: 91.0%
2026-08-12 14:42:29,285 | ERROR | Error getting candle data for MALUPAPER-EQ: Couldn't parse the JSON response received from the server: b'Access denied because of exceeding access rate'
2026-08-12 14:42:34,926 | ERROR | Error getting candle data for BANKADD-EQ: Couldn't parse the JSON response received from the server: b'Access denied because of exceeding access rate'
2026-08-12 14:42:43,866 | ERROR | Error getting candle data for CREST-EQ: Couldn't parse the JSON response received from the server: b'Access denied because of exceeding access rate'
2026-08-12 14:42:46,596 | ERROR | Error getting candle data for IGPL-EQ: Couldn't parse the JSON response received from the server: b'Access denied because of exceeding access rate'
2026-08-12 14:43:03,573 | INFO | Fetched 2486 NSE stocks
2026-08-12 14:43:06,237 | INFO | OPENED SELL on FINPIPE-EQ | LTP: 161.61 | Prob: 90.0%
2026-08-12 14:43:11,104 | ERROR | Error getting candle data for KRBL-EQ: Couldn't parse the JSON response received from the server: b'Access denied because of exceeding access rate'
2026-08-12 14:43:13,990 | ERROR | Error getting candle data for SPORTKING-EQ: Couldn't parse the JSON response received from the server: b'Access denied because of exceeding access rate'
2026-08-12 14:43:19,073 | ERROR | Error getting candle data for PETRONET-EQ: Couldn't parse the JSON response received from the server: b'Access denied because of exceeding access rate'
2026-08-12 14:43:31,297 | ERROR | Error getting candle data for GREAVESCOT-EQ: Couldn't parse the JSON response received from the server: b'Access denied because of exceeding access rate'
2026-08-12 14:43:33,450 | ERROR | Error getting candle data for SWSOLAR-EQ: Couldn't parse the JSON response received from the server: b'Access denied because of exceeding access rate'
2026-08-12 14:43:35,537 | ERROR | Error getting candle data for AMBUJACEM-EQ: Couldn't parse the JSON response received from the server: b'Access denied because of exceeding access rate'
2026-08-12 14:43:39,620 | ERROR | Error getting candle data for EKC-EQ: Couldn't parse the JSON response received from the server: b'Access denied because of exceeding access rate'
2026-08-12 14:43:41,684 | ERROR | Error getting candle data for GSEC10IETF-EQ: Couldn't parse the JSON response received from the server: b'Access denied because of exceeding access rate'
2026-08-12 14:43:50,340 | INFO | OPENED BUY on KEC-EQ | LTP: 443.3 | Prob: 81.0%
2026-08-12 14:43:55,770 | ERROR | Error getting candle data for EMAMILTD-EQ: Couldn't parse the JSON response received from the server: b'Access denied because of exceeding access rate'
2026-08-12 14:43:58,554 | ERROR | Error getting candle data for BANKADD-EQ: Couldn't parse the JSON response received from the server: b'Access denied because of exceeding access rate'
2026-08-12 14:44:00,680 | ERROR | Error getting candle data for AERONEU-EQ: Couldn't parse the JSON response received from the server: b'Access denied because of exceeding access rate'
2026-08-12 14:44:10,680 | ERROR | Error getting candle data for CREST-EQ: Couldn't parse the JSON response received from the server: b'Access denied because of exceeding access rate'
2026-08-12 14:44:42,947 | INFO | Fetched 2486 NSE stocks
2026-08-12 14:44:53,950 | ERROR | Error getting candle data for KRBL-EQ: Couldn't parse the JSON response received from the server: b'Access denied because of exceeding access rate'
2026-08-12 14:45:02,061 | INFO | OPENED BUY on PETRONET-EQ | LTP: 279.65 | Prob: 79.0%
2026-08-12 14:45:14,053 | ERROR | Error getting candle data for GREAVESCOT-EQ: Couldn't parse the JSON response received from the server: b'Access denied because of exceeding access rate'
2026-08-12 14:45:18,257 | ERROR | Error getting candle data for AMBUJACEM-EQ: Couldn't parse the JSON response received from the server: b'Access denied because of exceeding access rate'
2026-08-12 14:45:28,158 | ERROR | Error getting candle data for ENIL-EQ: Couldn't parse the JSON response received from the server: b'Access denied because of exceeding access rate'
2026-08-12 14:45:33,117 | ERROR | Error getting candle data for KEC-EQ: Couldn't parse the JSON response received from the server: b'Access denied because of exceeding access rate'
2026-08-12 14:45:35,916 | ERROR | Error getting candle data for MALUPAPER-EQ: Couldn't parse the JSON response received from the server: b'Access denied because of exceeding access rate'
2026-08-12 14:45:42,268 | ERROR | Error getting candle data for BANKADD-EQ: Couldn't parse the JSON response received from the server: b'Access denied because of exceeding access rate'
2026-08-12 14:45:44,338 | ERROR | Error getting candle data for AERONEU-EQ: Couldn't parse the JSON response received from the server: b'Access denied because of exceeding access rate'
2026-08-12 14:45:47,160 | ERROR | Error getting candle data for GREENPANEL-EQ: Couldn't parse the JSON response received from the server: b'Access denied because of exceeding access rate'
2026-08-12 14:45:49,234 | ERROR | Error getting candle data for KUANTUM-EQ: Couldn't parse the JSON response received from the server: b'Access denied because of exceeding access rate'
2026-08-12 14:45:51,361 | ERROR | Error getting candle data for CREST-EQ: Couldn't parse the JSON response received from the server: b'Access denied because of exceeding access rate'
2026-08-12 14:45:54,077 | ERROR | Error getting candle data for IGPL-EQ: Couldn't parse the JSON response received from the server: b'Access denied because of exceeding access rate'
2026-08-12 14:46:19,076 | INFO | Fetched 2486 NSE stocks
2026-08-12 14:46:21,806 | INFO | OPENED BUY on FINPIPE-EQ | LTP: 161.57 | Prob: 80.0%
2026-08-12 14:46:23,946 | ERROR | Error getting candle data for NIFTYBETA-EQ: Couldn't parse the JSON response received from the server: b'Access denied because of exceeding access rate'
2026-08-12 14:46:26,699 | ERROR | Error getting candle data for KRBL-EQ: Couldn't parse the JSON response received from the server: b'Access denied because of exceeding access rate'
2026-08-12 14:46:29,453 | ERROR | Error getting candle data for SPORTKING-EQ: Couldn't parse the JSON response received from the server: b'Access denied because of exceeding access rate'
2026-08-12 14:46:32,367 | ERROR | Error getting candle data for INDORAMA-EQ: Couldn't parse the JSON response received from the server: b'Access denied because of exceeding access rate'
2026-08-12 14:46:34,639 | ERROR | Error getting candle data for PETRONET-EQ: Couldn't parse the JSON response received from the server: b'Access denied because of exceeding access rate'
2026-08-12 14:46:34,684 | INFO | OPENED SELL on PETRONET-EQ | LTP: 279.7 | Prob: 90.0%
2026-08-12 14:46:44,613 | ERROR | Error getting candle data for ESG-EQ: Couldn't parse the JSON response received from the server: b'Access denied because of exceeding access rate'
2026-08-12 14:46:49,688 | ERROR | Error getting candle data for SWSOLAR-EQ: Couldn't parse the JSON response received from the server: b'Access denied because of exceeding access rate'
2026-08-12 14:46:54,416 | ERROR | Error getting candle data for NPBET-EQ: Couldn't parse the JSON response received from the server: b'Access denied because of exceeding access rate'
2026-08-12 14:46:56,665 | ERROR | Error getting candle data for EKC-EQ: Couldn't parse the JSON response received from the server: b'Access denied because of exceeding access rate'
2026-08-12 14:47:02,440 | ERROR | Error getting candle data for ENIL-EQ: Couldn't parse the JSON response received from the server: b'Access denied because of exceeding access rate'
2026-08-12 14:47:08,014 | ERROR | Error getting candle data for KEC-EQ: Couldn't parse the JSON response received from the server: b'Access denied because of exceeding access rate'
2026-08-12 14:47:08,057 | INFO | OPENED SELL on KEC-EQ | LTP: 443.55 | Prob: 90.0%
2026-08-12 14:47:13,544 | ERROR | Error getting candle data for EMAMILTD-EQ: Couldn't parse the JSON response received from the server: b'Access denied because of exceeding access rate'
2026-08-12 14:47:28,063 | ERROR | Error getting candle data for GREENPANEL-EQ: Couldn't parse the JSON response received from the server: b'Access denied because of exceeding access rate'
2026-08-12 14:47:38,636 | ERROR | Error getting candle data for CREST-EQ: Couldn't parse the JSON response received from the server: b'Access denied because of exceeding access rate'
2026-08-12 14:47:47,696 | ERROR | Error getting candle data for IGPL-EQ: Couldn't parse the JSON response received from the server: b'Access denied because of exceeding access rate'
2026-08-12 14:48:15,781 | INFO | Fetched 2486 NSE stocks
2026-08-12 14:48:18,628 | ERROR | Error getting candle data for FINPIPE-EQ: Couldn't parse the JSON response received from the server: b'Access denied because of exceeding access rate'
2026-08-12 14:48:38,170 | INFO | CLOSED SELL on MCLEODRUSS-EQ | Entry: 47.45 | Exit: 47.62 | PnL: -0.1699999999999946
2026-08-12 14:48:40,844 | ERROR | Error getting candle data for ESG-EQ: Couldn't parse the JSON response received from the server: b'Access denied because of exceeding access rate'
2026-08-12 14:48:45,833 | ERROR | Error getting candle data for SWSOLAR-EQ: Couldn't parse the JSON response received from the server: b'Access denied because of exceeding access rate'
2026-08-12 14:48:47,838 | ERROR | Error getting candle data for AMBUJACEM-EQ: Couldn't parse the JSON response received from the server: b'Access denied because of exceeding access rate'
2026-08-12 14:48:58,141 | ERROR | Error getting candle data for ENIL-EQ: Couldn't parse the JSON response received from the server: b'Access denied because of exceeding access rate'
2026-08-12 14:49:03,091 | ERROR | Error getting candle data for KEC-EQ: Couldn't parse the JSON response received from the server: b'Access denied because of exceeding access rate'
2026-08-12 14:49:06,003 | ERROR | Error getting candle data for MALUPAPER-EQ: Couldn't parse the JSON response received from the server: b'Access denied because of exceeding access rate'
2026-08-12 14:49:14,226 | ERROR | Error getting candle data for AERONEU-EQ: Couldn't parse the JSON response received from the server: b'Access denied because of exceeding access rate'
2026-08-12 14:49:14,262 | INFO | OPENED SELL on AERONEU-EQ | LTP: 84.0 | Prob: 93.0%
2026-08-12 14:49:17,027 | ERROR | Error getting candle data for GREENPANEL-EQ: Couldn't parse the JSON response received from the server: b'Access denied because of exceeding access rate'
2026-08-12 14:49:53,856 | INFO | Fetched 2486 NSE stocks
2026-08-12 14:49:56,559 | ERROR | Error getting candle data for FINPIPE-EQ: Couldn't parse the JSON response received from the server: b'Access denied because of exceeding access rate'
2026-08-12 14:49:58,656 | ERROR | Error getting candle data for NIFTYBETA-EQ: Couldn't parse the JSON response received from the server: b'Access denied because of exceeding access rate'
2026-08-12 14:50:01,656 | ERROR | Error getting candle data for KRBL-EQ: Couldn't parse the JSON response received from the server: b'Access denied because of exceeding access rate'
2026-08-12 14:50:04,595 | ERROR | Error getting candle data for SPORTKING-EQ: Couldn't parse the JSON response received from the server: b'Access denied because of exceeding access rate'
2026-08-12 14:50:09,871 | ERROR | Error getting candle data for PETRONET-EQ: Couldn't parse the JSON response received from the server: b'Access denied because of exceeding access rate'
2026-08-12 14:50:21,625 | INFO | OPENED BUY on GREAVESCOT-EQ | LTP: 193.83 | Prob: 80.0%
2026-08-12 14:50:23,775 | INFO | OPENED BUY on SWSOLAR-EQ | LTP: 202.57 | Prob: 78.0%
2026-08-12 14:50:27,908 | ERROR | Error getting candle data for NPBET-EQ: Couldn't parse the JSON response received from the server: b'Access denied because of exceeding access rate'
2026-08-12 14:50:32,114 | ERROR | Error getting candle data for GSEC10IETF-EQ: Couldn't parse the JSON response received from the server: b'Access denied because of exceeding access rate'
2026-08-12 14:50:37,536 | ERROR | Error getting candle data for COMMOIETF-EQ: Couldn't parse the JSON response received from the server: b'Access denied because of exceeding access rate'
2026-08-12 14:50:40,360 | ERROR | Error getting candle data for KEC-EQ: Couldn't parse the JSON response received from the server: b'Access denied because of exceeding access rate'
2026-08-12 14:50:43,206 | ERROR | Error getting candle data for MALUPAPER-EQ: Couldn't parse the JSON response received from the server: b'Access denied because of exceeding access rate'
2026-08-12 14:50:45,914 | ERROR | Error getting candle data for EMAMILTD-EQ: Couldn't parse the JSON response received from the server: b'Access denied because of exceeding access rate'
2026-08-12 14:50:48,710 | ERROR | Error getting candle data for BANKADD-EQ: Couldn't parse the JSON response received from the server: b'Access denied because of exceeding access rate'
2026-08-12 14:50:53,560 | ERROR | Error getting candle data for GREENPANEL-EQ: Couldn't parse the JSON response received from the server: b'Access denied because of exceeding access rate'
2026-08-12 14:50:55,694 | ERROR | Error getting candle data for KUANTUM-EQ: Couldn't parse the JSON response received from the server: b'Access denied because of exceeding access rate'
2026-08-12 14:50:55,738 | INFO | OPENED SELL on KUANTUM-EQ | LTP: 85.08 | Prob: 93.0%
2026-08-12 14:51:00,837 | ERROR | Error getting candle data for IGPL-EQ: Couldn't parse the JSON response received from the server: b'Access denied because of exceeding access rate'
2026-08-12 14:51:18,977 | INFO | Fetched 2486 NSE stocks
2026-08-12 14:51:26,805 | ERROR | Error getting candle data for KRBL-EQ: Couldn't parse the JSON response received from the server: b'Access denied because of exceeding access rate'
2026-08-12 14:51:32,289 | ERROR | Error getting candle data for INDORAMA-EQ: Couldn't parse the JSON response received from the server: b'Access denied because of exceeding access rate'
2026-08-12 14:51:43,336 | ERROR | Error getting candle data for ESG-EQ: Couldn't parse the JSON response received from the server: b'Access denied because of exceeding access rate'
2026-08-12 14:51:48,219 | INFO | OPENED SELL on SWSOLAR-EQ | LTP: 202.6 | Prob: 90.0%
2026-08-12 14:51:52,401 | ERROR | Error getting candle data for NPBET-EQ: Couldn't parse the JSON response received from the server: b'Access denied because of exceeding access rate'
2026-08-12 14:51:56,639 | ERROR | Error getting candle data for GSEC10IETF-EQ: Couldn't parse the JSON response received from the server: b'Access denied because of exceeding access rate'
2026-08-12 14:52:05,308 | ERROR | Error getting candle data for KEC-EQ: Couldn't parse the JSON response received from the server: b'Access denied because of exceeding access rate'
2026-08-12 14:52:08,272 | INFO | OPENED SELL on MALUPAPER-EQ | LTP: 31.67 | Prob: 98.0%
2026-08-12 14:52:10,995 | ERROR | Error getting candle data for EMAMILTD-EQ: Couldn't parse the JSON response received from the server: b'Access denied because of exceeding access rate'
2026-08-12 14:52:13,797 | ERROR | Error getting candle data for BANKADD-EQ: Couldn't parse the JSON response received from the server: b'Access denied because of exceeding access rate'
2026-08-12 14:52:24,580 | ERROR | Error getting candle data for KUANTUM-EQ: Couldn't parse the JSON response received from the server: b'Access denied because of exceeding access rate'
2026-08-12 14:53:09,409 | INFO | Fetched 2486 NSE stocks
2026-08-12 14:53:21,187 | ERROR | Error getting candle data for SPORTKING-EQ: Couldn't parse the JSON response received from the server: b'Access denied because of exceeding access rate'
2026-08-12 14:53:24,214 | ERROR | Error getting candle data for INDORAMA-EQ: Couldn't parse the JSON response received from the server: b'Access denied because of exceeding access rate'
2026-08-12 14:53:26,336 | INFO | OPENED BUY on PETRONET-EQ | LTP: 279.65 | Prob: 79.0%
2026-08-12 14:53:32,478 | ERROR | Error getting candle data for MCLEODRUSS-EQ: Couldn't parse the JSON response received from the server: b'Access denied because of exceeding access rate'
2026-08-12 14:53:35,273 | ERROR | Error getting candle data for ESG-EQ: Couldn't parse the JSON response received from the server: b'Access denied because of exceeding access rate'
2026-08-12 14:53:38,084 | ERROR | Error getting candle data for GREAVESCOT-EQ: Couldn't parse the JSON response received from the server: b'Access denied because of exceeding access rate'
2026-08-12 14:53:40,161 | ERROR | Error getting candle data for SWSOLAR-EQ: Couldn't parse the JSON response received from the server: b'Access denied because of exceeding access rate'
2026-08-12 14:53:40,182 | INFO | OPENED BUY on SWSOLAR-EQ | LTP: 202.47 | Prob: 79.0%
2026-08-12 14:53:42,298 | ERROR | Error getting candle data for AMBUJACEM-EQ: Couldn't parse the JSON response received from the server: b'Access denied because of exceeding access rate'
2026-08-12 14:53:46,481 | INFO | OPENED SELL on EKC-EQ | LTP: 112.6 | Prob: 86.0%
2026-08-12 14:54:00,084 | ERROR | Error getting candle data for MALUPAPER-EQ: Couldn't parse the JSON response received from the server: b'Access denied because of exceeding access rate'
2026-08-12 14:54:00,120 | INFO | CLOSED SELL on MALUPAPER-EQ | Entry: 31.67 | Exit: 31.56 | PnL: 0.11000000000000298
2026-08-12 14:54:08,448 | ERROR | Error getting candle data for AERONEU-EQ: Couldn't parse the JSON response received from the server: b'Access denied because of exceeding access rate'
2026-08-12 14:54:13,384 | ERROR | Error getting candle data for KUANTUM-EQ: Couldn't parse the JSON response received from the server: b'Access denied because of exceeding access rate'
2026-08-12 14:54:15,473 | ERROR | Error getting candle data for CREST-EQ: Couldn't parse the JSON response received from the server: b'Access denied because of exceeding access rate'
2026-08-12 14:54:34,370 | INFO | Fetched 2486 NSE stocks
2026-08-12 14:54:41,920 | ERROR | Error getting candle data for KRBL-EQ: Couldn't parse the JSON response received from the server: b'Access denied because of exceeding access rate'
2026-08-12 14:54:47,526 | ERROR | Error getting candle data for INDORAMA-EQ: Couldn't parse the JSON response received from the server: b'Access denied because of exceeding access rate'
2026-08-12 14:54:49,550 | ERROR | Error getting candle data for PETRONET-EQ: Couldn't parse the JSON response received from the server: b'Access denied because of exceeding access rate'
2026-08-12 14:54:49,572 | INFO | OPENED SELL on PETRONET-EQ | LTP: 279.85 | Prob: 90.0%
2026-08-12 14:54:58,237 | ERROR | Error getting candle data for ESG-EQ: Couldn't parse the JSON response received from the server: b'Access denied because of exceeding access rate'
2026-08-12 14:55:04,468 | INFO | OPENED SELL on SWSOLAR-EQ | LTP: 202.7 | Prob: 90.0%
2026-08-12 14:55:06,471 | ERROR | Error getting candle data for AMBUJACEM-EQ: Couldn't parse the JSON response received from the server: b'Access denied because of exceeding access rate'
2026-08-12 14:55:08,567 | ERROR | Error getting candle data for NPBET-EQ: Couldn't parse the JSON response received from the server: b'Access denied because of exceeding access rate'
2026-08-12 14:55:25,579 | INFO | OPENED SELL on MALUPAPER-EQ | LTP: 31.7 | Prob: 98.0%
2026-08-12 14:55:28,407 | ERROR | Error getting candle data for EMAMILTD-EQ: Couldn't parse the JSON response received from the server: b'Access denied because of exceeding access rate'
2026-08-12 14:55:31,282 | ERROR | Error getting candle data for BANKADD-EQ: Couldn't parse the JSON response received from the server: b'Access denied because of exceeding access rate'
2026-08-12 14:55:33,476 | ERROR | Error getting candle data for AERONEU-EQ: Couldn't parse the JSON response received from the server: b'Access denied because of exceeding access rate'
2026-08-12 14:55:36,227 | ERROR | Error getting candle data for GREENPANEL-EQ: Couldn't parse the JSON response received from the server: b'Access denied because of exceeding access rate'
2026-08-12 14:55:38,242 | ERROR | Error getting candle data for KUANTUM-EQ: Couldn't parse the JSON response received from the server: b'Access denied because of exceeding access rate'
2026-08-12 14:55:40,262 | ERROR | Error getting candle data for CREST-EQ: Couldn't parse the JSON response received from the server: b'Access denied because of exceeding access rate'
2026-08-12 14:55:40,284 | INFO | OPENED BUY on CREST-EQ | LTP: 365.0 | Prob: 82.0%
2026-08-12 14:55:43,008 | INFO | OPENED BUY on IGPL-EQ | LTP: 466.35 | Prob: 89.0%
2026-08-12 14:56:00,266 | INFO | Fetched 2486 NSE stocks
2026-08-12 14:56:02,993 | INFO | OPENED SELL on FINPIPE-EQ | LTP: 161.66 | Prob: 90.0%
2026-08-12 14:56:10,513 | INFO | OPENED SELL on SPORTKING-EQ | LTP: 204.42 | Prob: 92.0%
2026-08-12 14:56:21,575 | INFO | OPENED SELL on MCLEODRUSS-EQ | LTP: 47.77 | Prob: 98.0%
2026-08-12 14:56:24,229 | ERROR | Error getting candle data for ESG-EQ: Couldn't parse the JSON response received from the server: b'Access denied because of exceeding access rate'
2026-08-12 14:56:27,209 | ERROR | Error getting candle data for GREAVESCOT-EQ: Couldn't parse the JSON response received from the server: b'Access denied because of exceeding access rate'
2026-08-12 14:56:31,334 | INFO | OPENED BUY on SWSOLAR-EQ | LTP: 202.51 | Prob: 80.0%
2026-08-12 14:56:33,347 | ERROR | Error getting candle data for AMBUJACEM-EQ: Couldn't parse the JSON response received from the server: b'Access denied because of exceeding access rate'
2026-08-12 14:56:35,354 | ERROR | Error getting candle data for NPBET-EQ: Couldn't parse the JSON response received from the server: b'Access denied because of exceeding access rate'
2026-08-12 14:56:39,785 | ERROR | Error getting candle data for GSEC10IETF-EQ: Couldn't parse the JSON response received from the server: b'Access denied because of exceeding access rate'
2026-08-12 14:56:45,595 | INFO | OPENED SELL on COMMOIETF-EQ | LTP: 100.79 | Prob: 92.0%
2026-08-12 14:56:48,470 | ERROR | Error getting candle data for KEC-EQ: Couldn't parse the JSON response received from the server: b'Access denied because of exceeding access rate'
2026-08-12 14:56:51,149 | ERROR | Error getting candle data for MALUPAPER-EQ: Couldn't parse the JSON response received from the server: b'Access denied because of exceeding access rate'
2026-08-12 14:57:08,771 | ERROR | Error getting candle data for IGPL-EQ: Couldn't parse the JSON response received from the server: b'Access denied because of exceeding access rate'
2026-08-12 14:57:26,482 | INFO | Fetched 2486 NSE stocks
2026-08-12 14:57:29,129 | ERROR | Error getting candle data for FINPIPE-EQ: Couldn't parse the JSON response received from the server: b'Access denied because of exceeding access rate'
2026-08-12 14:57:29,151 | INFO | OPENED BUY on FINPIPE-EQ | LTP: 161.5 | Prob: 80.0%
2026-08-12 14:57:34,454 | ERROR | Error getting candle data for KRBL-EQ: Couldn't parse the JSON response received from the server: b'Access denied because of exceeding access rate'
2026-08-12 14:57:37,306 | ERROR | Error getting candle data for SPORTKING-EQ: Couldn't parse the JSON response received from the server: b'Access denied because of exceeding access rate'
2026-08-12 14:57:37,327 | INFO | OPENED BUY on SPORTKING-EQ | LTP: 204.39 | Prob: 81.0%
2026-08-12 14:57:45,224 | ERROR | Error getting candle data for PETRONET-EQ: Couldn't parse the JSON response received from the server: b'Access denied because of exceeding access rate'
2026-08-12 14:57:54,481 | ERROR | Error getting candle data for ESG-EQ: Couldn't parse the JSON response received from the server: b'Access denied because of exceeding access rate'
2026-08-12 14:57:57,322 | INFO | OPENED SELL on GREAVESCOT-EQ | LTP: 193.87 | Prob: 90.0%
2026-08-12 14:57:59,539 | ERROR | Error getting candle data for SWSOLAR-EQ: Couldn't parse the JSON response received from the server: b'Access denied because of exceeding access rate'
2026-08-12 14:57:59,563 | INFO | OPENED SELL on SWSOLAR-EQ | LTP: 202.65 | Prob: 90.0%
2026-08-12 14:58:03,690 | ERROR | Error getting candle data for NPBET-EQ: Couldn't parse the JSON response received from the server: b'Access denied because of exceeding access rate'
2026-08-12 14:58:05,801 | ERROR | Error getting candle data for EKC-EQ: Couldn't parse the JSON response received from the server: b'Access denied because of exceeding access rate'
2026-08-12 14:58:07,882 | ERROR | Error getting candle data for GSEC10IETF-EQ: Couldn't parse the JSON response received from the server: b'Access denied because of exceeding access rate'
2026-08-12 14:58:24,947 | ERROR | Error getting candle data for BANKADD-EQ: Couldn't parse the JSON response received from the server: b'Access denied because of exceeding access rate'
2026-08-12 14:58:31,967 | ERROR | Error getting candle data for KUANTUM-EQ: Couldn't parse the JSON response received from the server: b'Access denied because of exceeding access rate'
2026-08-12 14:58:32,009 | INFO | CLOSED SELL on KUANTUM-EQ | Entry: 85.08 | Exit: 84.68 | PnL: 0.3999999999999915
2026-08-12 14:58:34,003 | ERROR | Error getting candle data for CREST-EQ: Couldn't parse the JSON response received from the server: b'Access denied because of exceeding access rate'
2026-08-12 14:58:53,239 | INFO | Fetched 2486 NSE stocks
2026-08-12 14:59:06,396 | ERROR | Error getting candle data for INDORAMA-EQ: Couldn't parse the JSON response received from the server: b'Access denied because of exceeding access rate'
2026-08-12 14:59:06,417 | INFO | OPENED SELL on INDORAMA-EQ | LTP: 58.8 | Prob: 94.0%
2026-08-12 14:59:22,436 | INFO | OPENED BUY on SWSOLAR-EQ | LTP: 202.55 | Prob: 79.0%
2026-08-12 14:59:24,544 | ERROR | Error getting candle data for AMBUJACEM-EQ: Couldn't parse the JSON response received from the server: b'Access denied because of exceeding access rate'
2026-08-12 14:59:27,591 | ERROR | Error getting candle data for NPBET-EQ: Couldn't parse the JSON response received from the server: b'Access denied because of exceeding access rate'
2026-08-12 14:59:32,033 | ERROR | Error getting candle data for GSEC10IETF-EQ: Couldn't parse the JSON response received from the server: b'Access denied because of exceeding access rate'
2026-08-12 14:59:35,455 | ERROR | Error getting candle data for ENIL-EQ: Couldn't parse the JSON response received from the server: b'Access denied because of exceeding access rate'
2026-08-12 14:59:41,632 | ERROR | Error getting candle data for KEC-EQ: Couldn't parse the JSON response received from the server: b'Access denied because of exceeding access rate'
2026-08-12 14:59:44,564 | ERROR | Error getting candle data for MALUPAPER-EQ: Couldn't parse the JSON response received from the server: b'Access denied because of exceeding access rate'
2026-08-12 14:59:52,269 | ERROR | Error getting candle data for AERONEU-EQ: Couldn't parse the JSON response received from the server: b'Access denied because of exceeding access rate'
2026-08-12 14:59:55,339 | ERROR | Error getting candle data for GREENPANEL-EQ: Couldn't parse the JSON response received from the server: b'Access denied because of exceeding access rate'
2026-08-12 14:59:57,643 | INFO | OPENED SELL on KUANTUM-EQ | LTP: 85.0 | Prob: 91.0%
2026-08-12 15:00:02,509 | ERROR | Error getting candle data for IGPL-EQ: Couldn't parse the JSON response received from the server: b'Access denied because of exceeding access rate'
2026-08-12 15:00:23,109 | INFO | Fetched 2486 NSE stocks
2026-08-12 15:00:31,678 | ERROR | Error getting candle data for KRBL-EQ: Couldn't parse the JSON response received from the server: b'Access denied because of exceeding access rate'
2026-08-12 15:00:34,541 | INFO | OPENED SELL on SPORTKING-EQ | LTP: 204.87 | Prob: 91.0%
2026-08-12 15:00:51,666 | ERROR | Error getting candle data for GREAVESCOT-EQ: Couldn't parse the JSON response received from the server: b'Access denied because of exceeding access rate'
2026-08-12 15:00:53,857 | INFO | OPENED SELL on SWSOLAR-EQ | LTP: 202.7 | Prob: 90.0%
2026-08-12 15:00:58,159 | ERROR | Error getting candle data for NPBET-EQ: Couldn't parse the JSON response received from the server: b'Access denied because of exceeding access rate'
2026-08-12 15:01:01,349 | ERROR | Error getting candle data for EKC-EQ: Couldn't parse the JSON response received from the server: b'Access denied because of exceeding access rate'
2026-08-12 15:01:08,563 | ERROR | Error getting candle data for GSEC10IETF-EQ: Couldn't parse the JSON response received from the server: b'Access denied because of exceeding access rate'
2026-08-12 15:01:12,346 | ERROR | Error getting candle data for ENIL-EQ: Couldn't parse the JSON response received from the server: b'Access denied because of exceeding access rate'
2026-08-12 15:01:20,202 | ERROR | Error getting candle data for MALUPAPER-EQ: Couldn't parse the JSON response received from the server: b'Access denied because of exceeding access rate'
2026-08-12 15:01:20,243 | INFO | CLOSED SELL on MALUPAPER-EQ | Entry: 31.7 | Exit: 31.56 | PnL: 0.14000000000000057
2026-08-12 15:01:23,051 | INFO | OPENED BUY on EMAMILTD-EQ | LTP: 397.9 | Prob: 79.0%
2026-08-12 15:01:25,789 | ERROR | Error getting candle data for BANKADD-EQ: Couldn't parse the JSON response received from the server: b'Access denied because of exceeding access rate'
2026-08-12 15:01:27,865 | ERROR | Error getting candle data for AERONEU-EQ: Couldn't parse the JSON response received from the server: b'Access denied because of exceeding access rate'
2026-08-12 15:01:27,887 | INFO | CLOSED SELL on AERONEU-EQ | Entry: 84.0 | Exit: 83.53 | PnL: 0.46999999999999886
2026-08-12 15:01:32,884 | ERROR | Error getting candle data for KUANTUM-EQ: Couldn't parse the JSON response received from the server: b'Access denied because of exceeding access rate'
2026-08-12 15:01:35,031 | ERROR | Error getting candle data for CREST-EQ: Couldn't parse the JSON response received from the server: b'Access denied because of exceeding access rate'
2026-08-12 15:02:03,872 | INFO | Fetched 2486 NSE stocks
2026-08-12 15:02:06,715 | INFO | OPENED SELL on FINPIPE-EQ | LTP: 161.63 | Prob: 90.0%
2026-08-12 15:02:11,673 | ERROR | Error getting candle data for KRBL-EQ: Couldn't parse the JSON response received from the server: b'Access denied because of exceeding access rate'
2026-08-12 15:02:14,455 | INFO | OPENED BUY on SPORTKING-EQ | LTP: 204.42 | Prob: 80.0%
2026-08-12 15:02:25,459 | ERROR | Error getting candle data for MCLEODRUSS-EQ: Couldn't parse the JSON response received from the server: b'Access denied because of exceeding access rate'
2026-08-12 15:02:28,281 | ERROR | Error getting candle data for ESG-EQ: Couldn't parse the JSON response received from the server: b'Access denied because of exceeding access rate'
2026-08-12 15:02:31,058 | INFO | OPENED BUY on GREAVESCOT-EQ | LTP: 193.72 | Prob: 80.0%
2026-08-12 15:02:52,065 | ERROR | Error getting candle data for ENIL-EQ: Couldn't parse the JSON response received from the server: b'Access denied because of exceeding access rate'
2026-08-12 15:02:57,336 | ERROR | Error getting candle data for KEC-EQ: Couldn't parse the JSON response received from the server: b'Access denied because of exceeding access rate'
2026-08-12 15:02:57,357 | INFO | OPENED BUY on KEC-EQ | LTP: 442.45 | Prob: 79.0%
2026-08-12 15:03:00,311 | ERROR | Error getting candle data for MALUPAPER-EQ: Couldn't parse the JSON response received from the server: b'Access denied because of exceeding access rate'
2026-08-12 15:03:07,984 | ERROR | Error getting candle data for AERONEU-EQ: Couldn't parse the JSON response received from the server: b'Access denied because of exceeding access rate'
2026-08-12 15:03:10,720 | ERROR | Error getting candle data for GREENPANEL-EQ: Couldn't parse the JSON response received from the server: b'Access denied because of exceeding access rate'
2026-08-12 15:03:40,380 | INFO | Fetched 2486 NSE stocks
2026-08-12 15:03:43,318 | INFO | OPENED BUY on FINPIPE-EQ | LTP: 161.44 | Prob: 81.0%
2026-08-12 15:03:51,199 | ERROR | Error getting candle data for NIFTYBETA-EQ: Couldn't parse the JSON response received from the server: b'Access denied because of exceeding access rate'
2026-08-12 15:03:53,998 | ERROR | Error getting candle data for KRBL-EQ: Couldn't parse the JSON response received from the server: b'Access denied because of exceeding access rate'
2026-08-12 15:03:56,800 | ERROR | Error getting candle data for SPORTKING-EQ: Couldn't parse the JSON response received from the server: b'Access denied because of exceeding access rate'
2026-08-12 15:03:56,841 | INFO | OPENED SELL on SPORTKING-EQ | LTP: 204.6 | Prob: 90.0%
2026-08-12 15:04:03,771 | ERROR | Error getting candle data for PETRONET-EQ: Couldn't parse the JSON response received from the server: b'Access denied because of exceeding access rate'
2026-08-12 15:04:15,589 | INFO | OPENED SELL on GREAVESCOT-EQ | LTP: 193.9 | Prob: 90.0%
2026-08-12 15:04:24,383 | ERROR | Error getting candle data for EKC-EQ: Couldn't parse the JSON response received from the server: b'Access denied because of exceeding access rate'
2026-08-12 15:04:37,760 | ERROR | Error getting candle data for MALUPAPER-EQ: Couldn't parse the JSON response received from the server: b'Access denied because of exceeding access rate'
2026-08-12 15:04:40,691 | ERROR | Error getting candle data for EMAMILTD-EQ: Couldn't parse the JSON response received from the server: b'Access denied because of exceeding access rate'
2026-08-12 15:04:48,386 | ERROR | Error getting candle data for GREENPANEL-EQ: Couldn't parse the JSON response received from the server: b'Access denied because of exceeding access rate'
2026-08-12 15:04:50,432 | ERROR | Error getting candle data for KUANTUM-EQ: Couldn't parse the JSON response received from the server: b'Access denied because of exceeding access rate'
2026-08-12 15:04:55,391 | ERROR | Error getting candle data for IGPL-EQ: Couldn't parse the JSON response received from the server: b'Access denied because of exceeding access rate'
2026-08-12 15:05:14,986 | INFO | Fetched 2486 NSE stocks
2026-08-12 15:05:20,365 | INFO | OPENED BUY on NIFTYBETA-EQ | LTP: 270.55 | Prob: 78.0%
2026-08-12 15:05:23,411 | INFO | OPENED BUY on KRBL-EQ | LTP: 371.85 | Prob: 88.0%
2026-08-12 15:05:29,385 | ERROR | Error getting candle data for INDORAMA-EQ: Couldn't parse the JSON response received from the server: b'Access denied because of exceeding access rate'
2026-08-12 15:05:31,554 | ERROR | Error getting candle data for PETRONET-EQ: Couldn't parse the JSON response received from the server: b'Access denied because of exceeding access rate'
2026-08-12 15:05:31,575 | INFO | OPENED BUY on PETRONET-EQ | LTP: 279.7 | Prob: 81.0%
2026-08-12 15:05:37,838 | ERROR | Error getting candle data for MCLEODRUSS-EQ: Couldn't parse the JSON response received from the server: b'Access denied because of exceeding access rate'
2026-08-12 15:05:37,880 | INFO | CLOSED SELL on MCLEODRUSS-EQ | Entry: 47.77 | Exit: 47.85 | PnL: -0.0799999999999983
2026-08-12 15:05:40,878 | ERROR | Error getting candle data for ESG-EQ: Couldn't parse the JSON response received from the server: b'Access denied because of exceeding access rate'
2026-08-12 15:05:40,900 | INFO | CLOSED SELL on ESG-EQ | Entry: 41.94 | Exit: 42.07 | PnL: -0.13000000000000256
2026-08-12 15:05:43,858 | INFO | OPENED BUY on GREAVESCOT-EQ | LTP: 193.8 | Prob: 80.0%
2026-08-12 15:05:46,074 | ERROR | Error getting candle data for SWSOLAR-EQ: Couldn't parse the JSON response received from the server: b'Access denied because of exceeding access rate'
2026-08-12 15:05:46,095 | INFO | OPENED BUY on SWSOLAR-EQ | LTP: 202.6 | Prob: 80.0%
2026-08-12 15:05:48,282 | INFO | OPENED BUY on AMBUJACEM-EQ | LTP: 422.0 | Prob: 79.0%
2026-08-12 15:05:51,451 | ERROR | Error getting candle data for NPBET-EQ: Couldn't parse the JSON response received from the server: b'Access denied because of exceeding access rate'
2026-08-12 15:05:51,478 | INFO | OPENED SELL on NPBET-EQ | LTP: 282.97 | Prob: 90.0%
2026-08-12 15:05:53,825 | INFO | CLOSED SELL on EKC-EQ | Entry: 112.6 | Exit: 112.98 | PnL: -0.38000000000000966
2026-08-12 15:05:59,437 | ERROR | Error getting candle data for ENIL-EQ: Couldn't parse the JSON response received from the server: b'Access denied because of exceeding access rate'
2026-08-12 15:05:59,479 | INFO | CLOSED SELL on ENIL-EQ | Entry: 101.49 | Exit: 101.31 | PnL: 0.1799999999999926
2026-08-12 15:06:04,540 | ERROR | Error getting candle data for KEC-EQ: Couldn't parse the JSON response received from the server: b'Access denied because of exceeding access rate'
2026-08-12 15:06:07,472 | ERROR | Error getting candle data for MALUPAPER-EQ: Couldn't parse the JSON response received from the server: b'Access denied because of exceeding access rate'
2026-08-12 15:06:13,535 | ERROR | Error getting candle data for BANKADD-EQ: Couldn't parse the JSON response received from the server: b'Access denied because of exceeding access rate'
2026-08-12 15:06:13,577 | INFO | CLOSED SELL on BANKADD-EQ | Entry: 59.01 | Exit: 59.3 | PnL: -0.28999999999999915
2026-08-12 15:06:18,545 | INFO | OPENED SELL on GREENPANEL-EQ | LTP: 176.69 | Prob: 90.0%
2026-08-12 15:06:20,838 | INFO | CLOSED SELL on KUANTUM-EQ | Entry: 85.0 | Exit: 85.07 | PnL: -0.06999999999999318
2026-08-12 15:06:23,218 | INFO | OPENED SELL on CREST-EQ | LTP: 363.9 | Prob: 98.0%
2026-08-12 15:06:26,106 | ERROR | Error getting candle data for IGPL-EQ: Couldn't parse the JSON response received from the server: b'Access denied because of exceeding access rate'
2026-08-12 15:06:44,337 | INFO | Fetched 2486 NSE stocks
2026-08-12 15:06:47,541 | ERROR | Error getting candle data for FINPIPE-EQ: Couldn't parse the JSON response received from the server: b'Access denied because of exceeding access rate'
2026-08-12 15:06:47,562 | INFO | OPENED SELL on FINPIPE-EQ | LTP: 161.3 | Prob: 90.0%
2026-08-12 15:06:52,735 | ERROR | Error getting candle data for KRBL-EQ: Couldn't parse the JSON response received from the server: b'Access denied because of exceeding access rate'
2026-08-12 15:06:55,616 | ERROR | Error getting candle data for SPORTKING-EQ: Couldn't parse the JSON response received from the server: b'Access denied because of exceeding access rate'
2026-08-12 15:06:58,329 | ERROR | Error getting candle data for INDORAMA-EQ: Couldn't parse the JSON response received from the server: b'Access denied because of exceeding access rate'
2026-08-12 15:07:00,417 | ERROR | Error getting candle data for PETRONET-EQ: Couldn't parse the JSON response received from the server: b'Access denied because of exceeding access rate'
2026-08-12 15:07:23,475 | INFO | OPENED SELL on GSEC10IETF-EQ | LTP: 267.0 | Prob: 90.0%
2026-08-12 15:07:29,265 | ERROR | Error getting candle data for COMMOIETF-EQ: Couldn't parse the JSON response received from the server: b'Access denied because of exceeding access rate'
2026-08-12 15:07:29,306 | INFO | CLOSED SELL on COMMOIETF-EQ | Entry: 100.79 | Exit: 100.73 | PnL: 0.060000000000002274
2026-08-12 15:07:32,156 | ERROR | Error getting candle data for KEC-EQ: Couldn't parse the JSON response received from the server: b'Access denied because of exceeding access rate'
2026-08-12 15:07:32,200 | INFO | OPENED SELL on KEC-EQ | LTP: 441.8 | Prob: 96.0%
2026-08-12 15:07:35,161 | INFO | OPENED SELL on MALUPAPER-EQ | LTP: 31.56 | Prob: 96.0%
2026-08-12 15:07:38,086 | ERROR | Error getting candle data for EMAMILTD-EQ: Couldn't parse the JSON response received from the server: b'Access denied because of exceeding access rate'
2026-08-12 15:07:41,014 | ERROR | Error getting candle data for BANKADD-EQ: Couldn't parse the JSON response received from the server: b'Access denied because of exceeding access rate'
2026-08-12 15:07:43,277 | INFO | OPENED SELL on AERONEU-EQ | LTP: 83.53 | Prob: 92.0%
2026-08-12 15:07:46,096 | ERROR | Error getting candle data for GREENPANEL-EQ: Couldn't parse the JSON response received from the server: b'Access denied because of exceeding access rate'
2026-08-12 15:07:48,224 | ERROR | Error getting candle data for KUANTUM-EQ: Couldn't parse the JSON response received from the server: b'Access denied because of exceeding access rate'
2026-08-12 15:07:50,314 | ERROR | Error getting candle data for CREST-EQ: Couldn't parse the JSON response received from the server: b'Access denied because of exceeding access rate'
2026-08-12 15:08:20,743 | INFO | Fetched 2486 NSE stocks
2026-08-12 15:08:29,644 | ERROR | Error getting candle data for NIFTYBETA-EQ: Couldn't parse the JSON response received from the server: b'Access denied because of exceeding access rate'
2026-08-12 15:08:59,294 | ERROR | Error getting candle data for MCLEODRUSS-EQ: Couldn't parse the JSON response received from the server: b'Access denied because of exceeding access rate'
2026-08-12 15:09:21,062 | ERROR | Error getting candle data for GSEC10IETF-EQ: Couldn't parse the JSON response received from the server: b'Access denied because of exceeding access rate'
2026-08-12 15:09:35,281 | ERROR | Error getting candle data for EMAMILTD-EQ: Couldn't parse the JSON response received from the server: b'Access denied because of exceeding access rate'
2026-08-12 15:09:40,514 | ERROR | Error getting candle data for AERONEU-EQ: Couldn't parse the JSON response received from the server: b'Access denied because of exceeding access rate'
2026-08-12 15:09:45,494 | ERROR | Error getting candle data for KUANTUM-EQ: Couldn't parse the JSON response received from the server: b'Access denied because of exceeding access rate'
2026-08-12 15:09:47,622 | ERROR | Error getting candle data for CREST-EQ: Couldn't parse the JSON response received from the server: b'Access denied because of exceeding access rate'
2026-08-12 15:09:50,499 | ERROR | Error getting candle data for IGPL-EQ: Couldn't parse the JSON response received from the server: b'Access denied because of exceeding access rate'
2026-08-12 15:10:05,623 | INFO | Fetched 2486 NSE stocks
2026-08-12 15:10:13,120 | ERROR | Error getting candle data for KRBL-EQ: Couldn't parse the JSON response received from the server: b'Access denied because of exceeding access rate'
2026-08-12 15:10:26,720 | ERROR | Error getting candle data for MCLEODRUSS-EQ: Couldn't parse the JSON response received from the server: b'Access denied because of exceeding access rate'
2026-08-12 15:10:29,623 | ERROR | Error getting candle data for ESG-EQ: Couldn't parse the JSON response received from the server: b'Access denied because of exceeding access rate'
2026-08-12 15:10:41,690 | ERROR | Error getting candle data for EKC-EQ: Couldn't parse the JSON response received from the server: b'Access denied because of exceeding access rate'
2026-08-12 15:10:44,085 | ERROR | Error getting candle data for GSEC10IETF-EQ: Couldn't parse the JSON response received from the server: b'Access denied because of exceeding access rate'
2026-08-12 15:10:47,735 | ERROR | Error getting candle data for ENIL-EQ: Couldn't parse the JSON response received from the server: b'Access denied because of exceeding access rate'
2026-08-12 15:10:50,022 | ERROR | Error getting candle data for COMMOIETF-EQ: Couldn't parse the JSON response received from the server: b'Access denied because of exceeding access rate'
2026-08-12 15:10:52,857 | ERROR | Error getting candle data for KEC-EQ: Couldn't parse the JSON response received from the server: b'Access denied because of exceeding access rate'
2026-08-12 15:10:58,688 | ERROR | Error getting candle data for EMAMILTD-EQ: Couldn't parse the JSON response received from the server: b'Access denied because of exceeding access rate'
2026-08-12 15:11:04,897 | ERROR | Error getting candle data for AERONEU-EQ: Couldn't parse the JSON response received from the server: b'Access denied because of exceeding access rate'
2026-08-12 15:11:07,699 | ERROR | Error getting candle data for GREENPANEL-EQ: Couldn't parse the JSON response received from the server: b'Access denied because of exceeding access rate'
2026-08-12 15:11:12,205 | ERROR | Error getting candle data for CREST-EQ: Couldn't parse the JSON response received from the server: b'Access denied because of exceeding access rate'
2026-08-12 15:11:41,620 | INFO | Fetched 2486 NSE stocks
2026-08-12 15:11:46,564 | ERROR | Error getting candle data for NIFTYBETA-EQ: Couldn't parse the JSON response received from the server: b'Access denied because of exceeding access rate'
2026-08-12 15:11:49,681 | ERROR | Error getting candle data for KRBL-EQ: Couldn't parse the JSON response received from the server: b'Access denied because of exceeding access rate'
2026-08-12 15:11:52,722 | ERROR | Error getting candle data for SPORTKING-EQ: Couldn't parse the JSON response received from the server: b'Access denied because of exceeding access rate'
2026-08-12 15:11:55,849 | ERROR | Error getting candle data for INDORAMA-EQ: Couldn't parse the JSON response received from the server: b'Access denied because of exceeding access rate'
2026-08-12 15:12:04,560 | ERROR | Error getting candle data for MCLEODRUSS-EQ: Couldn't parse the JSON response received from the server: b'Access denied because of exceeding access rate'
2026-08-12 15:12:07,534 | ERROR | Error getting candle data for ESG-EQ: Couldn't parse the JSON response received from the server: b'Access denied because of exceeding access rate'
2026-08-12 15:12:11,302 | ERROR | Error getting candle data for GREAVESCOT-EQ: Couldn't parse the JSON response received from the server: b'Access denied because of exceeding access rate'
2026-08-12 15:12:13,697 | ERROR | Error getting candle data for SWSOLAR-EQ: Couldn't parse the JSON response received from the server: b'Access denied because of exceeding access rate'
2026-08-12 15:12:15,796 | ERROR | Error getting candle data for AMBUJACEM-EQ: Couldn't parse the JSON response received from the server: b'Access denied because of exceeding access rate'
2026-08-12 15:12:26,521 | ERROR | Error getting candle data for ENIL-EQ: Couldn't parse the JSON response received from the server: b'Access denied because of exceeding access rate'
2026-08-12 15:12:28,659 | ERROR | Error getting candle data for COMMOIETF-EQ: Couldn't parse the JSON response received from the server: b'Access denied because of exceeding access rate'
2026-08-12 15:12:31,848 | ERROR | Error getting candle data for KEC-EQ: Couldn't parse the JSON response received from the server: b'Access denied because of exceeding access rate'
2026-08-12 15:12:37,622 | ERROR | Error getting candle data for EMAMILTD-EQ: Couldn't parse the JSON response received from the server: b'Access denied because of exceeding access rate'
2026-08-12 15:12:43,340 | ERROR | Error getting candle data for AERONEU-EQ: Couldn't parse the JSON response received from the server: b'Access denied because of exceeding access rate'
2026-08-12 15:12:50,894 | ERROR | Error getting candle data for CREST-EQ: Couldn't parse the JSON response received from the server: b'Access denied because of exceeding access rate'
2026-08-12 15:12:53,817 | ERROR | Error getting candle data for IGPL-EQ: Couldn't parse the JSON response received from the server: b'Access denied because of exceeding access rate'
2026-08-12 15:13:12,562 | INFO | Fetched 2486 NSE stocks
2026-08-12 15:13:17,676 | ERROR | Error getting candle data for NIFTYBETA-EQ: Couldn't parse the JSON response received from the server: b'Access denied because of exceeding access rate'
2026-08-12 15:13:39,783 | ERROR | Error getting candle data for GREAVESCOT-EQ: Couldn't parse the JSON response received from the server: b'Access denied because of exceeding access rate'
2026-08-12 15:13:45,952 | ERROR | Error getting candle data for AMBUJACEM-EQ: Couldn't parse the JSON response received from the server: b'Access denied because of exceeding access rate'
2026-08-12 15:14:04,197 | ERROR | Error getting candle data for COMMOIETF-EQ: Couldn't parse the JSON response received from the server: b'Access denied because of exceeding access rate'
2026-08-12 15:14:10,926 | ERROR | Error getting candle data for MALUPAPER-EQ: Couldn't parse the JSON response received from the server: b'Access denied because of exceeding access rate'
2026-08-12 15:14:18,820 | ERROR | Error getting candle data for AERONEU-EQ: Couldn't parse the JSON response received from the server: b'Access denied because of exceeding access rate'
2026-08-12 15:14:42,992 | INFO | Fetched 2486 NSE stocks
2026-08-12 15:15:04,462 | ERROR | Error getting candle data for MCLEODRUSS-EQ: Couldn't parse the JSON response received from the server: b'Access denied because of exceeding access rate'
2026-08-12 15:15:19,226 | ERROR | Error getting candle data for EKC-EQ: Couldn't parse the JSON response received from the server: b'Access denied because of exceeding access rate'
2026-08-12 15:15:32,915 | ERROR | Error getting candle data for MALUPAPER-EQ: Couldn't parse the JSON response received from the server: b'Access denied because of exceeding access rate'
2026-08-12 15:15:35,744 | ERROR | Error getting candle data for EMAMILTD-EQ: Couldn't parse the JSON response received from the server: b'Access denied because of exceeding access rate'
2026-08-12 15:15:38,624 | ERROR | Error getting candle data for BANKADD-EQ: Couldn't parse the JSON response received from the server: b'Access denied because of exceeding access rate'
2026-08-12 15:15:40,753 | ERROR | Error getting candle data for AERONEU-EQ: Couldn't parse the JSON response received from the server: b'Access denied because of exceeding access rate'
2026-08-12 15:15:43,601 | ERROR | Error getting candle data for GREENPANEL-EQ: Couldn't parse the JSON response received from the server: b'Access denied because of exceeding access rate'
2026-08-12 15:15:45,765 | ERROR | Error getting candle data for KUANTUM-EQ: Couldn't parse the JSON response received from the server: b'Access denied because of exceeding access rate'
2026-08-12 15:15:50,858 | ERROR | Error getting candle data for IGPL-EQ: Couldn't parse the JSON response received from the server: b'Access denied because of exceeding access rate'
2026-08-12 15:16:10,754 | INFO | Fetched 2486 NSE stocks
2026-08-12 15:16:18,892 | ERROR | Error getting candle data for KRBL-EQ: Couldn't parse the JSON response received from the server: b'Access denied because of exceeding access rate'
2026-08-12 15:16:24,659 | ERROR | Error getting candle data for INDORAMA-EQ: Couldn't parse the JSON response received from the server: b'Access denied because of exceeding access rate'
2026-08-12 15:16:42,888 | ERROR | Error getting candle data for AMBUJACEM-EQ: Couldn't parse the JSON response received from the server: b'Access denied because of exceeding access rate'
2026-08-12 15:16:44,945 | ERROR | Error getting candle data for NPBET-EQ: Couldn't parse the JSON response received from the server: b'Access denied because of exceeding access rate'
2026-08-12 15:16:46,958 | ERROR | Error getting candle data for EKC-EQ: Couldn't parse the JSON response received from the server: b'Access denied because of exceeding access rate'
2026-08-12 15:16:52,334 | ERROR | Error getting candle data for ENIL-EQ: Couldn't parse the JSON response received from the server: b'Access denied because of exceeding access rate'
2026-08-12 15:16:54,407 | ERROR | Error getting candle data for COMMOIETF-EQ: Couldn't parse the JSON response received from the server: b'Access denied because of exceeding access rate'
2026-08-12 15:17:02,703 | ERROR | Error getting candle data for EMAMILTD-EQ: Couldn't parse the JSON response received from the server: b'Access denied because of exceeding access rate'
2026-08-12 15:17:05,350 | ERROR | Error getting candle data for BANKADD-EQ: Couldn't parse the JSON response received from the server: b'Access denied because of exceeding access rate'
2026-08-12 15:17:16,730 | ERROR | Error getting candle data for IGPL-EQ: Couldn't parse the JSON response received from the server: b'Access denied because of exceeding access rate'
2026-08-12 15:17:33,215 | INFO | Fetched 2486 NSE stocks
2026-08-12 15:17:41,706 | ERROR | Error getting candle data for KRBL-EQ: Couldn't parse the JSON response received from the server: b'Access denied because of exceeding access rate'
2026-08-12 15:17:47,161 | ERROR | Error getting candle data for INDORAMA-EQ: Couldn't parse the JSON response received from the server: b'Access denied because of exceeding access rate'
2026-08-12 15:17:55,216 | ERROR | Error getting candle data for MCLEODRUSS-EQ: Couldn't parse the JSON response received from the server: b'Access denied because of exceeding access rate'
2026-08-12 15:18:00,796 | ERROR | Error getting candle data for GREAVESCOT-EQ: Couldn't parse the JSON response received from the server: b'Access denied because of exceeding access rate'
2026-08-12 15:18:10,864 | INFO | OPENED SELL on EKC-EQ | LTP: 112.05 | Prob: 82.0%
2026-08-12 15:18:18,707 | ERROR | Error getting candle data for COMMOIETF-EQ: Couldn't parse the JSON response received from the server: b'Access denied because of exceeding access rate'
2026-08-12 15:18:30,659 | ERROR | Error getting candle data for MALUPAPER-EQ: Couldn't parse the JSON response received from the server: b'Access denied because of exceeding access rate'
2026-08-12 15:18:36,637 | ERROR | Error getting candle data for BANKADD-EQ: Couldn't parse the JSON response received from the server: b'Access denied because of exceeding access rate'
2026-08-12 15:18:39,515 | ERROR | Error getting candle data for AERONEU-EQ: Couldn't parse the JSON response received from the server: b'Access denied because of exceeding access rate'
2026-08-12 15:18:42,644 | ERROR | Error getting candle data for GREENPANEL-EQ: Couldn't parse the JSON response received from the server: b'Access denied because of exceeding access rate'
2026-08-12 15:18:44,796 | ERROR | Error getting candle data for KUANTUM-EQ: Couldn't parse the JSON response received from the server: b'Access denied because of exceeding access rate'
2026-08-12 15:18:46,784 | ERROR | Error getting candle data for CREST-EQ: Couldn't parse the JSON response received from the server: b'Access denied because of exceeding access rate'
2026-08-12 15:19:10,800 | INFO | Fetched 2486 NSE stocks
2026-08-12 15:19:18,639 | ERROR | Error getting candle data for KRBL-EQ: Couldn't parse the JSON response received from the server: b'Access denied because of exceeding access rate'
2026-08-12 15:19:23,664 | ERROR | Error getting candle data for SPORTKING-EQ: Couldn't parse the JSON response received from the server: b'Access denied because of exceeding access rate'
2026-08-12 15:19:35,676 | ERROR | Error getting candle data for MCLEODRUSS-EQ: Couldn't parse the JSON response received from the server: b'Access denied because of exceeding access rate'
2026-08-12 15:19:41,398 | ERROR | Error getting candle data for GREAVESCOT-EQ: Couldn't parse the JSON response received from the server: b'Access denied because of exceeding access rate'
2026-08-12 15:19:43,542 | ERROR | Error getting candle data for SWSOLAR-EQ: Couldn't parse the JSON response received from the server: b'Access denied because of exceeding access rate'
2026-08-12 15:19:45,850 | ERROR | Error getting candle data for AMBUJACEM-EQ: Couldn't parse the JSON response received from the server: b'Access denied because of exceeding access rate'
2026-08-12 15:20:00,614 | ERROR | Error getting candle data for KEC-EQ: Couldn't parse the JSON response received from the server: b'Access denied because of exceeding access rate'
2026-08-12 15:20:07,942 | ERROR | Error getting candle data for EMAMILTD-EQ: Couldn't parse the JSON response received from the server: b'Access denied because of exceeding access rate'
2026-08-12 15:20:11,272 | ERROR | Error getting candle data for BANKADD-EQ: Couldn't parse the JSON response received from the server: b'Access denied because of exceeding access rate'
2026-08-12 15:36:20,757 | ERROR | Error getting candle data for KUANTUM-EQ: Couldn't parse the JSON response received from the server: b'Access denied because of exceeding access rate'
